Sources;finess;raison_sociale;lib_reg;code_reg;cat;del1_c1_den_etbt;del1_c1_etbt;del1_c1_icbas_etbt;del1_c1_ichaut_etbt;peci_hppi_c_den_etbt;peci_hppi_c_etbt;peci_hppi_c_icbas_etbt;peci_hppi_c_ichaut_etbt;surmin_c_den_etbt;surmin_c_etbt;surmin_c_icbas_etbt;surmin_c_ichaut_etbt
2014;010008407;CENTRE HOSPITALIER DU HAUT BUGEY;Rhône Alpes;82;CH;60;88.33;77;95;22;40.91;21;64;60;46.67;34;60
2014;010780054;CENTRE HOSPITALIER BOURG EN BRESSE;Rhône Alpes;82;CH;60;98.33;91;99;40;75;59;87;60;80;68;89
2014;010780062;CENTRE HOSPITALIER DE BELLEY;Rhône Alpes;82;CH;60;93.33;84;98;22;31.82;14;55;60;30;19;43
2014;010780203;CLINIQUE MUTUALISTE - AMBERIEU-EN-B.;Rhône Alpes;82;Privé;60;76.67;64;87;24;29.17;13;51;60;31.67;20;45
2014;020000063;CTRE  HOSP DE SAINT QUENTIN;Picardie;22;CH;60;78.33;66;88;17;70.59;44;90;60;28.33;17;41
2014;020000253;CTRE HOSP DE LAON;Picardie;22;CH;60;46.67;34;60;52;51.92;38;66;60;61.67;48;74
2014;020000261;CTRE HOSP DE SOISSONS;Picardie;22;CH;60;71.67;59;83;60;56.67;43;69;60;65;52;77
2014;020000287;CENTRE HOSPITALIER DE CHAUNY;Picardie;22;CH;60;91.67;82;97;8;50;;;60;33.33;22;47
2014;020004404;CTRE HOSP DE CHATEAU-THIERRY;Picardie;22;CH;60;63.33;50;75;25;44;24;65;60;80;68;89
2014;020010047;POLICLINIQUE ST CLAUDE;Picardie;22;Privé;60;85;73;93;8;62.5;;;60;66.67;53;78
2014;030780092;CTRE HOSPITALIER MOULINS YZEURE;Auvergne;83;CH;60;86.67;75;94;43;93.02;81;99;60;61.67;48;74
2014;030780100;CENTRE HOSPITALIER MONTLUCON;Auvergne;83;CH;60;81.67;70;91;25;72;51;88;60;46.67;34;60
2014;030780118;CENTRE HOSPITALIER VICHY;Auvergne;83;CH;60;96.67;88;99;45;93.33;82;99;60;78.33;66;88
2014;040780215;CH MANOSQUE;PACA;93;CH;60;51.67;38;65;16;50;25;75;60;85;73;93
2014;040788879;CH DIGNE;PACA;93;CH;60;70;57;81;13;38.46;14;68;60;65;52;77
2014;050000116;CH DE BRIANCON;PACA;93;CH;60;81.67;70;91;18;33.33;13;59;60;58.33;45;71
2014;050002948;CHICAS GAP-SISTERON;PACA;93;CH;60;73.33;60;84;16;81.25;54;96;60;71.67;59;83
2014;060780517;POLYCLINIQUE SAINT-JEAN;PACA;93;Privé;60;98.33;91;99;39;76.92;61;89;60;95;86;99
2014;060780715;CLINIQUE SAINT GEORGE;PACA;93;Privé;60;98.33;91;99;24;100;100;100;60;100;100;100
2014;060780756;CLINIQUE SANTA MARIA;PACA;93;Privé;60;88.33;77;95;23;30.43;13;53;60;33.33;22;47
2014;060780897;CH DE GRASSE;PACA;93;CH;60;71.67;59;83;54;64.81;51;77;60;53.33;40;66
2014;060780954;C.H ANTIBES-JUAN LES PINS;PACA;93;CH;60;93.33;84;98;18;88.89;65;99;60;71.67;59;83
2014;060780988;CH DE CANNES;PACA;93;CH;60;80;68;89;44;65.91;50;80;60;66.67;53;78
2014;060785011;C.H.U.  DE  NICE;PACA;93;CHU;60;100;100;100;60;81.67;70;91;60;;;
2014;070002878;CENTRE HOSPITALIER DES VALS D'ARDECHE;Rhône Alpes;82;CH;60;96.67;88;99;0;;;;60;58.33;45;71
2014;070005566;CH D'ARDECHE MERIDIONALE;Rhône Alpes;82;CH;60;88.33;77;95;11;36.36;11;69;60;35;23;48
2014;070780358;CH D'ARDECHE NORD;Rhône Alpes;82;CH;60;75;62;85;30;80;61;92;60;23.33;13;36
2014;070780424;CLINIQUE PASTEUR;Rhône Alpes;82;Privé;60;90;79;96;22;36.36;17;59;60;45;32;58
2014;080000037;CENTRE HOSPITALIER DE SEDAN;Champagne Ardenne;21;CH;60;78.33;66;88;16;56.25;30;80;60;65;52;77
2014;080000615;CH CHARLEVILLE MEZIERES;Champagne Ardenne;21;CH;60;88.33;77;95;47;59.57;44;74;60;75;62;85
2014;090781774;C H I DU VAL D ARIEGE;Midi Pyrénées;73;CH;60;68.33;55;80;29;65.52;46;82;60;66.67;53;78
2014;090781816;CH ARIEGE COUSERANS;Midi Pyrénées;73;CH;60;80;68;89;17;52.94;28;77;60;68.33;55;80
2014;100000017;CENTRE HOSPITALIER DE TROYES;Champagne Ardenne;21;CH;60;78.33;66;88;60;50;37;63;60;88.33;77;95
2014;100002351;CLINIQUE DE CHAMPAGNE - TROYES;Champagne Ardenne;21;Privé;60;96.67;88;99;1;0;;;60;93.33;84;98
2014;100006279;GROUPEMENT HOSPITALIER AUBE MARNE (GHAM);Champagne Ardenne;21;CH;60;90;79;96;0;;;;60;38.33;26;52
2014;110780061;CH CARCASSONNE;Languedoc Roussillon;91;CH;60;68.33;55;80;12;91.67;62;99;60;68.33;55;80
2014;110780137;CH NARBONNE;Languedoc Roussillon;91;CH;60;86.67;75;94;5;80;;;60;31.67;20;45
2014;110780228;POLYCLINIQUE LE LANGUEDOC;Languedoc Roussillon;91;Privé;60;86.67;75;94;8;12.5;;;60;55;42;68
2014;120004528;CENTRE HOSPITALIER DE MILLAU;Midi Pyrénées;73;CH;60;90;79;96;9;66.67;;;60;73.33;60;84
2014;120004619;CENTRE HOSPITALIER EMILE BOREL;Midi Pyrénées;73;CH;60;95;86;99;3;100;;;60;80;68;89
2014;120780044;CH RODEZ;Midi Pyrénées;73;CH;60;78.33;66;88;29;82.76;64;94;60;76.67;64;87
2014;120780069;CH VILLEFRANCHE-DE-ROUERGUE;Midi Pyrénées;73;CH;60;46.67;34;60;17;52.94;28;77;60;30;19;43
2014;120780085;CH DECAZEVILLE;Midi Pyrénées;73;CH;60;100;100;100;3;100;;;60;;;
2014;130008253;CLINIQUE DE VITROLLES;PACA;93;Privé;60;86.67;75;94;23;56.52;34;77;60;45;32;58
2014;130041916;CH DU PAYS D'AIX CHI AIX PERTUIS;PACA;93;CH;60;28.33;17;41;49;63.27;48;77;60;10;4;21
2014;130780521;HOPITAL NORD;PACA;93;CHU;60;56.67;43;69;60;85;73;93;60;38.33;26;52
2014;130781446;CH D'AUBAGNE;PACA;93;CH;60;93.33;84;98;31;93.55;79;99;60;56.67;43;69
2014;130781479;CLINIQUE LA CASAMANCE;PACA;93;Privé;60;85;73;93;3;100;;;60;86.67;75;94
2014;130782634;CH DE SALON;PACA;93;CH;60;91.67;82;97;57;96.49;88;99;60;85;73;93
2014;130783236;HOPITAL DE LA CONCEPTION;PACA;93;CHU;60;90;79;96;60;68.33;55;80;60;85;73;93
2014;130783327;CLINIQUE BOUCHARD;PACA;93;Privé;60;78.33;66;88;35;85.71;70;95;60;96.67;88;99
2014;130784713;CLINIQUE BEAUREGARD;PACA;93;Privé;60;96.67;88;99;60;95;86;99;60;100;100;100
2014;130785512;CH DE LA CIOTAT;PACA;93;CH;60;10;4;21;15;13.33;2;40;60;5;1;14
2014;130785652;HOPITAL SAINT JOSEPH;PACA;93;ESPIC/EBNL;60;100;100;100;60;83.33;71;92;60;78.33;66;88
2014;130786445;ETOILE MATERNITE CATHOLIQUE;PACA;93;ESPIC/EBNL;60;100;100;100;25;68;46;85;60;61.67;48;74
2014;130789274;CH D'ARLES;PACA;93;CH;60;93.33;84;98;17;64.71;38;86;60;53.33;40;66
2014;130789316;CH  DE  MARTIGUES;PACA;93;CH;60;95;86;99;39;82.05;66;93;60;90;79;96
2014;140000035;CENTRE HOSPITALIER DE LISIEUX;Basse Normandie;25;CH;60;71.67;59;83;60;80;68;89;60;45;32;58
2014;140000092;CENTRE HOSPITALIER DE BAYEUX;Basse Normandie;25;CH;60;100;100;100;23;86.96;66;97;60;73.33;60;84
2014;140000100;CHU COTE DE NACRE CAEN;Basse Normandie;25;CHU;60;98.33;91;99;60;91.67;82;97;60;93.33;84;98
2014;140000118;CENTRE HOSPITALIER DE FALAISE;Basse Normandie;25;CH;60;90;79;96;8;62.5;;;60;70;57;81
2014;140016759;POLYCLINIQUE DU PARC;Basse Normandie;25;Privé;60;98.33;91;99;17;58.82;33;82;60;88.33;77;95
2014;150780088;CENTRE HOSPITALIER ST-FLOUR;Auvergne;83;CH;60;93.33;84;98;16;93.75;70;99;60;73.33;60;84
2014;150780096;C.H. HENRI MONDOR AURILLAC;Auvergne;83;CH;60;90;79;96;40;95;83;99;60;35;23;48
2014;160000451;CENTRE HOSPITALIER  ANGOULEME;Poitou Charentes;54;CH;60;83.33;71;92;60;83.33;71;92;60;90;79;96
2014;160013207;CENTRE CLINICAL;Poitou Charentes;54;Privé;60;85;73;93;15;73.33;45;92;60;50;37;63
2014;160014411;CTRE HOSP INTERCOMM DU PAYS DE COGNAC;Poitou Charentes;54;CH;60;40;28;53;31;77.42;59;90;60;83.33;71;92
2014;170023279;GROUPE HOSP. DE LA ROCHELLE-RE-AUNIS;Poitou Charentes;54;CH;60;95;86;99;49;57.14;42;71;60;35;23;48
2014;170780167;CENTRE HOSPITALIER DE SAINT-JEAN-D'ANGELY;Poitou Charentes;54;CH;60;88.33;77;95;0;;;;60;50;37;63
2014;170780175;CENTRE HOSPITALIER  DE SAINTES (ST LOUIS);Poitou Charentes;54;CH;60;91.67;82;97;17;82.35;57;96;60;65;52;77
2014;170780225;C. H. ROCHEFORT-SUR-MER;Poitou Charentes;54;CH;60;60;47;72;11;63.64;31;89;60;21.67;12;34
2014;170780613;SA CLINIQUE DU MAIL;Poitou Charentes;54;Privé;60;88.33;77;95;4;50;;;60;56.67;43;69
2014;180000028;C. H. J. COEUR  BOURGES;Centre;24;CH;60;81.67;70;91;52;84.62;72;93;60;36.67;25;50
2014;180000051;C. H. VIERZON;Centre;24;CH;60;78.33;66;88;12;58.33;28;85;60;58.33;45;71
2014;180000069;C. H. ST AMAND MONTROND;Centre;24;CH;60;95;86;99;14;42.86;18;71;60;66.67;53;78
2014;180004145;HOPITAL PRIVE GUILLAUME DE VARYE;Centre;24;Privé;60;86.67;75;94;5;80;;;60;71.67;59;83
2014;190000042;CENTRE HOSPITALIER  BRIVE;Limousin;74;CH;60;66.67;53;78;15;66.67;38;88;60;85;73;93
2014;190000059;CENTRE HOSPITALIER  TULLE;Limousin;74;CH;60;80;68;89;12;83.33;52;98;60;86.67;75;94
2014;190000075;CENTRE HOSPITALIER  USSEL;Limousin;74;CH;60;81.67;70;91;12;83.33;52;98;60;48.33;35;62
2014;190000257;"CLINIQUE ""SAINT-GERMAIN""  BRIVE";Limousin;74;Privé;60;76.67;64;87;12;100;100;100;60;91.67;82;97
2014;200200145;POLYCLINIQUE LA RESIDENCE;Corse;94;Privé;60;86.67;75;94;7;42.86;;;60;83.33;71;92
2014;210780110;CLINIQUE SAINTE MARTHE;Bourgogne;26;Privé;60;71.67;59;83;17;;;;60;50;37;63
2014;210780581;C.H.U. DE DIJON;Bourgogne;26;CHU;60;93.33;84;98;60;43.33;31;57;60;71.67;59;83
2014;210780706;CENTRE HOSPITALIER ROBERT MORLEVAT SEMUR EN AUXOIS;Bourgogne;26;CH;60;86.67;75;94;16;87.5;62;99;60;85;73;93
2014;210780714;CENTRE HOSPITALIER DE BEAUNE;Bourgogne;26;CH;60;95;86;99;19;94.74;74;99;60;46.67;34;60
2014;220000020;CENTRE HOSPITALIER ST BRIEUC;Bretagne;53;CH;60;73.33;60;84;30;43.33;25;63;60;68.33;55;80
2014;220000046;CENTRE HOSPITALIER RENÉ PLÉVEN DINAN;Bretagne;53;CH;60;96.67;88;99;52;90.38;79;97;60;90;79;96
2014;220000079;CENTRE HOSPITALIER GUINGAMP;Bretagne;53;CH;60;85;73;93;9;33.33;;;60;75;62;85
2014;220000103;CENTRE HOSPITALIER LANNION;Bretagne;53;CH;60;95;86;99;24;62.5;41;81;60;46.67;34;60
2014;220000301;CHP ST-BRIEUC - SITE STE-THERESE;Bretagne;53;Privé;60;91.67;82;97;29;55.17;36;74;60;80;68;89
2014;230780041;CENTRE HOSPITALIER  GUERET;Limousin;74;CH;60;61.67;48;74;13;53.85;25;81;60;10;4;21
2014;240000059;CTRE HOSPITALIER BERGERAC;Aquitaine;72;CH;60;85;73;93;12;50;21;79;60;48.33;35;62
2014;240000117;CENTRE HOSPITALIER PERIGUEUX;Aquitaine;72;CH;60;85;73;93;60;60;47;72;60;83.33;71;92
2014;240000448;CENTRE HOSPITALIER JEAN LECLAIRE;Aquitaine;72;CH;60;91.67;82;97;3;100;;;60;53.33;40;66
2014;250000015;CHU BESANCON;Franche Comté;43;CHU;60;100;100;100;60;95;86;99;60;100;100;100
2014;250000452;CHI DE HAUTE-COMTÉ;Franche Comté;43;CH;60;93.33;84;98;57;85.96;74;94;60;83.33;71;92
2014;250011723;CLINIQUE DE MONTBÉLIARD;Franche Comté;43;Privé;60;95;86;99;4;75;;;60;78.33;66;88
2014;250011848;POLYCLINIQUE DE FRANCHE COMTE;Franche Comté;43;Privé;60;91.67;82;97;52;80.77;67;90;60;95;86;99
2014;260000021;CENTRE HOSPITALIER DE VALENCE;Rhône Alpes;82;CH;60;88.33;77;95;60;66.67;53;78;60;81.67;70;91
2014;260000047;CENTRE HOSPITALIER MONTELIMAR;Rhône Alpes;82;CH;60;63.33;50;75;60;80;68;89;60;58.33;45;71
2014;260000104;CENTRE HOSPITALIER DE DIE;Rhône Alpes;82;CH;60;98.33;91;99;1;0;;;60;26.67;16;40
2014;260016910;HOPITAUX DROME NORD;Rhône Alpes;82;CH;60;88.33;77;95;27;59.26;39;78;60;76.67;64;87
2014;270000060;CENTRE HOSPITALIER DE BERNAY;Haute Normandie;23;CH;60;96.67;88;99;6;50;;;60;51.67;38;65
2014;270000086;CENTRE HOSPITALIER DE GISORS;Haute Normandie;23;CH;60;11.67;5;23;2;0;;;60;83.33;71;92
2014;270023724;CHI EURE SEINE HÔPITAUX EVREUX-VERNON;Haute Normandie;23;CH;60;63.33;50;75;48;72.92;58;85;60;80;68;89
2014;280000134;CH CHARTRES;Centre;24;CH;60;73.33;60;84;35;97.14;85;99;60;95;86;99
2014;280000183;"C.H. ""VICTOR JOUSSELIN""";Centre;24;CH;60;85;73;93;50;66;51;79;60;63.33;50;75
2014;280500075;C.H. DE CHATEAUDUN;Centre;24;CH;60;76.67;64;87;8;75;;;60;71.67;59;83
2014;290000017;C.H.U.  BREST;Bretagne;53;CHU;60;95;86;99;60;95;86;99;60;73.33;60;84
2014;290000041;CENTRE HOSPITALIER FERDINAND GRALL LANDERNEAU;Bretagne;53;CH;60;86.67;75;94;23;52.17;31;73;60;81.67;70;91
2014;290019777;POLYCLINIQUE DE KERAUDREN;Bretagne;53;Privé;60;75;62;85;14;71.43;42;92;60;31.67;20;45
2014;290020700;CENTRE HOSPITALIER INTERCOMMUNAL DE CORNOUAILLE QU;Bretagne;53;CH;60;95;86;99;60;73.33;60;84;60;63.33;50;75
2014;290021542;CENTRE HOSPITALIER DES PAYS DE MORLAIX;Bretagne;53;CH;60;86.67;75;94;24;79.17;58;93;60;55;42;68
2014;2A0000014;CENTRE HOSPITALIER GAL D'AJACCIO;Corse;94;CH;60;90;79;96;19;78.95;54;94;60;71.67;59;83
2014;2A0000154;CLINIQUE DU SUD DE LA CORSE;Corse;94;Privé;60;66.67;53;78;3;0;;;60;66.67;53;78
2014;2B0000020;CENTRE HOSPITALIER BASTIA;Corse;94;CH;60;93.33;84;98;38;42.11;26;59;60;60;47;72
2014;300780038;CHU NIMES;Languedoc Roussillon;91;CHU;60;96.67;88;99;60;85;73;93;60;50;37;63
2014;300780046;CH ALES;Languedoc Roussillon;91;CH;60;78.33;66;88;29;44.83;26;64;60;31.67;20;45
2014;300780053;CH BAGNOLS SUR CEZE;Languedoc Roussillon;91;CH;60;100;100;100;27;85.19;66;96;60;53.33;40;66
2014;300781465;CLINIQUE KENNEDY;Languedoc Roussillon;91;Privé;60;96.67;88;99;21;66.67;43;85;60;75;62;85
2014;300788502;POLYCLINIQUE DU GRAND SUD;Languedoc Roussillon;91;Privé;60;88.33;77;95;29;55.17;36;74;60;68.33;55;80
2014;310780101;CLINIQUE SAINT JEAN LANGUEDOC;Midi Pyrénées;73;Privé;60;81.67;70;91;5;0;;;60;86.67;75;94
2014;310780135;CLINIQUE SARRUS-TEINTURIERS;Midi Pyrénées;73;Privé;60;100;100;100;60;95;86;99;60;100;100;100
2014;310780283;NOUVELLE CLINIQUE DE L'UNION;Midi Pyrénées;73;Privé;60;78.33;66;88;46;47.83;33;63;60;81.67;70;91
2014;310780382;CLINIQUE AMBROISE PARE;Midi Pyrénées;73;Privé;60;65;52;77;38;10.53;3;25;60;68.33;55;80
2014;310780671;CH SAINT-GAUDENS;Midi Pyrénées;73;CH;60;96.67;88;99;26;73.08;52;88;60;56.67;43;69
2014;310781067;HOPITAL JOSEPH DUCUING;Midi Pyrénées;73;ESPIC/EBNL;60;96.67;88;99;60;73.33;60;84;60;51.67;38;65
2014;310781406;CHR TOULOUSE;Midi Pyrénées;73;CHU;60;88.33;77;95;60;96.67;88;99;60;100;100;100
2014;310781505;CLINIQUE D'OCCITANIE;Midi Pyrénées;73;Privé;60;76.67;64;87;0;;;;60;75;62;85
2014;320780117;CH AUCH;Midi Pyrénées;73;CH;60;85;73;93;18;72.22;46;90;60;65;52;77
2014;330000340;M.S.P.B. BAGATELLE;Aquitaine;72;ESPIC/EBNL;60;100;100;100;60;83.33;71;92;60;35;23;48
2014;330027509;CTRE HOSP INTERCOMMUNAL SUD GIRONDE;Aquitaine;72;CH;60;95;86;99;45;75.56;60;87;60;41.67;29;55
2014;330780263;POLYCLINIQUE BORDEAUX RIVE DROITE;Aquitaine;72;Privé;60;76.67;64;87;27;88.89;71;98;60;76.67;64;87
2014;330780479;POLYCLINIQUE BX-NORD AQUITAINE;Aquitaine;72;Privé;60;40;28;53;13;53.85;25;81;60;73.33;60;84
2014;330780495;CLINIQUE MUTUALISTE DU MEDOC;Aquitaine;72;ESPIC/EBNL;60;66.67;53;78;2;50;;;60;56.67;43;69
2014;330780503;POLYCLINIQUE SAINT MARTIN;Aquitaine;72;Privé;60;91.67;82;97;22;86.36;65;97;60;65;52;77
2014;330780537;CLINIQUE WALLERSTEIN;Aquitaine;72;ESPIC/EBNL;60;100;100;100;2;100;;;60;100;100;100
2014;330781196;C.H.U. DE BORDEAUX;Aquitaine;72;CHU;60;91.67;82;97;60;66.67;53;78;60;31.67;20;45
2014;330781204;CENTRE HOSPITALIER D'ARCACHON;Aquitaine;72;CH;60;95;86;99;19;78.95;54;94;60;90;79;96
2014;330781220;CH DE LA HAUTE GIRONDE;Aquitaine;72;CH;60;98.33;91;99;13;61.54;32;86;60;58.33;45;71
2014;330781253;CENTRE HOSPITALIER DE LIBOURNE;Aquitaine;72;CH;60;95;86;99;27;66.67;46;84;60;81.67;70;91
2014;330782582;POLYCLINIQUE JEAN VILLAR;Aquitaine;72;Privé;60;83.33;71;92;17;88.24;64;99;60;21.67;12;34
2014;340009885;POLYCLINIQUE CHAMPEAU;Languedoc Roussillon;91;Privé;60;95;86;99;7;0;;;60;95;86;99
2014;340011295;LES HOPITAUX DU BASSIN DE THAU;Languedoc Roussillon;91;CH;60;76.67;64;87;13;61.54;32;86;60;68.33;55;80
2014;340780055;CH BEZIERS;Languedoc Roussillon;91;CH;60;58.33;45;71;30;63.33;44;80;60;40;28;53
2014;340780477;CHU MONTPELLIER;Languedoc Roussillon;91;CHU;60;91.67;82;97;60;81.67;70;91;60;60;47;72
2014;340780675;CLINIQUE CLEMENTVILLE;Languedoc Roussillon;91;Privé;60;98.33;91;99;41;87.8;74;96;60;100;100;100
2014;340780683;POLYCLINIQUE SAINT ROCH;Languedoc Roussillon;91;Privé;60;96.67;88;99;41;78.05;62;89;60;100;100;100
2014;340780717;CLINIQUE SAINT- LOUIS;Languedoc Roussillon;91;Privé;60;75;62;85;12;91.67;62;99;60;70;57;81
2014;340780741;POLYCLINIQUE SAINTE THERESE;Languedoc Roussillon;91;Privé;60;100;100;100;5;80;;;60;85;73;93
2014;350000022;CENTRE HOSPITALIER ST MALO;Bretagne;53;CH;60;58.33;45;71;26;42.31;23;63;60;61.67;48;74
2014;350000030;CENTRE HOSPITALIER FOUGERES;Bretagne;53;CH;60;78.33;66;88;20;85;62;97;60;55;42;68
2014;350000048;CENTRE HOSPITALIER REDON;Bretagne;53;CH;60;78.33;66;88;30;40;23;59;60;45;32;58
2014;350000055;CENTRE HOSPITALIER VITRE;Bretagne;53;CH;60;86.67;75;94;32;87.5;71;97;60;46.67;34;60
2014;350000121;CHP ST-GREGOIRE;Bretagne;53;Privé;60;85;73;93;59;72.88;60;84;60;21.67;12;34
2014;350000139;CLINIQUE MUTUALISTE LA SAGESSE RENNES;Bretagne;53;ESPIC/EBNL;60;70;57;81;60;73.33;60;84;60;80;68;89
2014;350005179;CHRU DE RENNES;Bretagne;53;CHU;60;90;79;96;60;88.33;77;95;60;75;62;85
2014;360000053;C.H. DE CHATEAUROUX;Centre;24;CH;60;93.33;84;98;11;54.55;23;83;60;41.67;29;55
2014;360000079;C H  LE BLANC;Centre;24;CH;60;25;15;38;2;0;;;60;60;47;72
2014;370000481;C.H.U. DE TOURS;Centre;24;CHU;60;91.67;82;97;60;75;62;85;60;60;47;72
2014;370000606;C H  CHINONAIS;Centre;24;CH;60;80;68;89;42;73.81;58;86;60;88.33;77;95
2014;370007569;PÔLE SANTÉ LÉONARD DE VINCI;Centre;24;Privé;60;91.67;82;97;18;72.22;46;90;60;75;62;85
2014;380012658;GROUPE HOSPIT. MUTUALISTE DE GRENOBLE;Rhône Alpes;82;ESPIC/EBNL;60;88.33;77;95;56;75;62;86;60;93.33;84;98
2014;380780049;CENTRE HOSPITALIER  BOURGOIN JALLIEU;Rhône Alpes;82;CH;60;98.33;91;99;57;80.7;68;90;60;60;47;72
2014;380780080;CHU GRENOBLE;Rhône Alpes;82;CHU;60;88.33;77;95;60;88.33;77;95;60;75;62;85
2014;380780197;CLINIQUE SAINT VINCENT DE PAUL;Rhône Alpes;82;Privé;60;95;86;99;50;66;51;79;60;78.33;66;88
2014;380781435;CENTRE HOSPITALIER DE VIENNE;Rhône Alpes;82;CH;60;91.67;82;97;60;68.33;55;80;60;78.33;66;88
2014;380784751;CENTRE HOSPITALIER VOIRON;Rhône Alpes;82;CH;60;91.67;82;97;47;70.21;55;83;60;58.33;45;71
2014;380785956;CLINIQUE DES CEDRES;Rhône Alpes;82;Privé;60;98.33;91;99;18;83.33;59;96;60;76.67;64;87
2014;380786442;CLINIQUE BELLEDONNE;Rhône Alpes;82;Privé;60;95;86;99;60;68.33;55;80;60;26.67;16;40
2014;390780146;CH LONS;Franche Comté;43;CH;60;100;100;100;30;83.33;65;94;60;25;15;38
2014;390780161;CH ST CLAUDE;Franche Comté;43;CH;60;95;86;99;9;22.22;;;60;55;42;68
2014;390780609;CH PASTEUR DOLE;Franche Comté;43;CH;60;90;79;96;40;67.5;51;81;60;75;62;85
2014;400011177;CH DE MONT DE MARSAN;Aquitaine;72;CH;60;76.67;64;87;36;88.89;74;97;60;65;52;77
2014;400780193;CENTRE HOSPITALIER DAX;Aquitaine;72;CH;60;71.67;59;83;24;50;29;71;60;30;19;43
2014;410000087;C. H. DE BLOIS;Centre;24;CH;60;83.33;71;92;60;78.33;66;88;60;45;32;58
2014;410000103;C. H. ROMORANTIN LANTHENAY;Centre;24;CH;60;76.67;64;87;42;54.76;39;70;60;85;73;93
2014;410000202;POLYCLINIQUE DE BLOIS;Centre;24;Privé;60;80;68;89;22;77.27;55;92;60;61.67;48;74
2014;410004998;CLINIQUE DU SAINT COEUR;Centre;24;Privé;60;95;86;99;20;80;56;94;60;91.67;82;97
2014;420002495;HOPITAL DU GIER;Rhône Alpes;82;CH;60;88.33;77;95;25;60;39;79;60;71.67;59;83
2014;420011413;CHPL;Rhône Alpes;82;Privé;60;85;73;93;20;55;32;77;60;73.33;60;84
2014;420013831;CENTRE HOSPITALIER DU FOREZ;Rhône Alpes;82;CH;60;88.33;77;95;17;88.24;64;99;60;83.33;71;92
2014;420780033;CENTRE HOSPITALIER DE ROANNE;Rhône Alpes;82;CH;60;90;79;96;44;75;60;87;60;43.33;31;57
2014;420780652;CENTRE HOSPITALIER DE FIRMINY;Rhône Alpes;82;CH;60;95;86;99;60;70;57;81;60;48.33;35;62
2014;420784878;CHU SAINT ETIENNE;Rhône Alpes;82;CHU;60;78.33;66;88;60;93.33;84;98;60;68.33;55;80
2014;430000018;C.H. EMILE ROUX LE PUY;Auvergne;83;CH;60;100;100;100;32;71.88;53;86;60;65;52;77
2014;440000057;CENTRE HOSPITALIER   ST-NAZAIRE;Pays de la Loire;52;CH;60;85;73;93;57;87.72;76;95;60;60;47;72
2014;440000289;C.H.U. DE NANTES;Pays de la Loire;52;CHU;60;93.33;84;98;60;73.33;60;84;60;70;57;81
2014;440000297;CENTRE HOSPITALIER ANCENIS;Pays de la Loire;52;CH;60;43.33;31;57;26;57.69;37;77;60;80;68;89
2014;440000313;CENTRE HOSPITALIER CHATEAUBRIANT;Pays de la Loire;52;CH;60;93.33;84;98;12;58.33;28;85;60;78.33;66;88
2014;440000412;CLINIQUE BRETECHE VIAUD;Pays de la Loire;52;Privé;60;73.33;60;84;28;67.86;48;84;60;80;68;89
2014;440029338;CLINIQUE MUTUALISTE JULES VERNE;Pays de la Loire;52;ESPIC/EBNL;60;70;57;81;60;83.33;71;92;60;1.67;0;9
2014;440033819;POLYCLINIQUE DE L'ATLANTIQUE;Pays de la Loire;52;Privé;60;95;86;99;60;81.67;70;91;60;85;73;93
2014;450000088;C.H.R. ORLEANS;Centre;24;CHU;60;76.67;64;87;60;70;57;81;60;63.33;50;75
2014;450000096;"C.H. "" P. DEZARNAULD"" DE GIEN";Centre;24;CH;60;78.33;66;88;0;;;;60;6.67;2;16
2014;450000104;C.H. AGGLOMERATION MONTARGOISE;Centre;24;CH;60;51.67;38;65;60;70;57;81;60;28.33;17;41
2014;450000112;C.H. DE PITHIVIERS;Centre;24;CH;60;76.67;64;87;11;45.45;17;77;60;40;28;53
2014;450010079;"POLYCLINIQUE ""LONGUES ALLEES""";Centre;24;Privé;60;96.67;88;99;7;85.71;;;60;98.33;91;99
2014;460780216;CH CAHORS;Midi Pyrénées;73;CH;60;95;86;99;36;88.89;74;97;60;80;68;89
2014;470000027;CLINIQUE ESQUIROL - SAINT-HILAIRE;Aquitaine;72;Privé;60;93.33;84;98;12;33.33;10;65;60;81.67;70;91
2014;470000316;CENTRE HOSPITALIER AGEN;Aquitaine;72;CH;60;76.67;64;87;11;54.55;23;83;60;71.67;59;83
2014;470000324;C. H. SAINT CYR VILLENEUVE/LOT;Aquitaine;72;CH;60;68.33;55;80;22;45.45;24;68;60;61.67;48;74
2014;470001660;CH MARMANDE TONNEINS;Aquitaine;72;CH;60;86.67;75;94;24;75;53;90;60;61.67;48;74
2014;480780097;CH MENDE;Languedoc Roussillon;91;CH;60;91.67;82;97;22;31.82;14;55;60;56.67;43;69
2014;490000031;C.H.R.U.    ANGERS;Pays de la Loire;52;CHU;60;91.67;82;97;60;98.33;91;99;60;56.67;43;69
2014;490000676;CENTRE HOSPITALIER CHOLET;Pays de la Loire;52;CH;60;96.67;88;99;60;81.67;70;91;60;65;52;77
2014;490002037;SA POLYCLINIQUE DU PARC;Pays de la Loire;52;Privé;60;80;68;89;6;50;;;60;55;42;68
2014;490014909;CLINIQUE DE L'ANJOU;Pays de la Loire;52;Privé;60;38.33;26;52;39;69.23;52;83;60;33.33;22;47
2014;490528452;CENTRE HOSPITALIER SAUMUR;Pays de la Loire;52;CH;60;83.33;71;92;48;87.5;75;95;60;85;73;93
2014;500000013;CENTRE HOSPITALIER PUBLIC DU COTENTIN;Basse Normandie;25;CH;60;98.33;91;99;35;94.29;81;99;60;33.33;22;47
2014;500000054;CH AVRANCHES GRANVILLE;Basse Normandie;25;CH;60;96.67;88;99;34;85.29;69;95;60;23.33;13;36
2014;500000112;HOPITAL MEMORIAL ST LO;Basse Normandie;25;CH;60;83.33;71;92;23;65.22;43;84;60;71.67;59;83
2014;500000401;CLINIQUE DR. H. GUILLARD;Basse Normandie;25;Privé;60;91.67;82;97;16;56.25;30;80;60;78.33;66;88
2014;510000029;CHR DE REIMS;Champagne Ardenne;21;CHU;60;91.67;82;97;60;90;79;96;60;81.67;70;91
2014;510000037;CH CHALONS EN CHAMPAGNE;Champagne Ardenne;21;CH;60;95;86;99;37;62.16;45;78;60;71.67;59;83
2014;510000185;POLYCLINIQUE COURLANCY - REIMS;Champagne Ardenne;21;Privé;60;93.33;84;98;54;66.67;52;79;60;43.33;31;57
2014;510000193;POLYCLINIQUE SAINT-ANDRE;Champagne Ardenne;21;Privé;60;88.33;77;95;41;68.29;52;82;60;76.67;64;87
2014;510024300;GCS MATERNITE EPERNAY;Champagne Ardenne;21;ESPIC/EBNL;60;95;86;99;6;66.67;;;60;73.33;60;84
2014;520780032;CENTRE HOSPITALIER DE CHAUMONT;Champagne Ardenne;21;CH;60;93.33;84;98;22;86.36;65;97;60;86.67;75;94
2014;520780057;CENTRE HOSPITALIER DE LANGRES;Champagne Ardenne;21;CH;60;86.67;75;94;11;81.82;48;98;60;70;57;81
2014;520780073;CENTRE HOSPITALIER DE ST DIZIER;Champagne Ardenne;21;CH;60;86.67;75;94;20;70;46;88;60;80;68;89
2014;530000025;CH INTERCOMMUNAL DU HAUT-ANJOU;Pays de la Loire;52;CH;60;85;73;93;28;92.86;76;99;60;55;42;68
2014;530000074;CENTRE HOSPITALIER  NORD-MAYENNE;Pays de la Loire;52;CH;60;96.67;88;99;33;75.76;58;89;60;71.67;59;83
2014;530000371;CENTRE HOSPITALIER  LAVAL;Pays de la Loire;52;CH;60;78.33;66;88;37;70.27;53;84;60;55;42;68
2014;540000049;CENTRE HOSPITALIER - TOUL;Lorraine;41;CH;60;41.67;29;55;14;57.14;29;82;60;46.67;34;60
2014;540000080;CENTRE HOSPITALIER - LUNEVILLE;Lorraine;41;CH;60;90;79;96;11;54.55;23;83;60;76.67;64;87
2014;540000767;CENTRE HOSPITALIER - BRIEY;Lorraine;41;CH;60;100;100;100;52;57.69;43;71;60;78.33;66;88
2014;540001096;CH DE MT ST MARTIN ( ALPHA SANTE );Lorraine;41;ESPIC/EBNL;60;33.33;22;47;8;75;;;60;93.33;84;98
2014;540013224;POLYCLINIQUE MAJORELLE;Lorraine;41;Privé;60;90;79;96;58;44.83;32;58;60;26.67;16;40
2014;540023264;C.H.U. DE NANCY;Lorraine;41;CHU;60;98.33;91;99;60;86.67;75;94;60;66.67;53;78
2014;550003354;CENTRE HOSPITALIER - BAR LE DUC;Lorraine;41;CH;60;75;62;85;29;58.62;39;77;60;6.67;2;16
2014;550006795;CENTRE HOSPITALIER VERDUN/SAINT MIHIEL;Lorraine;41;CH;60;95;86;99;40;97.5;87;99;60;80;68;89
2014;560000044;CENTRE HOSPITALIER PLOERMEL;Bretagne;53;CH;60;95;86;99;21;85.71;64;97;60;78.33;66;88
2014;560005746;CENTRE HOSPITALIER BRETAGNE SUD LORIENT;Bretagne;53;CH;60;90;79;96;60;70;57;81;60;56.67;43;69
2014;560008799;CLINIQUE OCEANE;Bretagne;53;Privé;60;66.67;53;78;27;81.48;62;94;60;46.67;34;60
2014;560014748;CENTRE HOSPITALIER DU CENTRE BRETAGNE;Bretagne;53;CH;60;35;23;48;28;82.14;63;94;60;65;52;77
2014;560023210;CENTRE HOSPITALIER BRETAGNE ATLANTIQUE VANNES;Bretagne;53;CH;60;88.33;77;95;60;65;52;77;60;48.33;35;62
2014;570000083;CLINIQUE SAINT NABOR;Lorraine;41;Privé;60;98.33;91;99;27;62.96;42;81;60;18.33;9;30
2014;570000158;CENTRE HOSPITALIER ROBERT PAX;Lorraine;41;CH;60;85;73;93;14;92.86;66;99;60;83.33;71;92
2014;570000646;HOPITAL CLINIQUE CLAUDE BERNARD;Lorraine;41;Privé;60;80;68;89;43;72.09;56;85;60;43.33;31;57
2014;570005165;C. H. R. - METZ THIONVILLE;Lorraine;41;CHU;60;88.33;77;95;60;86.67;75;94;60;80;68;89
2014;570015099;CENTRE HOSPITALIER - SARREBOURG;Lorraine;41;CH;60;98.33;91;99;19;57.89;33;80;60;78.33;66;88
2014;570025254;CENTRE HOSPITALIER INTERCOMMUNAL UNISANTE;Lorraine;41;CH;60;95;86;99;21;80.95;58;95;60;70;57;81
2014;580780039;C.H. DE L'AGGLOMÉRATION DE NEVERS;Bourgogne;26;CH;60;93.33;84;98;21;57.14;34;78;60;38.33;26;52
2014;580780195;CLINIQUE DE COSNE-SUR-LOIRE;Bourgogne;26;Privé;60;88.33;77;95;7;57.14;;;60;0;0;0
2014;590052056;GCS GHICL CLINIQUE STE MARIE;Nord Pas de Calais;31;ESPIC/EBNL;60;88.33;77;95;23;78.26;56;93;60;96.67;88;99
2014;590780193;C.H.R.U. DE LILLE;Nord Pas de Calais;31;CHU;60;95;86;99;60;85;73;93;60;75;62;85
2014;590780227;HÔPITAL DE SECLIN;Nord Pas de Calais;31;CH;60;83.33;71;92;60;85;73;93;60;15;7;27
2014;590780268;POLYCLINIQUE DU BOIS;Nord Pas de Calais;31;Privé;60;78.33;66;88;8;100;;;60;48.33;35;62
2014;590781415;CENTRE HOSPITALIER DE DUNKERQUE;Nord Pas de Calais;31;CH;60;85;73;93;59;76.27;63;86;60;73.33;60;84
2014;590781605;CENTRE HOSPITALIER DE CAMBRAI;Nord Pas de Calais;31;CH;60;90;79;96;13;69.23;39;91;60;51.67;38;65
2014;590781621;CENTRE HOSPITALIER DE LE CATEAU;Nord Pas de Calais;31;CH;60;91.67;82;97;14;50;23;77;60;20;11;32
2014;590781662;CENTRE HOSPITALIER DE FOURMIES;Nord Pas de Calais;31;CH;60;86.67;75;94;12;50;21;79;60;71.67;59;83
2014;590781803;CTRE HOSPITALIER SAMBRE-AVESNOIS;Nord Pas de Calais;31;CH;60;76.67;64;87;15;53.33;27;79;60;56.67;43;69
2014;590781902;CENTRE HOSPITALIER DE TOURCOING;Nord Pas de Calais;31;CH;60;81.67;70;91;60;81.67;70;91;60;;;
2014;590782165;CENTRE HOSPITALIER DE DENAIN;Nord Pas de Calais;31;CH;60;73.33;60;84;23;69.57;47;87;60;71.67;59;83
2014;590782215;CENTRE HOSPITALIER VALENCIENNES;Nord Pas de Calais;31;CH;60;96.67;88;99;60;86.67;75;94;60;75;62;85
2014;590782298;CLINIQUE DU PARC;Nord Pas de Calais;31;Privé;60;75;62;85;13;69.23;39;91;60;66.67;53;78
2014;590782421;CENTRE HOSPITALIER DE ROUBAIX;Nord Pas de Calais;31;CH;60;81.67;70;91;60;75;62;85;60;51.67;38;65
2014;590782553;SA CLINIQUE DU PARC;Nord Pas de Calais;31;Privé;60;88.33;77;95;34;79.41;62;91;60;76.67;64;87
2014;590782637;CENTRE HOSPITALIER ARMENTIERES;Nord Pas de Calais;31;CH;60;98.33;91;99;60;88.33;77;95;60;41.67;29;55
2014;590782652;CENTRE HOSPITALIER D'HAZEBROUCK;Nord Pas de Calais;31;CH;60;91.67;82;97;23;73.91;52;90;60;38.33;26;52
2014;590783239;CENTRE HOSPITALIER DE DOUAI;Nord Pas de Calais;31;CH;60;95;86;99;17;100;100;100;60;96.67;88;99
2014;590797353;ES SAINT VINCENT DE PAUL - LILLE;Nord Pas de Calais;31;ESPIC/EBNL;60;95;86;99;50;88;76;96;60;78.33;66;88
2014;590813382;S.A NOUVELLE CLINIQUE VILLETTE;Nord Pas de Calais;31;Privé;60;91.67;82;97;14;92.86;66;99;60;76.67;64;87
2014;590813507;POLYCLINIQUE VAL DE SAMBRE;Nord Pas de Calais;31;Privé;60;90;79;96;10;30;7;65;60;28.33;17;41
2014;590816310;CLINIQUE ST AME;Nord Pas de Calais;31;Privé;60;98.33;91;99;7;85.71;;;60;86.67;75;94
2014;590817839;POLYCLINIQUE DU VAL DE LYS;Nord Pas de Calais;31;Privé;60;83.33;71;92;4;100;;;60;71.67;59;83
2014;600100648;CTRE HOSP DE CLERMONT;Picardie;22;CH;60;85;73;93;21;90.48;70;99;60;40;28;53
2014;600100713;CTRE HOSP DE BEAUVAIS;Picardie;22;CH;60;43.33;31;57;60;66.67;53;78;60;6.67;2;16
2014;600100721;CTRE HOSP DE COMPIEGNE;Picardie;22;CH;60;80;68;89;30;60;41;77;60;30;19;43
2014;600100754;POLYCLINIQUE SAINT-COME S. A.;Picardie;22;Privé;60;91.67;82;97;20;75;51;91;60;91.67;82;97
2014;600101984;GROUPE HOSPITALIER PUBLIC DU SUD DE L'OISE;Picardie;22;CH;60;21.67;12;34;60;53.33;40;66;60;16.67;8;29
2014;610780074;CENTRE HOSPITALIER DE L'AIGLE;Basse Normandie;25;CH;60;96.67;88;99;17;70.59;44;90;60;81.67;70;91
2014;610780082;CENTRE HOSPITALIER ALENCON;Basse Normandie;25;CH;60;96.67;88;99;35;94.29;81;99;60;85;73;93
2014;610780090;CENTRE HOSPITALIER ARGENTAN;Basse Normandie;25;CH;60;96.67;88;99;30;83.33;65;94;60;60;47;72
2014;610780165;CENTRE HOSPITALIER - FLERS;Basse Normandie;25;CH;60;98.33;91;99;20;80;56;94;60;90;79;96
2014;620003350;POLYCLINIQUE RIAUMONT DE LIEVIN;Nord Pas de Calais;31;ESPIC/EBNL;60;56.67;43;69;15;;;;60;86.67;75;94
2014;620025346;POLYCLINIQUE DE DIVION;Nord Pas de Calais;31;ESPIC/EBNL;60;78.33;66;88;47;48.94;34;64;60;55;42;68
2014;620100057;CENTRE HOSPITALIER D'ARRAS;Nord Pas de Calais;31;CH;60;91.67;82;97;53;84.91;72;93;60;43.33;31;57
2014;620100099;HOPITAL PRIVE ARRAS LES BONNETTES;Nord Pas de Calais;31;Privé;60;86.67;75;94;11;63.64;31;89;60;71.67;59;83
2014;620100651;CTRE HOSPITALIER BETHUNE-BEUVRY;Nord Pas de Calais;31;CH;60;85;73;93;24;83.33;63;95;60;68.33;55;80
2014;620100685;CENTRE HOSPITALIER DE LENS;Nord Pas de Calais;31;CH;60;93.33;84;98;47;82.98;69;92;60;76.67;64;87
2014;620100735;POLYCLINIQUE DE L'ARTOIS;Nord Pas de Calais;31;Privé;60;86.67;75;94;0;;;;60;76.67;64;87
2014;620101337;CENTRE HOSPITALIER DE CALAIS;Nord Pas de Calais;31;CH;60;78.33;66;88;53;81.13;68;91;60;71.67;59;83
2014;620101360;C.H. REGION DE SAINT-OMER;Nord Pas de Calais;31;CH;60;81.67;70;91;28;64.29;44;81;60;88.33;77;95
2014;620103432;CH ARRONDISSEMENT DE MONTREUIL;Nord Pas de Calais;31;CH;60;85;73;93;52;55.77;41;70;60;43.33;31;57
2014;620103440;CENTRE HOSPITALIER DE BOULOGNE;Nord Pas de Calais;31;CH;60;91.67;82;97;29;55.17;36;74;60;40;28;53
2014;620118513;CENTRE MCO COTE D'OPALE;Nord Pas de Calais;31;Privé;60;93.33;84;98;37;86.49;71;96;60;48.33;35;62
2014;630780989;C.H.U. CLERMONT-FERRAND;Auvergne;83;CHU;60;100;100;100;60;96.67;88;99;60;96.67;88;99
2014;630781003;CENTRE HOSPITALIER ISSOIRE;Auvergne;83;CH;60;85;73;93;29;55.17;36;74;60;83.33;71;92
2014;630781029;CENTRE HOSPITALIER THIERS;Auvergne;83;CH;60;83.33;71;92;8;62.5;;;60;30;19;43
2014;630781839;CL CHATAIGNERAIE - BEAUMONT;Auvergne;83;Privé;60;91.67;82;97;54;92.59;82;98;60;71.67;59;83
2014;640017638;CENTRE HOSPITALIER DE SAINT-PALAIS;Aquitaine;72;CH;60;80;68;89;6;50;;;60;70;57;81
2014;640780417;CENTRE HOSPITALIER COTE BASQUE;Aquitaine;72;CH;60;85;73;93;60;63.33;50;75;60;53.33;40;66
2014;640780482;CLINIQUE LAFOURCADE;Aquitaine;72;Privé;60;90;79;96;7;42.86;;;60;65;52;77
2014;640780813;HOPITAL ORTHEZ;Aquitaine;72;CH;60;51.67;38;65;9;88.89;;;60;28.33;17;41
2014;640780821;CENTRE HOSPITALIER OLORON;Aquitaine;72;CH;60;85;73;93;9;33.33;;;60;76.67;64;87
2014;640780946;POLYCLINIQUE DE NAVARRE;Aquitaine;72;Privé;60;46.67;34;60;13;46.15;19;75;60;50;37;63
2014;640781290;CENTRE HOSPITALIER PAU;Aquitaine;72;CH;60;66.67;53;78;39;56.41;40;72;60;61.67;48;74
2014;650780158;CH LOURDES;Midi Pyrénées;73;CH;60;100;100;100;1;0;;;60;;;
2014;650780679;POLYCLINIQUE DE L ORMEAU;Midi Pyrénées;73;Privé;60;86.67;75;94;16;56.25;30;80;60;85;73;93
2014;650783160;CH DE BIGORRE;Midi Pyrénées;73;CH;60;93.33;84;98;22;68.18;45;86;60;98.33;91;99
2014;660780180;CH PERPIGNAN;Languedoc Roussillon;91;CH;60;90;79;96;60;80;68;89;60;58.33;45;71
2014;660780669;CLINIQUE NOTRE DAME D ESPERANCE;Languedoc Roussillon;91;Privé;59;84.75;73;93;41;36.59;22;53;59;79.66;67;89
2014;660780784;CLINIQUE SAINT PIERRE;Languedoc Roussillon;91;Privé;60;96.67;88;99;21;71.43;48;89;60;50;37;63
2014;670000082;CLINIQUE ADASSA DE STRASBOURG;Alsace;42;ESPIC/EBNL;60;96.67;88;99;27;81.48;62;94;60;50;37;63
2014;670780055;HOPITAUX UNIVERSITAIRES DE STRASBOURG;Alsace;42;CHU;60;96.67;88;99;60;66.67;53;78;60;48.33;35;62
2014;670780212;CLINIQUE SAINTE-ANNE  - GHSV;Alsace;42;ESPIC/EBNL;60;96.67;88;99;38;84.21;69;94;60;75;62;85
2014;670780337;CENTRE HOSPITALIER DE HAGUENAU;Alsace;42;CH;60;91.67;82;97;41;82.93;68;93;60;83.33;71;92
2014;670780345;CENTRE HOSPITALIER DE SAVERNE;Alsace;42;CH;60;96.67;88;99;36;58.33;41;75;60;71.67;59;83
2014;670780543;CENTRE HOSPITALIER  WISSEMBOURG;Alsace;42;CH;60;98.33;91;99;20;30;12;54;60;38.33;26;52
2014;670780691;CENTRE HOSPITALIER DE SELESTAT;Alsace;42;CH;60;90;79;96;50;52;37;66;60;76.67;64;87
2014;680000320;CLINIQUE DIACONAT FONDERIE;Alsace;42;Privé;60;91.67;82;97;16;81.25;54;96;60;53.33;40;66
2014;680000395;CTRE HOSPIT. ST-MORAND  ALTKIRCH;Alsace;42;CH;60;85;73;93;10;80;44;98;60;60;47;72
2014;680000437;CENTRE HOSPITALIER DE THANN;Alsace;42;CH;60;93.33;84;98;7;57.14;;;60;50;37;63
2014;680000486;CENTRE HOSPITALIER DE MULHOUSE;Alsace;42;CH;60;93.33;84;98;60;71.67;59;83;60;71.67;59;83
2014;680000973;CENTRE HOSPITALIER DE COLMAR;Alsace;42;CH;60;81.67;70;91;60;66.67;53;78;60;65;52;77
2014;680001195;GROUPE HOSPITALIER PRIVE CENTRE ALSACE DE COLMAR;Alsace;42;ESPIC/EBNL;60;98.33;91;99;22;100;100;100;60;38.33;26;52
2014;680020088;NOUVELLE CLINIQUE DES TROIS FRONTIERES;Alsace;42;Privé;60;61.67;48;74;4;25;;;60;41.67;29;55
2014;690022959;HOP PRIVE MERE ENFANT NATECIA;Rhône Alpes;82;Privé;60;90;79;96;32;56.25;38;74;60;73.33;60;84
2014;690780036;CENTRE HOSPITALIER GIVORS;Rhône Alpes;82;CH;60;75;62;85;40;80;64;91;60;53.33;40;66
2014;690780044;CENTRE HOSPITALIER SAINTE FOY LES LYON;Rhône Alpes;82;CH;60;83.33;71;92;40;85;70;94;60;76.67;64;87
2014;690780358;CLINIQUE DU VAL D'OUEST-VENDOME;Rhône Alpes;82;Privé;60;96.67;88;99;33;90.91;76;98;60;71.67;59;83
2014;690780390;POLYCLINIQUE DE RILLIEUX;Rhône Alpes;82;Privé;60;100;100;100;0;;;;60;85;73;93
2014;690780416;GPE HOSP MUT LES PORTES DU SUD;Rhône Alpes;82;ESPIC/EBNL;60;71.67;59;83;11;27.27;6;61;60;;;
2014;690782222;HOPITAL NORD OUEST - VILLEFRANCHE;Rhône Alpes;82;CH;60;98.33;91;99;60;73.33;60;84;60;58.33;45;71
2014;690782834;CLINIQUE DU TONKIN;Rhône Alpes;82;Privé;60;96.67;88;99;6;50;;;60;25;15;38
2014;690784137;GROUPEMENT HOSPITALIER SUD;Rhône Alpes;82;CHU;60;90;79;96;60;61.67;48;74;60;65;52;77
2014;690784152;GROUPEMENT HOSPITALIER NORD;Rhône Alpes;82;CHU;60;93.33;84;98;60;58.33;45;71;60;53.33;40;66
2014;690784178;GROUPEMENT HOSPITALIER EST;Rhône Alpes;82;CHU;60;91.67;82;97;60;80;68;89;60;80;68;89
2014;690805361;CENTRE HOSPITALIER  ST JOSEPH ST LUC;Rhône Alpes;82;ESPIC/EBNL;60;98.33;91;99;39;64.1;47;79;60;58.33;45;71
2014;690807367;POLYCLINIQUE DU BEAUJOLAIS;Rhône Alpes;82;Privé;60;100;100;100;19;42.11;20;67;60;18.33;9;30
2014;690807599;CLINIQUE DE L'UNION;Rhône Alpes;82;ESPIC/EBNL;60;80;68;89;28;21.43;8;41;60;50;37;63
2014;700004591;CHI DE LA HAUTE-SAÔNE;Franche Comté;43;CH;60;71.67;59;83;29;20.69;8;40;60;80;68;89
2014;710780263;"C.H.G. ""LES CHANAUX""";Bourgogne;26;CH;60;96.67;88;99;44;81.82;67;92;60;80;68;89
2014;710780644;CENTRE HOSPITALIER DE PARAY;Bourgogne;26;CH;60;93.33;84;98;17;88.24;64;99;60;63.33;50;75
2014;710780958;CENTRE HOSPITALIER WILLIAM MOREY;Bourgogne;26;CH;60;91.67;82;97;60;81.67;70;91;60;61.67;48;74
2014;710781451;HOPITAL D'AUTUN;Bourgogne;26;CH;60;98.33;91;99;1;100;;;60;83.33;71;92
2014;710978347;HOTEL-DIEU DU CREUSOT;Bourgogne;26;ESPIC/EBNL;60;93.33;84;98;32;50;32;68;60;51.67;38;65
2014;720000025;CENTRE HOSPITALIER LE MANS;Pays de la Loire;52;CH;60;96.67;88;99;60;81.67;70;91;60;71.67;59;83
2014;720000231;CLINIQUE DU TERTRE ROUGE;Pays de la Loire;52;Privé;60;;;;20;;;;60;45;32;58
2014;720016724;POLE SANTE SARTHE ET LOIR;Pays de la Loire;52;CH;60;88.33;77;95;24;87.5;68;97;60;58.33;45;71
2014;730000015;CENTRE HOSPITALIER CHAMBERY;Rhône Alpes;82;CH;60;96.67;88;99;60;83.33;71;92;60;55;42;68
2014;730002839;C.H.I. ALBERTVILLE MOUTIERS;Rhône Alpes;82;CH;60;78.33;66;88;21;19.05;5;42;60;56.67;43;69
2014;730780103;CENTRE HOSPITALIER  ST JEAN DE MAURIENNE;Rhône Alpes;82;CH;60;83.33;71;92;6;83.33;;;60;80;68;89
2014;730780525;CENTRE HOSPITALIER BOURG SAINT MAURICE;Rhône Alpes;82;CH;60;88.33;77;95;8;100;;;60;88.33;77;95
2014;740001839;CHI DES HOPITAUX DU PAYS DU MONT BLANC;Rhône Alpes;82;CH;60;96.67;88;99;60;98.33;91;99;60;96.67;88;99
2014;740014345;HOPITAL PRIVE PAYS DE SAVOIE;Rhône Alpes;82;Privé;60;85;73;93;8;87.5;;;60;63.33;50;75
2014;740780424;CLINIQUE GENERALE ANNECY;Rhône Alpes;82;Privé;60;85;73;93;55;50.91;37;65;60;53.33;40;66
2014;740781133;CH ANNECY-GENEVOIS;Rhône Alpes;82;CH;60;90;79;96;60;51.67;38;65;60;53.33;40;66
2014;740790258;CENTRE HOSPITALIER ALPES-LEMAN;Rhône Alpes;82;CH;60;95;86;99;56;87.5;76;95;60;81.67;70;91
2014;740790381;C.H.I. DU LEMAN;Rhône Alpes;82;CH;60;70;57;81;60;65;52;77;60;53.33;40;66
2014;750000523;GROUPE HOSPITALIER PARIS SAINT-JOSEPH;Ile de France;11;ESPIC/EBNL;60;88.33;77;95;60;76.67;64;87;60;75;62;85
2014;750006728;GROUPE HOSPITALIER DIACONESSES-CROIX SAINT-SIMON;Ile de France;11;ESPIC/EBNL;60;93.33;84;98;60;88.33;77;95;60;30;19;43
2014;750100042;LARIBOISIERE - FW;Ile de France;11;CHU;60;73.33;60;84;43;;;;60;68.33;55;80
2014;750100109;TROUSSEAU;Ile de France;11;CHU;31;96.77;83;99;60;85;73;93;31;93.55;79;99
2014;750100125;PITIE - SALPETRIERE;Ile de France;11;CHU;57;94.74;85;99;60;68.33;55;80;57;84.21;72;93
2014;750100166;COCHIN;Ile de France;11;CHU;60;96.67;88;99;60;56.67;43;69;60;58.33;45;71
2014;750100208;NECKER;Ile de France;11;CHU;60;88.33;77;95;60;91.67;82;97;60;90;79;96
2014;750100232;BICHAT;Ile de France;11;CHU;60;93.33;84;98;60;83.33;71;92;60;86.67;75;94
2014;750100273;TENON;Ile de France;11;CHU;31;100;100;100;60;86.67;75;94;31;100;100;100
2014;750150013;HOPITAL PIERRE ROUQUES - LES BLUETS;Ile de France;11;ESPIC/EBNL;60;90;79;96;60;83.33;71;92;60;35;23;48
2014;750150104;INSTITUT MUTUALISTE MONTSOURIS;Ile de France;11;ESPIC/EBNL;60;86.67;75;94;60;78.33;66;88;60;8.33;3;18
2014;750300410;CLINIQUE JEANNE D'ARC;Ile de France;11;Privé;60;86.67;75;94;6;0;;;60;71.67;59;83
2014;750300667;MATERNITE SAINTE FELICITE;Ile de France;11;Privé;60;66.67;53;78;56;58.93;45;72;60;85;73;93
2014;750300840;CLINIQUE DE LA MUETTE;Ile de France;11;Privé;60;86.67;75;94;11;36.36;11;69;60;86.67;75;94
2014;750300931;CLINIQUE SAINTE-THERESE;Ile de France;11;Privé;60;91.67;82;97;11;18.18;2;52;60;46.67;34;60
2014;750803454;R DEBRE;Ile de France;11;CHU;60;100;100;100;42;97.62;87;99;60;96.67;88;99
2014;760021329;HOPITAL PRIVE DE L'ESTUAIRE;Haute Normandie;23;Privé;60;80;68;89;14;85.71;57;98;60;75;62;85
2014;760024042;CHI ELBEUF LOUVIERS;Haute Normandie;23;CH;60;98.33;91;99;42;83.33;69;93;60;95;86;99
2014;760025312;CLINIQUE MATHILDE;Haute Normandie;23;Privé;60;100;100;100;60;90;79;96;60;100;100;100
2014;760780023;CENTRE HOSPITALIER DE DIEPPE;Haute Normandie;23;CH;60;76.67;64;87;27;66.67;46;84;60;46.67;34;60
2014;760780197;CLINIQUE LES AUBEPINES;Haute Normandie;23;Privé;60;98.33;91;99;7;71.43;;;60;85;73;93
2014;760780239;C H U ROUEN;Haute Normandie;23;CHU;60;86.67;75;94;60;83.33;71;92;60;48.33;35;62
2014;760780262;CENTRE HOSPITALIER DU BELVEDERE;Haute Normandie;23;CH;60;75;62;85;60;80;68;89;60;90;79;96
2014;760780726;CH DU HAVRE;Haute Normandie;23;CH;60;80;68;89;60;71.67;59;83;60;43.33;31;57
2014;760780734;CENTRE HOSPITALIER DE FECAMP;Haute Normandie;23;CH;60;98.33;91;99;11;54.55;23;83;60;66.67;53;78
2014;760780742;CHI CAUX VALLEE DE SEINE;Haute Normandie;23;CH;60;93.33;84;98;35;91.43;77;98;60;60;47;72
2014;770110013;CH DE COULOMMIERS;Ile de France;11;CH;60;90;79;96;11;81.82;48;98;60;78.33;66;88
2014;770110021;CH DE FONTAINEBLEAU;Ile de France;11;CH;60;96.67;88;99;40;32.5;19;49;60;60;47;72
2014;770110054;CH DE MELUN;Ile de France;11;CH;60;81.67;70;91;57;98.25;91;99;60;46.67;34;60
2014;770110062;CENTRE HOSPITALIER DE MONTEREAU;Ile de France;11;CH;60;86.67;75;94;15;26.67;8;55;60;61.67;48;74
2014;770110070;CH DE PROVINS;Ile de France;11;CH;60;98.33;91;99;14;92.86;66;99;60;86.67;75;94
2014;770170017;CH  MARNE LA VALLEE;Ile de France;11;CH;60;88.33;77;95;60;71.67;59;83;60;75;62;85
2014;770300275;POLYCLINIQUE DE LA FORET;Ile de France;11;Privé;60;61.67;48;74;15;6.67;0;32;60;78.33;66;88
2014;770700185;CH DE MEAUX;Ile de France;11;CH;60;73.33;60;84;60;56.67;43;69;60;48.33;35;62
2014;770790707;CLINIQUE DE TOURNAN;Ile de France;11;Privé;60;61.67;48;74;18;27.78;10;54;60;31.67;20;45
2014;780001236;CHI DE POISSY ST-GERMAIN;Ile de France;11;CH;60;83.33;71;92;60;76.67;64;87;60;31.67;20;45
2014;780002697;CHI DE MEULAN LES MUREAUX;Ile de France;11;CH;60;91.67;82;97;28;82.14;63;94;60;65;52;77
2014;780018727;CLINIQUE SAINT GERMAIN;Ile de France;11;Privé;60;95;86;99;16;18.75;4;46;60;83.33;71;92
2014;780110011;CH DE MANTES LA JOLIE;Ile de France;11;CH;60;90;79;96;36;94.44;81;99;60;71.67;59;83
2014;780110052;CH DE RAMBOUILLET;Ile de France;11;CH;60;90;79;96;39;84.62;69;94;60;93.33;84;98
2014;780110078;CH DE VERSAILLES;Ile de France;11;CH;60;98.33;91;99;60;100;100;100;60;80;68;89
2014;780300208;CLINIQUE SAINT LOUIS;Ile de France;11;Privé;60;61.67;48;74;10;40;12;74;60;88.33;77;95
2014;780300323;CLINIQUE DES FRANCISCAINES;Ile de France;11;Privé;60;100;100;100;39;84.62;69;94;60;73.33;60;84
2014;780300406;CTRE MEDICO CHIRUR. DE PARLY II;Ile de France;11;Privé;60;98.33;91;99;13;30.77;9;61;60;85;73;93
2014;780300422;HOPITAL PRIVE OUEST;Ile de France;11;Privé;60;91.67;82;97;16;93.75;70;99;60;75;62;85
2014;790000012;CENTRE HOSPITALIER DE NIORT;Poitou Charentes;54;CH;60;45;32;58;57;85.96;74;94;60;26.67;16;40
2014;790006654;CTRE HOSPIT. NORD DEUX-SEVRES;Poitou Charentes;54;CH;60;80;68;89;27;88.89;71;98;60;18.33;9;30
2014;790009948;POLYCLINIQUE INKERMANN;Poitou Charentes;54;Privé;60;11.67;5;23;8;37.5;;;60;60;47;72
2014;800000028;CTRE HOSP D'ABBEVILLE;Picardie;22;CH;60;90;79;96;58;48.28;35;62;60;45;32;58
2014;800000044;C.H.U. D'AMIENS;Picardie;22;CHU;60;43.33;31;57;60;46.67;34;60;60;13.33;6;25
2014;800000093;CTRE HOSP DE PERONNE;Picardie;22;CH;60;76.67;64;87;13;100;100;100;60;50;37;63
2014;800009920;SA CLINIQUE VICTOR PAUCHET;Picardie;22;Privé;60;96.67;88;99;60;73.33;60;84;60;98.33;91;99
2014;810000224;CMCO CLAUDE BERNARD;Midi Pyrénées;73;Privé;60;100;100;100;3;100;;;60;96.67;88;99
2014;810000331;CH ALBI;Midi Pyrénées;73;CH;60;95;86;99;38;89.47;75;97;60;53.33;40;66
2014;810000380;CHIC CASTRES-MAZAMET;Midi Pyrénées;73;CH;60;95;86;99;55;69.09;55;81;60;76.67;64;87
2014;810000455;CH LAVAUR;Midi Pyrénées;73;CH;60;75;62;85;20;95;75;99;60;;;
2014;820000016;CH MONTAUBAN;Midi Pyrénées;73;CH;60;88.33;77;95;16;93.75;70;99;60;51.67;38;65
2014;820000040;CLINIQUE CROIX SAINT MICHEL;Midi Pyrénées;73;Privé;60;83.33;71;92;19;68.42;43;87;60;88.33;77;95
2014;820000057;CLINIQUE DU PONT DE CHAUME;Midi Pyrénées;73;Privé;60;68.33;55;80;11;63.64;31;89;60;73.33;60;84
2014;830100434;CLINIQUE SAINT JEAN;PACA;93;Privé;60;98.33;91;99;39;53.85;37;70;60;93.33;84;98
2014;830100517;CH DE BRIGNOLES;PACA;93;CH;60;96.67;88;99;12;83.33;52;98;60;91.67;82;97
2014;830100525;CH DE DRAGUIGNAN;PACA;93;CH;60;93.33;84;98;20;70;46;88;60;71.67;59;83
2014;830100533;CH DE  HYERES;PACA;93;CH;60;88.33;77;95;60;45;32;58;60;76.67;64;87
2014;830100566;CHI FREJUS;PACA;93;CH;60;93.33;84;98;30;53.33;34;72;60;61.67;48;74
2014;830100590;CH DE ST-TROPEZ;PACA;93;CH;60;76.67;64;87;13;53.85;25;81;60;76.67;64;87
2014;830100616;CHI TOULON;PACA;93;CH;60;58.33;45;71;60;43.33;31;57;60;53.33;40;66
2014;840000012;CH DU PAYS D'APT;PACA;93;CH;60;96.67;88;99;10;100;100;100;60;81.67;70;91
2014;840000046;CH DE CARPENTRAS;PACA;93;CH;60;91.67;82;97;20;95;75;99;60;75;62;85
2014;840000087;CH LOUIS GIORGI D'ORANGE;PACA;93;CH;60;65;52;77;17;35.29;14;62;60;43.33;31;57
2014;840000285;POLYCLINIQUE URBAIN V;PACA;93;Privé;60;91.67;82;97;31;64.52;45;81;60;78.33;66;88
2014;840004659;CHI CAVAILLON-LAURIS;PACA;93;CH;60;96.67;88;99;16;87.5;62;99;60;85;73;93
2014;840006597;CH HENRI DUFFAUT AVIGNON;PACA;93;CH;60;76.67;64;87;60;70;57;81;60;50;37;63
2014;850000019;CENTRE HOSPITALIER LA ROCHE/YON - MONTAIGU - LUCON;Pays de la Loire;52;CH;60;88.33;77;95;60;68.33;55;80;60;60;47;72
2014;850000035;CENTRE HOSPITALIER FONTENAY;Pays de la Loire;52;CH;60;85;73;93;24;58.33;37;78;60;50;37;63
2014;850000084;CTRE HOSPITALIER LES SABLES D'O.;Pays de la Loire;52;CH;60;86.67;75;94;21;80.95;58;95;60;56.67;43;69
2014;850000118;CLINIQUE SAINT CHARLES;Pays de la Loire;52;Privé;60;78.33;66;88;11;81.82;48;98;60;51.67;38;65
2014;850009010;CHI LOIRE VENDEE OCEAN;Pays de la Loire;52;CH;60;85;73;93;37;78.38;62;90;60;68.33;55;80
2014;860013077;CTRE HOSP. UNIVERSITAIRE DE POITIERS;Poitou Charentes;54;CHU;60;95;86;99;60;98.33;91;99;60;98.33;91;99
2014;860013382;GROUPE HOSPITALIER NORD-VIENNE;Poitou Charentes;54;CH;60;85;73;93;60;83.33;71;92;60;51.67;38;65
2014;860780568;CLINIQUE FIEF DE GRIMOIRE;Poitou Charentes;54;Privé;60;93.33;84;98;49;81.63;68;91;60;91.67;82;97
2014;870000015;CHU  LIMOGES;Limousin;74;CHU;60;51.67;38;65;60;48.33;35;62;60;71.67;59;83
2014;870000023;CENTRE HOSPITALIER  ST JUNIEN;Limousin;74;CH;60;91.67;82;97;14;78.57;49;95;60;81.67;70;91
2014;870000411;CLINIQUE DES EMAILLEURS;Limousin;74;Privé;60;90;79;96;10;90;55;99;60;78.33;66;88
2014;880007059;CHI EMILE DURKHEIM EPINAL;Lorraine;41;CH;60;83.33;71;92;14;64.29;35;87;60;55;42;68
2014;880007299;CHI DE L'OUEST VOSGIEN;Lorraine;41;CH;60;91.67;82;97;15;86.67;60;98;60;60;47;72
2014;880780077;CENTRE HOSPITALIER - SAINT DIE;Lorraine;41;CH;60;78.33;66;88;17;88.24;64;99;60;8.33;3;18
2014;880780093;CENTRE HOSPITALIER - REMIREMONT;Lorraine;41;CH;60;95;86;99;10;80;44;98;60;70;57;81
2014;880788591;POLYCLINIQUE LA LIGNE BLEUE;Lorraine;41;Privé;60;93.33;84;98;23;52.17;31;73;60;76.67;64;87
2014;890000037;CH AUXERRE;Bourgogne;26;CH;60;93.33;84;98;60;61.67;48;74;60;81.67;70;91
2014;890970569;CENTRE HOSPITALIER SENS;Bourgogne;26;CH;60;85;73;93;41;68.29;52;82;60;36.67;25;50
2014;900000365;HOPITAL NORD FRANCHE COMTE;Franche Comté;43;CH;60;95;86;99;60;96.67;88;99;60;88.33;77;95
2014;910002773;CH SUD-FRANCILIEN;Ile de France;11;CH;60;100;100;100;60;73.33;60;84;60;65;52;77
2014;910019447;CHI SUD ESSONNE-DOURDAN-ETAMPES;Ile de France;11;CH;60;88.33;77;95;33;51.52;34;69;60;71.67;59;83
2014;910110014;CH D'ARPAJON;Ile de France;11;CH;60;78.33;66;88;21;95.24;76;99;60;78.33;66;88
2014;910110055;CH DE LONGJUMEAU;Ile de France;11;CH;60;81.67;70;91;51;70.59;56;83;60;81.67;70;91
2014;910110063;CH D'ORSAY;Ile de France;11;CH;60;80;68;89;20;50;27;73;60;31.67;20;45
2014;910300144;CTRE  MEDICO-CHIRURGICAL ET OBST;Ile de France;11;Privé;60;93.33;84;98;11;36.36;11;69;60;61.67;48;74
2014;910300177;CLINIQUE DE L'YVETTE;Ile de France;11;Privé;60;91.67;82;97;3;100;;;60;66.67;53;78
2014;910300219;INSTITUT HOSP. JACQUES CARTIER;Ile de France;11;Privé;60;76.67;64;87;10;20;2;56;60;58.33;45;71
2014;910300359;CLINIQUE CARON;Ile de France;11;Privé;60;66.67;53;78;4;100;;;60;38.33;26;52
2014;910803543;C.H.P CLAUDE GALIEN;Ile de France;11;Privé;60;16.67;8;29;9;33.33;;;60;20;11;32
2014;910805357;CLINIQUE DE L ESSONNE;Ile de France;11;Privé;60;95;86;99;12;75;43;95;60;96.67;88;99
2014;920000643;INSTITUT HOSPITALIER FRANCO-BRITANIQUE - SITE KLEB;Ile de France;11;ESPIC/EBNL;60;93.33;84;98;56;76.79;64;87;60;71.67;59;83
2014;920000650;CENTRE MEDICO CHIRURGICAL FOCH;Ile de France;11;ESPIC/EBNL;60;91.67;82;97;60;85;73;93;60;35;23;48
2014;920009909;CENTRE HOSPITALIER DES QUATRE VILLES;Ile de France;11;CH;60;98.33;91;99;60;85;73;93;60;36.67;25;50
2014;920026374;CHI COURBEVOIE-NEUILLY-PUTEAUX;Ile de France;11;CH;60;88.33;77;95;60;93.33;84;98;60;41.67;29;55
2014;920100021;A BECLERE;Ile de France;11;CHU;31;83.87;66;95;58;67.24;54;79;31;25.81;12;45
2014;920100039;BEAUJON;Ile de France;11;CHU;60;98.33;91;99;28;96.43;82;99;60;86.67;75;94
2014;920100047;L MOURIER;Ile de France;11;CHU;32;84.38;67;95;60;83.33;71;92;32;71.88;53;86
2014;920110020;CASH DE NANTERRE;Ile de France;11;CH;60;75;62;85;60;86.67;75;94;60;71.67;59;83
2014;920300043;HOPITAL PRIVE D ANTONY;Ile de France;11;Privé;60;28.33;17;41;60;10;4;21;60;86.67;75;94
2014;920300209;CLINIQUE AMBROISE PARE;Ile de France;11;Privé;60;70;57;81;25;0;0;0;60;73.33;60;84
2014;920300415;CLINIQUE LAMBERT;Ile de France;11;Privé;60;81.67;70;91;3;33.33;;;60;40;28;53
2014;920300597;CLINIQUE DE MEUDON LA FORET;Ile de France;11;Privé;60;78.33;66;88;4;25;;;60;91.67;82;97
2014;920300670;CLINIQUE SAINTE ISABELLE;Ile de France;11;Privé;60;38.33;26;52;6;16.67;;;60;48.33;35;62
2014;920300787;HOPITAL AMERICAIN;Ile de France;11;Privé;60;33.33;22;47;9;33.33;;;60;83.33;71;92
2014;920300837;CLINIQUE LES MARTINETS;Ile de France;11;Privé;60;88.33;77;95;10;80;44;98;60;85;73;93
2014;930021480;GHI LE RAINCY-MONTFERMEIL;Ile de France;11;CH;60;73.33;60;84;60;53.33;40;66;60;45;32;58
2014;930100045;J VERDIER;Ile de France;11;CHU;60;76.67;64;87;60;90;79;96;60;36.67;25;50
2014;930110036;CHI DE MONTREUIL;Ile de France;11;CH;60;95;86;99;60;78.33;66;88;60;55;42;68
2014;930110051;CH DE ST DENIS;Ile de France;11;CH;60;85;73;93;60;70;57;81;60;93.33;84;98
2014;930110069;CH D'AULNAY;Ile de France;11;CH;60;66.67;53;78;49;89.8;78;97;60;85;73;93
2014;930150032;MATERNITE DES LILAS;Ile de France;11;ESPIC/EBNL;60;60;47;72;60;91.67;82;97;60;73.33;60;84
2014;930300025;HOPITAL EUROPEEN DE PARIS;Ile de France;11;Privé;60;85;73;93;4;0;;;60;65;52;77
2014;930300116;HOPITAL PRIVE DE SEINE ST DENIS;Ile de France;11;Privé;60;88.33;77;95;60;68.33;55;80;60;53.33;40;66
2014;930300298;POLYCLINIQUE VAUBAN;Ile de France;11;Privé;60;88.33;77;95;7;100;;;60;73.33;60;84
2014;930300553;CLINIQUE DE L'ESTREE;Ile de France;11;Privé;60;91.67;82;97;6;83.33;;;60;66.67;53;78
2014;930300595;CLINIQUE DU VERT GALANT;Ile de France;11;Privé;60;63.33;50;75;22;0;0;0;60;98.33;91;99
2014;940006679;HÔPITAL PRIVÉ DE MARNE-LA-VALLÉE;Ile de France;11;Privé;60;90;79;96;6;66.67;;;60;40;28;53
2014;940016819;LES HOPITAUX DE SAINT-MAURICE;Ile de France;11;CH;60;88.33;77;95;60;93.33;84;98;60;78.33;66;88
2014;940100043;BICETRE;Ile de France;11;CHU;60;95;86;99;60;78.33;66;88;60;28.33;17;41
2014;940110018;CHI DE CRETEIL;Ile de France;11;CH;60;90;79;96;60;86.67;75;94;60;96.67;88;99
2014;940110042;CHI DE VILLENEUVE ST GEORGES;Ile de France;11;CH;60;90;79;96;60;90;79;96;60;71.67;59;83
2014;940120017;HÔPITAL D'INSTRUCTION DES ARMÉES BEGIN;Service de santé des armées;12;CH;60;91.67;82;97;37;75.68;59;88;60;88.33;77;95
2014;940300270;HOPITAL PRIVE ARMAND BRILLARD;Ile de France;11;Privé;60;83.33;71;92;39;33.33;19;50;60;53.33;40;66
2014;940300379;CLINIQUE GASTON METIVET;Ile de France;11;Privé;60;90;79;96;13;38.46;14;68;60;86.67;75;94
2014;940300551;CLINIQUE DES NORIETS;Ile de France;11;Privé;60;78.33;66;88;28;28.57;13;49;60;85;73;93
2014;950001370;CHI DES PORTES DE L'OISE;Ile de France;11;CH;60;85;73;93;21;66.67;43;85;60;43.33;31;57
2014;950013870;CHI D'EAUBONNE-MONTMORENCY;Ile de France;11;CH;60;90;79;96;60;73.33;60;84;60;50;37;63
2014;950110015;CH D'ARGENTEUIL;Ile de France;11;CH;60;98.33;91;99;60;78.33;66;88;60;90;79;96
2014;950110049;CH DE GONESSE;Ile de France;11;CH;60;88.33;77;95;41;85.37;71;95;60;66.67;53;78
2014;950110080;CH DE PONTOISE;Ile de France;11;CH;60;86.67;75;94;60;73.33;60;84;60;31.67;20;45
2014;950300202;CLINIQUE CONTI;Ile de France;11;Privé;60;96.67;88;99;11;90.91;59;99;60;36.67;25;50
2014;950300277;HOPITAL PRIVE NORD PARISIEN;Ile de France;11;Privé;60;95;86;99;19;31.58;13;57;60;85;73;93
2014;950300350;CLINIQUE DU PARISIS;Ile de France;11;Privé;60;55;42;68;9;44.44;;;60;30;19;43
2014;950807982;CLINIQUE CLAUDE BERNARD;Ile de France;11;Privé;60;43.33;31;57;36;72.22;55;86;60;76.67;64;87
2014;970100012;POLYCLINIQUE DE LA GUADELOUPE;Guadeloupe;9701;Privé;60;81.67;70;91;9;33.33;;;60;70;57;81
2014;970100178;CENTRE HOSPITALIER DE LA BASSE TERRE;Guadeloupe;9701;CH;60;91.67;82;97;18;88.89;65;99;60;53.33;40;66
2014;970100186;CENTRE HOSPITALIER LOUIS CONSTANT FLEMING;Guadeloupe;9701;CH;60;83.33;71;92;30;86.67;69;96;60;73.33;60;84
2014;970100228;C.H.U. DE POINTE-A-PITRE/ABYMES;Guadeloupe;9701;CHU;60;95;86;99;4;100;;;60;95;86;99
2014;970107249;CLINIQUE LES EAUX CLAIRES;Guadeloupe;9701;Privé;60;71.67;59;83;10;10;0;45;60;93.33;84;98
2014;970202313;CLINIQUE SAINT PAUL;Martinique;9702;Privé;60;91.67;82;97;38;92.11;79;98;60;98.33;91;99
2014;970202321;S. A.  CLINIQUE SAINTE MARIE;Martinique;9702;Privé;60;100;100;100;17;47.06;23;72;60;90;79;96
2014;970211207;CHU DE MARTINIQUE;Martinique;9702;CHU;60;70;57;81;55;60;46;73;60;96.67;88;99
2014;970300265;CENTRE MED.-CHIRURG. DE KOUROU;Guyane;9703;ESPIC/EBNL;60;86.67;75;94;28;35.71;19;56;60;48.33;35;62
2014;970302022;CENTRE HOSPITALIER  DE CAYENNE;Guyane;9703;CH;60;85;73;93;60;88.33;77;95;60;81.67;70;91
2014;970302055;CLINIQUE VERONIQUE;Guyane;9703;Privé;60;86.67;75;94;11;63.64;31;89;60;61.67;48;74
2014;970302121;CENTRE HOSPITALIER FRANK JOLY;Guyane;9703;CH;60;90;79;96;53;71.7;58;83;60;81.67;70;91
2014;970403606;GROUPE HOSPITALIER EST REUNION;Océan Indien;9704;CH;60;58.33;45;71;38;50;33;67;60;75;62;85
2014;970408589;CENTRE HOSPITALIER REGIONAL REUNION;Océan Indien;9704;CHU;60;81.67;70;91;60;78.33;66;88;60;70;57;81
2014;970421038;CENTRE HOSPITALIER GABRIEL MARTIN;Océan Indien;9704;CH;60;93.33;84;98;47;78.72;64;89;60;90;79;96
2014;970462024;CLINIQUE JEANNE D'ARC;Océan Indien;9704;Privé;60;90;79;96;23;82.61;61;95;60;86.67;75;94
2014;970462073;CLINIQUE DURIEUX;Océan Indien;9704;Privé;60;91.67;82;97;60;100;100;100;60;100;100;100
2014;970462107;CLINIQUE SAINTE CLOTILDE;Océan Indien;9704;Privé;60;96.67;88;99;32;71.88;53;86;60;70;57;81
2014;980500003;CENTRE HOSPITALIER DE MAYOTTE;Océan Indien;9704;CH;60;83.33;71;92;60;80;68;89;60;56.67;43;69
