finess;rs;region;ete_ortho_cible_etbt;ete_ortho_obs_etbt;ete_ortho_att_etbt;ete_ortho_etbt;ete_ortho_pos_seuil_etbt
010008407;CH DU HAUT BUGEY;Auvergne-Rhône-Alpes;132;0;1.5431698;0;B
010780054;CH BOURG EN BRESSE;Auvergne-Rhône-Alpes;256;0;1.512892;0;B
010780062;CH DE BELLEY;Auvergne-Rhône-Alpes;84;0;1.0182912;0;B
010780195;CLINIQUE CONVERT BOURG-EN-B.;Auvergne-Rhône-Alpes;296;5;0.8098248;6.1741752;C
010780203;HÔPITAL PRIVÉ D'AMBERIEU;Auvergne-Rhône-Alpes;129;0;0.4048493;0;B
020000063;CH DE SAINT QUENTIN;Hauts-de-France;116;0;0.923858;0;B
020000253;CH DE LAON;Hauts-de-France;115;0;0.9551625;0;B
020000261;CH DE SOISSONS;Hauts-de-France;145;0;1.4030565;0;B
020000287;CH DE CHAUNY;Hauts-de-France;19;0;0.1895231;0;B
020000360;CLINIQUE SAINT CHRISTOPHE;Hauts-de-France;293;0;2.6270736;0;B
020004404;CH DE CHATEAU-THIERRY;Hauts-de-France;19;0;0.1517331;0;B
020010047;POLYCLINIQUE ST CLAUDE;Hauts-de-France;562;0;5.1728785;0;B
030780092;CH MOULINS YZEURE;Auvergne-Rhône-Alpes;95;1;0.913357;1.0948621;B
030780100;CH MONTLUCON;Auvergne-Rhône-Alpes;95;1;1.0955969;0.9127445;B
030780118;CH VICHY;Auvergne-Rhône-Alpes;439;2;4.2875558;0.4664662;B
030780548;POLYCLINIQUE PERGOLA - VICHY;Auvergne-Rhône-Alpes;52;0;0.4489522;0;B
030781116;CLINIQUE ST-FRANC ST ANT -DESERTINE;Auvergne-Rhône-Alpes;293;3;2.9193962;1.0276097;B
030785430;POLYCLINIQUE ST-ODILON - MOULINS;Auvergne-Rhône-Alpes;432;0;2.6638102;0;B
040780215;CH MANOSQUE;Provence-Alpes-Côte d'Azur;109;0;1.1363851;0;B
040780470;CLINIQUE CHIRURGICALE TOUTES AURES;Provence-Alpes-Côte d'Azur;202;0;2.2077542;0;B
040788879;CH DIGNE;Provence-Alpes-Côte d'Azur;123;2;1.4127725;1.4156561;B
050000090;CLINIQUE DES HAUTES-ALPES;Provence-Alpes-Côte d'Azur;401;23;1.541667;14.918915;C
050000116;CH DE BRIANCON;Provence-Alpes-Côte d'Azur;22;0;0.153452;0;B
050002948;CHICAS GAP-SISTERON;Provence-Alpes-Côte d'Azur;238;0;1.4612047;0;B
060021417;HÔPITAL PRIVÉ CANNES OXFORD;Provence-Alpes-Côte d'Azur;47;0;0.3293333;0;B
060780491;INSTITUT ARNAULT TZANCK;Provence-Alpes-Côte d'Azur;78;1;0.8075104;1.2383742;B
060780517;POLYCLINIQUE SAINT-JEAN;Provence-Alpes-Côte d'Azur;392;0;3.9216485;0;B
060780590;CLINIQUE DU PALAIS;Provence-Alpes-Côte d'Azur;140;1;1.7611685;0.5678048;B
060780665;CLINIQUE LE MERIDIEN;Provence-Alpes-Côte d'Azur;44;0;0.5218541;0;B
060780715;CLINIQUE SAINT GEORGE;Provence-Alpes-Côte d'Azur;840;3;5.9310927;0.505809;B
060780723;CLINIQUE DU PARC IMPERIAL;Provence-Alpes-Côte d'Azur;81;0;0.9155258;0;B
060780897;CH DE GRASSE;Provence-Alpes-Côte d'Azur;81;0;0.8996372;0;B
060780954;CH ANTIBES-JUAN LES PINS;Provence-Alpes-Côte d'Azur;338;0;3.9535241;0;B
060780988;CH DE CANNES;Provence-Alpes-Côte d'Azur;107;0;0.948562;0;B
060781200;CLINIQUE SAINT ANTOINE;Provence-Alpes-Côte d'Azur;110;0;1.0303276;0;B
060785011;CHU DE NICE;Provence-Alpes-Côte d'Azur;686;9;6.6214657;1.3592157;B
060791761;CH LA PALMOSA MENTON;Provence-Alpes-Côte d'Azur;123;0;1.4596791;0;B
060800166;CLINIQUE DE L'ESPERANCE;Provence-Alpes-Côte d'Azur;256;1;2.4572036;0.4069667;B
070002878;CH DES VALS D'ARDECHE;Auvergne-Rhône-Alpes;32;0;0.3794602;0;B
070005566;CH D'ARDECHE MERIDIONALE;Auvergne-Rhône-Alpes;30;0;0.2790569;0;B
070780168;CLINIQUE DU VIVARAIS;Auvergne-Rhône-Alpes;127;0;1.6211891;0;B
070780358;CH D'ARDECHE NORD;Auvergne-Rhône-Alpes;54;2;0.5417012;3.6920726;B
070780408;CLINIQUE DES CEVENNES;Auvergne-Rhône-Alpes;137;0;0.8154552;0;B
070780424;CLINIQUE PASTEUR;Auvergne-Rhône-Alpes;524;1;5.5347037;0.1806781;B
080000615;CH CHARLEVILLE MEZIERES;Grand Est;88;0;1.1787531;0;B
080001969;GROUPEMENT HOSPITALIER SUD ARDENNES;Grand Est;23;0;0.1941105;0;B
080010465;GCS TERRIT ARDEN NORD SITE CH SEDAN;Grand Est;93;0;0.7734335;0;B
080010473;GCS TERRIT ARDEN NORD SITE CH CHARLEVI;Grand Est;333;1;3.2247913;0.3100976;B
090781774;CHIC DU VAL D ARIEGE;Occitanie;297;1;3.5456705;0.2820341;B
090781816;CH ARIEGE COUSERANS;Occitanie;106;0;0.8949071;0;B
100000017;CH DE TROYES;Grand Est;135;0;1.5608606;0;B
100000082;CLINIQUE PAYS DE SEINE;Grand Est;56;0;0.5510029;0;B
100000124;POLYCLINIQUE MONTIER LA CELLE;Grand Est;872;1;8.4096567;0.1189109;B
100002351;CLINIQUE DE CHAMPAGNE - TROYES;Grand Est;93;0;0.7429587;0;B
110780061;CH CARCASSONNE;Occitanie;126;0;1.1853323;0;B
110780137;CH NARBONNE;Occitanie;330;1;3.5224289;0.283895;B
110780228;POLYCLINIQUE LE LANGUEDOC;Occitanie;120;0;1.1398129;0;B
110780483;CLINIQUE MONTREAL;Occitanie;244;0;1.8758662;0;B
120004528;CH DE MILLAU;Occitanie;137;1;1.0870061;0.9199581;B
120780044;CH RODEZ;Occitanie;235;0;1.3801428;0;B
120780069;CH VILLEFRANCHE-DE-ROUERGUE;Occitanie;173;0;1.7542898;0;B
130008253;CLINIQUE DE VITROLLES;Provence-Alpes-Côte d'Azur;162;0;1.7874709;0;B
130037922;HPC RESIDENCE DU PARC;Provence-Alpes-Côte d'Azur;348;3;2.2807018;1.3153846;B
130041916;CH DU PAYS D'AIX CHI AIX PERTUIS;Provence-Alpes-Côte d'Azur;206;0;2.3119052;0;B
130043664;HÔPITAL EUROPEEN DESBIEF AMBROISE PARE;Provence-Alpes-Côte d'Azur;327;5;4.2382864;1.1797221;B
130044753;CLINIQUE MONTICELLI VELODROME;Provence-Alpes-Côte d'Azur;12;0;0.0004928;0;B
130780521;APHM HÔPITAL NORD;Provence-Alpes-Côte d'Azur;162;0;1.8923342;0;B
130781289;POLYCLINIQUE DU PARC RAMBOT LA PROVENCALE;Provence-Alpes-Côte d'Azur;53;2;0.3669422;5.4504498;B
130781370;CLINIQUE JEANNE D'ARC;Provence-Alpes-Côte d'Azur;346;0;4.0740323;0;B
130781446;CH D'AUBAGNE;Provence-Alpes-Côte d'Azur;70;3;0.8064823;3.7198583;B
130781479;CLINIQUE LA CASAMANCE;Provence-Alpes-Côte d'Azur;234;1;2.2895045;0.4367757;B
130781867;CLINIQUE DE LA CIOTAT;Provence-Alpes-Côte d'Azur;136;0;1.3879902;0;B
130782071;CLINIQUE DE L'ETANG DE L'OLIVIER;Provence-Alpes-Côte d'Azur;106;1;0.4744344;2.1077731;B
130782147;CLINIQUE GENERALE DE MARIGNANE;Provence-Alpes-Côte d'Azur;44;1;0.5395218;1.8534933;B
130782162;CLINIQUE DE MARTIGUES;Provence-Alpes-Côte d'Azur;72;0;0.810815;0;B
130782634;CH DE SALON;Provence-Alpes-Côte d'Azur;50;0;0.5252846;0;B
130782675;CLINIQUE CHIRURGICALE DU DR VIGNOLI;Provence-Alpes-Côte d'Azur;38;0;0.3649991;0;B
130783293;APHM TIMONE ADULTES;Provence-Alpes-Côte d'Azur;12;0;0.0575728;0;B
130783665;CLINIQUE DE BONNEVEINE;Provence-Alpes-Côte d'Azur;72;6;0.9473833;6.3332336;C
130783723;CLINIQUE JUGE;Provence-Alpes-Côte d'Azur;921;3;8.035038;0.3733648;B
130784234;APHM HÔPITAUX SUD;Provence-Alpes-Côte d'Azur;959;0;9.6196138;0;A
130784713;CLINIQUE BEAUREGARD;Provence-Alpes-Côte d'Azur;124;3;1.313835;2.2833918;B
130785389;CLINIQUE CHANTECLER;Provence-Alpes-Côte d'Azur;320;0;1.7674788;0;B
130785512;CH DE LA CIOTAT;Provence-Alpes-Côte d'Azur;24;0;0.3158609;0;B
130785652;HÔPITAL SAINT JOSEPH;Provence-Alpes-Côte d'Azur;328;14;3.8148465;3.6698724;C
130785678;CLINIQUE VERT COTEAU;Provence-Alpes-Côte d'Azur;31;0;0.4233336;0;B
130786361;POLYCLINIQUE DU PARC RAMBOT;Provence-Alpes-Côte d'Azur;177;0;1.5645216;0;B
130786742;HÔPITAL D'INSTRUCTION DES ARMÉES LAVERAN;Provence-Alpes-Côte d'Azur;52;0;0.6327753;0;B
130789274;CH D'ARLES;Provence-Alpes-Côte d'Azur;43;0;0.4694585;0;B
130789316;CH DE MARTIGUES;Provence-Alpes-Côte d'Azur;31;0;0.2590643;0;B
130810740;CLINIQUE AXIUM;Provence-Alpes-Côte d'Azur;329;2;2.8942728;0.6910199;B
140000035;CH DE LISIEUX;Normandie;135;1;1.2150259;0.8230277;B
140000092;CH AUNAY-BAYEUX - CENTRE HOSPITALIER;Normandie;83;1;0.7490632;1.3350009;B
140000100;CHU COTE DE NACRE CAEN;Normandie;461;3;2.490288;1.20468;B
140000118;CH DE FALAISE;Normandie;132;1;1.3716559;0.7290458;B
140000290;CLINIQUE NOTRE-DAME;Normandie;244;3;2.7199904;1.1029451;B
140016759;POLYCLINIQUE DU PARC;Normandie;564;6;3.907997;1.5353133;B
140017237;CH PRIVÉ ST MARTIN CAEN;Normandie;880;12;4.9929583;2.4033848;B
140018730;POLYCLINIQUE DE LISIEUX;Normandie;219;0;1.8116579;0;B
140026709;POLYCLINIQUE DE DEAUVILLE-CRICQUEBOEUF;Normandie;66;0;0.3019443;0;B
150780088;CH ST-FLOUR;Auvergne-Rhône-Alpes;21;0;0.1899276;0;B
150780096;CH HENRI MONDOR AURILLAC;Auvergne-Rhône-Alpes;22;0;0.1803914;0;B
150780732;CENTRE MÉDICO-CHIRURGICAL AURILLAC;Auvergne-Rhône-Alpes;617;1;6.1244043;0.1632812;B
160000170;CLINIQUE SAINT JOSEPH SA;Nouvelle-Aquitaine;430;1;3.6590691;0.2732936;B
160000279;CLINIQUE DE COGNAC;Nouvelle-Aquitaine;122;0;0.6998148;0;B
160000451;CH ANGOULEME;Nouvelle-Aquitaine;221;0;1.7876363;0;B
160013207;CENTRE CLINICAL;Nouvelle-Aquitaine;483;0;2.4848882;0;B
170024194;GROUPEMENT HOSPITALIER DE LA ROCHELLE-RE-AUNIS;Nouvelle-Aquitaine;192;1;2.0612311;0.485147;B
170780050;CH DE JONZAC;Nouvelle-Aquitaine;31;0;0.3549607;0;B
170780167;CH DE SAINT-JEAN-D'ANGELY;Nouvelle-Aquitaine;16;0;0.1384004;0;B
170780175;CH DE SAINTES;Nouvelle-Aquitaine;86;0;0.9313619;0;B
170780225;CH ROCHEFORT-SUR-MER;Nouvelle-Aquitaine;141;0;0.7933207;0;B
170780563;CLINIQUE PASTEUR;Nouvelle-Aquitaine;214;0;1.3214185;0;B
170780613;SA CLINIQUE DU MAIL;Nouvelle-Aquitaine;333;0;1.3601328;0;B
170780621;POLYCLINIQUE SAINT-GEORGES;Nouvelle-Aquitaine;433;0;3.5194565;0;B
170780647;SA CLINIQUE RICHELIEU;Nouvelle-Aquitaine;332;0;3.8200622;0;B
170780662;CENTRE MÉDICO-CHIRURGICAL DE L'ATLANTIQUE;Nouvelle-Aquitaine;485;0;4.3708272;0;B
180000028;CH J. COEUR BOURGES;Centre-Val de Loire;160;0;1.907812;0;B
180000051;CH VIERZON;Centre-Val de Loire;74;0;0.8663248;0;B
180000358;CLINIQUE DES GRAINETIERES;Centre-Val de Loire;145;0;1.6318814;0;B
180004145;HÔPITAL PRIVÉ GUILLAUME DE VARYE;Centre-Val de Loire;444;2;4.2123046;0.4747995;B
190000042;CH BRIVE;Nouvelle-Aquitaine;99;0;0.9697949;0;B
190000059;CH COEUR DE CORREZE;Nouvelle-Aquitaine;60;0;0.6518241;0;B
190000075;CH USSEL;Nouvelle-Aquitaine;96;1;0.9400295;1.0637963;B
190000224;CENTRE MÉDICO-CHIRURGICAL LES CEDRES BRIVE;Nouvelle-Aquitaine;929;5;9.5830261;0.5217559;B
200200145;POLYCLINIQUE LA RESIDENCE;Corse;179;0;1.6723984;0;B
210011847;POLYCLINIQUE DU PARC DREVON;Bourgogne-Franche-Comté;74;0;0.2537893;0;B
210012175;HOSPICES CIVILS DE BEAUNE;Bourgogne-Franche-Comté;103;1;1.0327021;0.9683335;B
210012670;HÔPITAL PRIVÉ DIJON BOURGOGNE;Bourgogne-Franche-Comté;330;1;3.164009;0.3160547;B
210780110;CLINIQUE SAINTE MARTHE;Bourgogne-Franche-Comté;46;0;0.3435768;0;B
210780136;CLINIQUE MÉDICO-CHIRURGICALE DE CHENOVE;Bourgogne-Franche-Comté;237;1;1.7373756;0.5755808;B
210780581;CHU DE DIJON;Bourgogne-Franche-Comté;371;6;3.5363365;1.6966711;B
210780706;CH ROBERT MORLEVAT SEMUR EN AUXOIS;Bourgogne-Franche-Comté;116;9;1.5209541;5.9173384;C
210780789;CLINIQUE MÉDICO-CHIRURGICALE;Bourgogne-Franche-Comté;118;1;1.3090401;0.7639186;B
210780979;CLINIQUE DE FONTAINE;Bourgogne-Franche-Comté;125;1;1.1314827;0.8837961;B
220000020;CH ST BRIEUC;Bretagne;178;0;1.6104555;0;B
220000079;CH GUINGAMP;Bretagne;132;0;1.23163;0;B
220000103;CH LANNION;Bretagne;49;0;0.3370619;0;B
220000111;POLYCLINIQUE DU TREGOR;Bretagne;358;1;2.9480642;0.3392056;B
220005599;POLYCLINIQUE DU PAYS DE RANCE;Bretagne;103;1;0.8490442;1.177795;B
220022800;HÔPITAL PRIVÉ DES COTES D'ARMOR;Bretagne;767;0;5.9145736;0;B
230780041;CH GUERET;Nouvelle-Aquitaine;86;0;1.1855038;0;B
230780157;CLINIQUE DE LA MARCHE;Nouvelle-Aquitaine;95;0;0.9338871;0;B
240000059;CH BERGERAC;Nouvelle-Aquitaine;90;0;1.1050051;0;B
240000117;CH PERIGUEUX;Nouvelle-Aquitaine;124;2;1.340276;1.49223;B
240000190;POLYCLINIQUE FRANCHEVILLE;Nouvelle-Aquitaine;280;4;2.0253617;1.9749559;B
240000208;CLINIQUE PASTEUR;Nouvelle-Aquitaine;279;1;2.7242771;0.3670699;B
240000216;CLINIQUE DU PARC;Nouvelle-Aquitaine;364;0;3.3073578;0;B
250000015;CHU BESANCON;Bourgogne-Franche-Comté;177;0;1.6448254;0;B
250000270;CLINIQUE SAINT-VINCENT;Bourgogne-Franche-Comté;1182;3;4.3779289;0.6852555;B
250000452;CHIC DE HAUTE-COMTÉ;Bourgogne-Franche-Comté;278;0;2.3399801;0;B
250011848;POLYCLINIQUE DE FRANCHE COMTE;Bourgogne-Franche-Comté;477;0;2.2873885;0;B
260000021;CH DE VALENCE;Auvergne-Rhône-Alpes;275;5;2.6213062;1.907446;B
260000047;GROUPEMENT HOSPITALIER PORTES DE PROVENCE;Auvergne-Rhône-Alpes;93;0;0.9721548;0;B
260000260;CLINIQUE LA PARISIERE;Auvergne-Rhône-Alpes;91;0;0.7853334;0;B
260003017;SA CLINIQUE KENNEDY;Auvergne-Rhône-Alpes;578;6;5.0396986;1.1905474;B
260016910;HÔPITAUX DROME NORD;Auvergne-Rhône-Alpes;207;2;2.1818011;0.9166739;B
270000060;CH DE BERNAY;Normandie;15;0;0.1262259;0;B
270000326;CLINIQUE PASTEUR;Normandie;107;0;0.9102768;0;B
270000862;CLINIQUE BERGOUIGNAN;Normandie;142;0;1.4587975;0;B
270023724;CHIC EURE SEINE HÔPITAUX EVREUX-VERNON;Normandie;83;1;0.7969419;1.2547966;B
280000134;CH CHARTRES;Centre-Val de Loire;221;1;2.3160895;0.4317622;B
280000183;CH VICTOR JOUSSELIN;Centre-Val de Loire;257;3;3.3423956;0.8975598;B
280505777;HÔPITAL PRIVÉ D'EURE ET LOIR;Centre-Val de Loire;342;0;3.3669135;0;B
290000017;CHU BREST;Bretagne;415;1;2.5094622;0.3984918;B
290000041;CH FERDINAND GRALL LANDERNEAU;Bretagne;32;2;0.3622046;5.521741;B
290000140;CLINIQUE PASTEUR-SAINT ESPRIT;Bretagne;680;1;6.0183698;0.166158;B
290000207;CLINIQUE ST MICHEL ET STE ANNE;Bretagne;622;1;1.9795862;0.5051561;B
290000215;POLYCLINIQUE QUIMPER SUD;Bretagne;319;1;3.5215132;0.2839688;B
290000728;HÔPITAL D'INSTRUCTION DES ARMÉES CLERMONT-TONNERRE;Bretagne;23;0;0.2255851;0;B
290019777;POLYCLINIQUE DE KERAUDREN;Bretagne;521;0;3.3906373;0;B
290020700;CHIC DE CORNOUAILLE QUIMPER;Bretagne;316;0;2.1830398;0;B
290021542;CH DES PAYS DE MORLAIX;Bretagne;147;0;1.0024375;0;B
290023431;CENTRE MÉDICO-CHIRURGICAL BAIE DE MORLAIX;Bretagne;204;0;1.6000175;0;B
2A0000014;CH GAL D'AJACCIO;Corse;61;2;0.683312;2.9269209;B
2A0000139;SA CLINISUD;Corse;165;1;1.4116768;0.7083774;B
2B0000020;CH BASTIA;Corse;75;0;0.905489;0;B
2B0000392;POLYCLINIQUE DE FURIANI;Corse;83;0;0.3023801;0;B
300780038;CHU NIMES;Occitanie;540;7;5.9813328;1.1703077;B
300780046;CH ALES;Occitanie;44;1;0.5483799;1.8235535;B
300780053;CH BAGNOLS SUR CEZE;Occitanie;103;0;1.0046179;0;B
300780137;NOUVELLE CLINIQUE BONNEFON;Occitanie;243;0;2.3240193;0;B
300780152;HÔPITAL PRIVÉ LES FRANCISCAINES;Occitanie;196;1;1.7036927;0.5869603;B
300781465;CLINIQUE KENNEDY;Occitanie;147;0;1.5586682;0;B
300788502;POLYCLINIQUE DU GRAND SUD;Occitanie;335;1;3.1555456;0.3169024;B
310026083;CLINIQUE SAINT-CYPRIEN RIVE GAUCHE;Occitanie;89;0;0.7110462;0;B
310780101;CLINIQUE SAINT JEAN LANGUEDOC;Occitanie;100;1;0.8619721;1.1601303;B
310780150;CLINIQUE MEDIPOLE GARONNE;Occitanie;2528;48;14.689102;3.2677286;C
310780283;NOUVELLE CLINIQUE DE L'UNION;Occitanie;1072;3;3.2401144;0.9258932;B
310780309;POLYCLINIQUE DU PARC;Occitanie;111;0;0.923001;0;B
310780382;CLINIQUE AMBROISE PARE;Occitanie;251;1;2.161132;0.4627205;B
310780671;CH SAINT-GAUDENS;Occitanie;131;3;1.481294;2.0252563;B
310781000;CLINIQUE DES CEDRES;Occitanie;413;7;1.6350234;4.2812843;C
310781067;HÔPITAL JOSEPH DUCUING;Occitanie;216;6;2.1157632;2.8358561;B
310781406;CHR TOULOUSE;Occitanie;603;2;4.8558117;0.4118776;B
310781505;CLINIQUE D'OCCITANIE;Occitanie;195;2;1.684743;1.1871247;B
320780067;CLINIQUE DU DR CARLIER;Occitanie;112;0;1.3009448;0;B
320780117;CH AUCH;Occitanie;129;3;1.5076099;1.9899047;B
330000340;M.S.P.B. BAGATELLE;Nouvelle-Aquitaine;251;0;2.4697499;0;B
330027509;CH SUD GIRONDE LANGON-LA REOLE;Nouvelle-Aquitaine;10;1;0.1165996;8.5763589;B
330780040;CLINIQUE CHIRURGICALE BEL AIR;Nouvelle-Aquitaine;50;0;0.28241;0;B
330780115;CLINIQUE TIVOLI-DUCOS;Nouvelle-Aquitaine;163;0;0.64927;0;B
330780206;CLINIQUE D'ARCACHON;Nouvelle-Aquitaine;328;0;0.0145397;0;B
330780255;CLINIQUE DU LIBOURNAIS;Nouvelle-Aquitaine;424;1;3.3004479;0.3029892;B
330780263;POLYCLINIQUE BORDEAUX RIVE DROITE;Nouvelle-Aquitaine;339;1;2.8689209;0.3485631;B
330780271;CLINIQUE DU SPORT DE BORDEAUX MERIGNAC;Nouvelle-Aquitaine;657;6;4.035614;1.4867626;B
330780479;POLYCLINIQUE BX-NORD AQUITAINE;Nouvelle-Aquitaine;356;1;3.1398683;0.3184847;B
330780495;CLINIQUE MUTUALISTE DU MEDOC;Nouvelle-Aquitaine;194;2;2.0196227;0.990284;B
330780503;POLYCLINIQUE SAINT MARTIN;Nouvelle-Aquitaine;209;10;1.7525235;5.7060575;C
330780511;CLINIQUE SAINTE ANNE;Nouvelle-Aquitaine;296;0;0.8479269;0;B
330780529;CLINIQUE MUTUALISTE;Nouvelle-Aquitaine;787;2;8.769598;0.2280606;B
330780537;CLINIQUE WALLERSTEIN;Nouvelle-Aquitaine;144;5;1.4635362;3.4163828;B
330781196;CHU DE BORDEAUX;Nouvelle-Aquitaine;519;1;4.4314035;0.2256621;B
330781204;CH D'ARCACHON;Nouvelle-Aquitaine;55;0;0.5866138;0;B
330781220;CH DE LA HAUTE GIRONDE;Nouvelle-Aquitaine;107;0;1.0433031;0;B
330781253;CH DE LIBOURNE;Nouvelle-Aquitaine;541;4;5.9627203;0.6708348;B
330781303;HÔPITAL D'INSTRUCTION DES ARMÉES ROBERT PICQUE;Nouvelle-Aquitaine;100;0;0.9015034;0;B
330781402;POLYCLINIQUE DE BORDEAUX - TONDU;Nouvelle-Aquitaine;131;2;0.6449664;3.1009369;B
330782582;POLYCLINIQUE JEAN VILLAR;Nouvelle-Aquitaine;240;0;0.0124723;0;B
340009885;POLYCLINIQUE CHAMPEAU;Occitanie;104;1;1.0279906;0.9727715;B
340011295;LES HÔPITAUX DU BASSIN DE THAU;Occitanie;262;0;2.6243976;0;B
340015965;SAS POLYCLINIQUE SAINT PRIVAT;Occitanie;482;2;5.0067282;0.3994625;B
340022979;POLYCLINIQUE ST ROCH;Occitanie;676;2;5.9553065;0.3358349;B
340780055;CH BEZIERS;Occitanie;226;0;2.2892873;0;B
340780139;CLINIQUE DU DR. CAUSSE;Occitanie;412;0;4.1774286;0;B
340780147;POLYCLINIQUE DES 3 VALLEES;Occitanie;14;0;0.1263392;0;B
340780154;POLYCLINIQUE PASTEUR;Occitanie;19;0;0.2283256;0;B
340780477;CHU MONTPELLIER;Occitanie;644;1;6.2337908;0.160416;B
340780634;POLYCLINIQUE SAINT-JEAN;Occitanie;512;0;3.6075929;0;B
340780642;CLINIQUE BEAU SOLEIL;Occitanie;246;1;2.6944225;0.371137;B
340780667;CLINIQUE DU PARC;Occitanie;177;1;1.9450537;0.5141246;B
340780675;CLINIQUE CLEMENTVILLE;Occitanie;129;0;1.1000398;0;B
340780717;CLINIQUE SAINT- LOUIS;Occitanie;236;0;2.23842;0;B
340780725;CLINIQUE VIA DOMITIA POLE DE SANTÉ;Occitanie;102;0;0.9295564;0;B
340780741;POLYCLINIQUE SAINTE THERESE;Occitanie;99;0;0.9373049;0;B
350000022;CH ST MALO;Bretagne;93;10;0.8595236;11.634352;C
350000030;CH FOUGERES;Bretagne;45;0;0.4033526;0;B
350000048;CHIC REDON CARENTOIR;Bretagne;112;0;1.1026651;0;B
350000055;CH VITRE;Bretagne;126;0;1.3242001;0;B
350000121;CH PRIVÉ ST-GREGOIRE;Bretagne;1120;4;6.4090162;0.6241208;B
350000139;CLINIQUE MUTUALISTE LA SAGESSE RENNES;Bretagne;450;0;3.2935966;0;B
350000196;CLINIQUE DE LA COTE D'EMERAUDE;Bretagne;624;2;4.402108;0.4543278;B
350002192;POLYCLINIQUE SAINT LAURENT;Bretagne;223;0;0.7099528;0;B
350005146;POLYCLINIQUE SEVIGNE;Bretagne;632;4;4.5491597;0.8792833;B
350005179;CHRU DE RENNES;Bretagne;381;5;3.1509625;1.5868167;B
360000053;CH DE CHATEAUROUX;Centre-Val de Loire;126;0;1.5106908;0;B
360000129;CLINIQUE ST FRANCOIS;Centre-Val de Loire;346;0;0.6662527;0;B
370000051;CLINIQUE JEANNE D ARC;Centre-Val de Loire;162;0;1.5395663;0;B
370000085;CLINIQUE SAINT-GATIEN SA;Centre-Val de Loire;315;0;1.8798371;0;B
370000093;CLINIQUE DE L'ALLIANCE;Centre-Val de Loire;337;2;3.0605951;0.6534677;B
370000481;CHU DE TOURS;Centre-Val de Loire;398;3;3.5599116;0.8427176;B
370000564;CHIC AMBOISE- CHATEAU RENAULT;Centre-Val de Loire;159;0;1.4448642;0;B
370000614;CH LOCHES;Centre-Val de Loire;77;0;0.6622402;0;B
370007569;PÔLE SANTÉ LÉONARD DE VINCI;Centre-Val de Loire;792;2;7.4386421;0.2688663;B
380012658;GROUPEMENT HOSPITALIER MUTUALISTE DE GRENOBLE;Auvergne-Rhône-Alpes;551;0;5.3297487;0;B
380020123;CLINIQUE DES COTES DU RHONE;Auvergne-Rhône-Alpes;31;1;0.347915;2.8742651;B
380780049;CH BOURGOIN JALLIEU;Auvergne-Rhône-Alpes;87;3;0.8855488;3.3877296;B
380780080;CHU GRENOBLE;Auvergne-Rhône-Alpes;680;24;8.0571742;2.9787118;C
380780197;CLINIQUE SAINT VINCENT DE PAUL;Auvergne-Rhône-Alpes;543;20;4.9109457;4.0725353;C
380780288;CLINIQUE DE CHARTREUSE;Auvergne-Rhône-Alpes;250;6;2.4063114;2.4934428;B
380781435;CH DE VIENNE;Auvergne-Rhône-Alpes;98;0;1.1546433;0;B
380784751;CH VOIRON;Auvergne-Rhône-Alpes;50;0;0.4772459;0;B
380785956;CLINIQUE DES CEDRES;Auvergne-Rhône-Alpes;475;15;5.4292826;2.7627959;C
380786442;CLINIQUE BELLEDONNE;Auvergne-Rhône-Alpes;726;1;2.0550946;0.4865956;B
390780146;CH LONS;Bourgogne-Franche-Comté;202;0;1.4042801;0;B
390780161;CH ST CLAUDE;Bourgogne-Franche-Comté;59;0;0.6618365;0;B
390780559;CLINIQUE DU JURA SA;Bourgogne-Franche-Comté;213;0;1.9730827;0;B
390780575;POLYCLINIQUE DU PARC;Bourgogne-Franche-Comté;189;0;2.0692221;0;B
390780609;CH PASTEUR DOLE;Bourgogne-Franche-Comté;115;0;1.2118324;0;B
400011177;CH DE MONT DE MARSAN;Nouvelle-Aquitaine;212;1;2.3695327;0.4220241;B
400780193;CH DAX;Nouvelle-Aquitaine;156;0;1.2604321;0;B
400780342;CLINIQUE JEAN LE BON;Nouvelle-Aquitaine;182;1;0.6363693;1.5714146;B
400780359;CLINIQUE DES LANDES;Nouvelle-Aquitaine;251;0;2.4210774;0;B
400782769;POLYCLINIQUE LES CHENES;Nouvelle-Aquitaine;57;0;0.7903536;0;B
410000087;CH DE BLOIS;Centre-Val de Loire;384;0;4.6974714;0;B
410000103;CH ROMORANTIN LANTHENAY;Centre-Val de Loire;31;0;0.2937921;0;B
410000202;POLYCLINIQUE DE BLOIS;Centre-Val de Loire;363;1;3.1238303;0.3201198;B
410004998;CLINIQUE DU SAINT COEUR;Centre-Val de Loire;342;0;3.7728014;0;B
420002495;HÔPITAL DU GIER;Auvergne-Rhône-Alpes;63;1;0.6670891;1.4990501;B
420010050;CLINIQUE MUTUALISTE DE LA LOIRE;Auvergne-Rhône-Alpes;1445;22;12.685735;1.7342315;B
420011413;CH PRIVÉ LOIRE;Auvergne-Rhône-Alpes;563;4;4.8964985;0.8169103;B
420013831;CH DU FOREZ;Auvergne-Rhône-Alpes;119;1;1.0984721;0.9103554;B
420780033;CH DE ROANNE;Auvergne-Rhône-Alpes;173;1;1.9323644;0.5175007;B
420780504;CLINIQUE DU PARC;Auvergne-Rhône-Alpes;118;3;1.2451358;2.4093758;B
420780652;CH DE FIRMINY;Auvergne-Rhône-Alpes;18;0;0.2022768;0;B
420782310;CLINIQUE DU RENAISON;Auvergne-Rhône-Alpes;567;3;4.8959169;0.6127555;B
420784878;CHU SAINT ETIENNE;Auvergne-Rhône-Alpes;359;4;3.5737674;1.119267;B
430000018;CH EMILE ROUX LE PUY;Auvergne-Rhône-Alpes;180;0;1.6060368;0;B
430000034;CH BRIOUDE;Auvergne-Rhône-Alpes;106;2;1.109188;1.8031208;B
430000109;CLINIQUE BON SECOURS - LE PUY;Auvergne-Rhône-Alpes;203;0;2.1859083;0;B
440000057;CH ST-NAZAIRE;Pays de la Loire;349;1;3.0599158;0.3268064;B
440000289;CHU DE NANTES;Pays de la Loire;410;3;4.2154632;0.7116656;B
440000404;CLINIQUE CHIRURGICALE STE-MARIE;Pays de la Loire;191;2;1.7361908;1.1519471;B
440000412;CLINIQUE BRETECHE VIAUD;Pays de la Loire;276;0;1.0492894;0;B
440002020;POLYCLINIQUE DE L'EUROPE;Pays de la Loire;371;1;2.5237647;0.3962334;B
440024982;AHO CLINIQUE SAINT AUGUSTIN;Pays de la Loire;475;1;4.6825237;0.21356;B
440029379;CLINIQUE JULES VERNE;Pays de la Loire;537;7;4.5992166;1.5219983;B
440033819;POLYCLINIQUE DE L'ATLANTIQUE;Pays de la Loire;1069;1;10.954047;0.0912905;A
440041580;L'HÔPITAL PRIVÉ DU CONFLUENT;Pays de la Loire;789;7;6.1433266;1.1394478;B
440053643;CH ERDRE ET LOIRE;Pays de la Loire;64;4;0.6323237;6.3258739;C
450000088;CHR ORLEANS;Centre-Val de Loire;247;1;2.7678128;0.3612961;B
450000104;CH AGGLOMERATION MONTARGOISE;Centre-Val de Loire;137;0;1.3950313;0;B
450000237;CLINIQUE JEANNE D'ARC - GIEN;Centre-Val de Loire;97;0;0.979784;0;B
450000245;CLINIQUE L'ARCHETTE;Centre-Val de Loire;530;0;4.7049821;0;B
450010079;ORELIANCE - LONGUES ALLEES;Centre-Val de Loire;797;1;7.5157573;0.1330538;B
450012968;CLINIQUE DE MONTARGIS;Centre-Val de Loire;290;11;2.4099681;4.5643758;C
460780083;CH FIGEAC;Occitanie;132;0;1.3599098;0;B
460780216;CH CAHORS;Occitanie;139;2;1.714873;1.1662671;B
470000027;CLINIQUE ESQUIROL - SAINT-HILAIRE;Nouvelle-Aquitaine;493;2;4.1817652;0.4782669;B
470001660;CH MARMANDE TONNEINS;Nouvelle-Aquitaine;328;0;3.4198161;0;B
470016049;POLE DE SANTÉ DU VILLENEUVOIS;Nouvelle-Aquitaine;109;2;1.3109035;1.5256653;B
470016171;CH AGEN-NERAC;Nouvelle-Aquitaine;156;0;0.7538844;0;B
480780097;CH MENDE;Occitanie;198;0;1.9318762;0;B
490000031;CHRU ANGERS;Pays de la Loire;553;6;5.6107527;1.0693752;B
490000676;CH CHOLET;Pays de la Loire;279;1;2.8844987;0.3466807;B
490002037;SA POLYCLINIQUE DU PARC;Pays de la Loire;420;12;3.8506797;3.116333;C
490007929;CLINIQUE CHIRURGICALE DE LA LOIRE;Pays de la Loire;346;7;2.9778335;2.3507023;B
490014909;CLINIQUE DE L'ANJOU;Pays de la Loire;341;1;2.09737;0.4767876;B
490015906;CLINIQUE SAINT LEONARD;Pays de la Loire;957;11;8.6538419;1.2711117;B
500000013;CH DU COTENTIN;Normandie;109;1;0.98001;1.0203978;B
500000054;CH AVRANCHES GRANVILLE;Normandie;54;0;0.463184;0;B
500000112;HÔPITAL MEMORIAL ST LO;Normandie;32;0;0.281495;0;B
500000146;POLYCLINIQUE DE LA BAIE-ST MARTIN;Normandie;253;0;2.1403513;0;B
500000203;POLYCLINIQUE DE LA MANCHE - SAINT-LO;Normandie;296;0;2.1137672;0;B
500000401;CLINIQUE DR. H. GUILLARD;Normandie;279;2;2.5912331;0.7718333;B
500002357;POLYCLINIQUE DU COTENTIN;Normandie;334;0;3.3315834;0;B
510000029;CHR DE REIMS;Grand Est;341;1;3.1488166;0.3175796;B
510000037;CH CHALONS EN CHAMPAGNE;Grand Est;108;0;1.0347712;0;B
510000185;POLYCLINIQUE COURLANCY - REIMS;Grand Est;1104;26;8.4872226;3.0634285;C
510000193;POLYCLINIQUE SAINT-ANDRE;Grand Est;247;34;2.7236187;12.483392;C
510000227;POLYCLINIQUE PRIOLLET - CHALONS;Grand Est;298;7;3.602225;1.9432434;B
510000243;CLINIQUE D'EPERNAY;Grand Est;207;0;2.624606;0;B
510012040;POLYCLINIQUE LES BLEUETS - REIMS;Grand Est;22;2;0.2409269;8.3012721;B
520004714;GCS POL SANT SUD 52 - CLINIQ COMPASSIO;Grand Est;102;0;1.1754733;0;B
520004722;GCS POLE SANTÉ SUD 52 - CMC CHAUMONT;Grand Est;47;0;0.4661788;0;B
520780032;CH DE CHAUMONT;Grand Est;75;0;0.6789334;0;B
520780073;CH DE ST DIZIER;Grand Est;128;0;1.5909574;0;B
520780156;CLINIQUE DE LA COMPASSION;Grand Est;223;0;2.2292643;0;B
520780214;CENTRE MÉDICO-CHIRURGICAL;Grand Est;37;0;0.3498132;0;B
530000025;CHIC DU HAUT-ANJOU;Pays de la Loire;117;1;0.9936381;1.0064027;B
530000074;CH NORD-MAYENNE;Pays de la Loire;127;1;0.7472085;1.3383145;B
530000371;CH LAVAL;Pays de la Loire;68;0;0.5969492;0;B
530031962;POLYCLINIQUE DU MAINE;Pays de la Loire;334;1;2.9220897;0.3422208;B
540000049;CH TOUL;Grand Est;60;2;0.5798428;3.4492107;B
540000361;CLINIQUE JEANNE D'ARC - LUNEVILL;Grand Est;386;4;4.1263725;0.9693744;B
540000452;CLINIQUE ST ANDRE VANDOEUVRE;Grand Est;305;1;2.5620422;0.3903136;B
540000478;POLYCLINIQUE LOUIS PASTEUR;Grand Est;368;1;2.7470362;0.3640287;B
540000486;POLYCLINIQUE DE GENTILLY;Grand Est;721;1;5.7358511;0.174342;B
540000767;CH BRIEY;Grand Est;43;0;0.6039933;0;B
540001096;CH DE MT ST MARTIN;Grand Est;12;0;0.1748702;0;B
540023264;CHRU DE NANCY;Grand Est;913;1;9.0782712;0.1101531;B
550000178;POLYCLINIQUE DU PARC - BAR-LE-DUC;Grand Est;589;52;7.2377;7.1846028;C
550006795;CH VERDUN/SAINT MIHIEL;Grand Est;184;0;2.2940624;0;B
560000044;CH PLOERMEL;Bretagne;207;0;2.034257;0;B
560002511;CLINIQUE DU TER;Bretagne;525;2;4.1062124;0.4870669;B
560002933;CLINIQUE MUTUALISTE PORTE DE L'ORIENT;Bretagne;550;3;4.4935154;0.6676287;B
560005746;GROUPEMENT HOSPITALIER BRETAGNE SUD;Bretagne;61;0;0.4753697;0;B
560007510;POLYCLINIQUE DE PONTIVY;Bretagne;428;1;4.0858445;0.2447474;B
560008799;CLINIQUE OCEANE;Bretagne;450;0;3.8191457;0;B
560014748;CH DU CENTRE BRETAGNE;Bretagne;37;0;0.2990414;0;B
560023210;CH BRETAGNE ATLANTIQUE VANNES;Bretagne;500;0;3.5840161;0;B
570000083;CLINIQUE SAINT NABOR;Grand Est;807;0;7.5291844;0;A
570000158;CH DE SARREGUEMINES;Grand Est;16;0;0.2401035;0;B
570000216;HOSPITALOR - SAINT-AVOLD;Grand Est;51;0;0.533223;0;B
570000356;CLINIQUE CHIRURGICALE AMBROISE PARE;Grand Est;630;0;4.3872707;0;B
570000364;CLINIQUE NOTRE DAME;Grand Est;175;0;1.4506982;0;B
570000646;HÔPITAL CLINIQUE CLAUDE BERNARD;Grand Est;164;0;1.8098747;0;B
570001057;HÔPITAL BELLE ISLE METZ;Grand Est;1481;9;15.208777;0.5917636;B
570005165;CHR METZ THIONVILLE;Grand Est;249;0;2.5337906;0;B
570015099;CH SARREBOURG;Grand Est;185;0;1.6860499;0;B
570025254;CHIC UNISANTÉ;Grand Est;31;0;0.4059036;0;B
580780039;CH DE L'AGGLOMÉRATION DE NEVERS;Bourgogne-Franche-Comté;243;3;2.8808181;1.0413709;B
580780138;POLYCLINIQUE DU VAL DE LOIRE;Bourgogne-Franche-Comté;474;1;3.1018962;0.3223834;B
580780195;CLINIQUE DE COSNE-SUR-LOIRE;Bourgogne-Franche-Comté;75;0;1.000578;0;B
590006896;POLYCLINIQUE DE LA THIERACHE;Hauts-de-France;253;4;2.5594277;1.5628494;B
590008041;POLYCLINIQUE VAUBAN;Hauts-de-France;15;0;0.0886462;0;B
590052056;GCS GHICL CLINIQUE STE MARIE;Hauts-de-France;62;1;0.7524346;1.3290192;B
590780193;CHRU DE LILLE;Hauts-de-France;1083;9;8.6162349;1.0445398;B
590780227;GROUPEMENT HOSPITALIER SECLIN CARVIN;Hauts-de-France;123;3;1.3034411;2.3015999;B
590780250;CLINIQUE LILLE-SUD;Hauts-de-France;102;0;1.0630064;0;B
590780284;GPT HÔPITAUX INSTITUT CATHOLIQUE LILLE;Hauts-de-France;176;0;1.8950371;0;B
590780383;POLYCLINIQUE DE LA LOUVIERE;Hauts-de-France;423;25;5.199036;4.8085837;C
590781415;CH DE DUNKERQUE;Hauts-de-France;263;6;2.7747158;2.1623837;B
590781571;CLINIQUE DU CAMBRESIS;Hauts-de-France;647;60;5.8679206;10.225087;C
590781605;CH DE CAMBRAI;Hauts-de-France;94;0;1.0032712;0;B
590781803;CH SAMBRE-AVESNOIS;Hauts-de-France;23;0;0.2723803;0;B
590781902;CH DE TOURCOING;Hauts-de-France;194;4;2.6060799;1.5348724;B
590781951;CLINIQUE DU CROISE LAROCHE SA;Hauts-de-France;1314;27;11.408718;2.3666111;C
590782165;CH DE DENAIN;Hauts-de-France;284;1;3.2148627;0.3110553;B
590782215;CH VALENCIENNES;Hauts-de-France;698;3;7.4116565;0.4047678;B
590782298;CLINIQUE DU PARC;Hauts-de-France;1013;2;6.1941123;0.3228873;B
590782421;CH DE ROUBAIX;Hauts-de-France;157;0;1.8467898;0;B
590782553;HÔPITAL PRIVÉ DE VILLENEUVE D'ASCQ;Hauts-de-France;258;0;2.8432463;0;B
590782637;CH ARMENTIERES;Hauts-de-France;59;5;0.6778072;7.3767289;C
590782652;CH D'HAZEBROUCK;Hauts-de-France;69;1;0.6645869;1.5046942;B
590783239;CH DE DOUAI;Hauts-de-France;216;1;2.5556659;0.3912874;B
590790655;CLINIQUE CHIRURGICALE ST ROCH;Hauts-de-France;270;8;2.6699405;2.9963214;B
590797353;HÔPITAL SAINT VINCENT - SAINT ANTOINE;Hauts-de-France;72;1;0.7757087;1.2891438;B
590813176;CLINIQUE DES HETRES;Hauts-de-France;17;1;0.1071989;9.3284575;B
590813382;SA NOUVELLE CLINIQUE VILLETTE;Hauts-de-France;176;0;1.8795309;0;B
590813507;POLYCLINIQUE VAL DE SAMBRE;Hauts-de-France;238;0;2.6059937;0;B
590815056;CLINIQUE DE FLANDRE;Hauts-de-France;355;1;3.3525973;0.2982762;B
590816310;CLINIQUE ST AME;Hauts-de-France;318;2;2.1892722;0.9135456;B
600010862;SAS CENTRE CHIRURGICAL DE CHANTILLY;Hauts-de-France;484;1;5.7599449;0.1736128;B
600100168;CENTRE MÉDICO-CHIRURGICAL;Hauts-de-France;57;0;0.2306178;0;B
600100648;CH DE CLERMONT;Hauts-de-France;25;1;0.2482068;4.0288992;B
600100713;CH DE BEAUVAIS;Hauts-de-France;68;1;0.7843561;1.2749312;B
600100721;CHIC COMPIEGNE-NOYON;Hauts-de-France;296;2;2.85403;0.7007635;B
600100754;POLYCLINIQUE SAINT-COME SA;Hauts-de-France;154;1;1.4084284;0.7100112;B
600101984;GROUPEMENT HOSPITALIER PUBLIC DU SUD DE L'OISE;Hauts-de-France;86;0;0.9693443;0;B
600110175;CLINIQUE DU PARC SAINT LAZARE;Hauts-de-France;188;0;1.2993688;0;B
610006421;CLINIQUE D'ALENCON;Normandie;264;5;1.569925;3.1848656;B
610780074;CH DE L'AIGLE;Normandie;13;1;0.1426155;7.0118599;B
610780082;CH ALENCON;Normandie;164;4;1.5452166;2.5886339;B
610780090;CH ARGENTAN;Normandie;101;1;1.065652;0.9383926;B
610780165;CH FLERS;Normandie;238;2;2.0842374;0.9595836;B
610780199;CLINIQUE ST DOMINIQUE;Normandie;39;1;0.3738245;2.6750518;B
620000026;ÉTABLISSEMENT HOPALE CTRE CALOT/HELIO;Hauts-de-France;1043;1;8.902491;0.1123281;B
620003376;POLYCLINIQUE MÉDICO-CHIRURGICALE D'HENIN-BEAUMONT;Hauts-de-France;540;8;5.1225832;1.5617121;B
620006049;CLINIQUE DE ST OMER;Hauts-de-France;534;0;5.3743625;0;B
620025346;POLYCLINIQUE DE DIVION;Hauts-de-France;269;6;3.0585699;1.9617011;B
620100057;CH D'ARRAS;Hauts-de-France;110;1;0.959693;1.0419999;B
620100099;HÔPITAL PRIVÉ ARRAS LES BONNETTES;Hauts-de-France;720;6;3.7012598;1.6210697;B
620100487;CLINIQUE DES ACACIAS;Hauts-de-France;232;9;2.285214;3.938362;C
620100651;CH BETHUNE-BEUVRY;Hauts-de-France;111;1;1.3059301;0.7657378;B
620100685;CH DE LENS;Hauts-de-France;94;6;0.9209338;6.515126;C
620100735;POLYCLINIQUE DE L'ARTOIS;Hauts-de-France;402;0;3.5048099;0;B
620101311;CLINIQUE DES 2 CAPS;Hauts-de-France;336;6;3.483087;1.7226098;B
620101337;CH DE CALAIS;Hauts-de-France;57;0;0.5257578;0;B
620101360;CH REGION DE SAINT-OMER;Hauts-de-France;70;0;0.8393429;0;B
620101501;POLYCLINIQUE DE BOIS-BERNARD SA;Hauts-de-France;420;7;3.7173467;1.8830635;B
620103432;CH ARRONDISSEMENT DE MONTREUIL;Hauts-de-France;32;0;0.3516851;0;B
620103440;CH DE BOULOGNE;Hauts-de-France;178;0;1.7230526;0;B
620105940;POLYCLINIQUE DU TERNOIS;Hauts-de-France;66;0;0.6858974;0;B
620118513;CENTRE MÉDICO CHIRURGICAL ET OBSTÉTRICAL COTE D'OPALE;Hauts-de-France;210;1;2.2030243;0.4539215;B
630780211;POLE SANTÉ REPUBLIQUE - CLERMONT;Auvergne-Rhône-Alpes;841;3;7.6126186;0.3940825;B
630780989;CHU CLERMONT-FERRAND;Auvergne-Rhône-Alpes;499;5;4.4872273;1.1142738;B
630781003;CH ISSOIRE;Auvergne-Rhône-Alpes;34;1;0.3926548;2.5467665;B
630781029;CH THIERS;Auvergne-Rhône-Alpes;46;0;0.5530719;0;B
630781839;CLINIQUE CHATAIGNERAIE - BEAUMONT;Auvergne-Rhône-Alpes;1401;1;13.023569;0.0767839;A
640017638;CH DE SAINT-PALAIS;Nouvelle-Aquitaine;141;0;1.6611593;0;B
640018206;CAPIO CLINIQUE BELHARRA;Nouvelle-Aquitaine;762;0;5.5549898;0;B
640780417;CH COTE BASQUE;Nouvelle-Aquitaine;401;0;3.9061205;0;B
640780490;POLYCLINIQUE AGUILERA;Nouvelle-Aquitaine;426;0;4.6368807;0;B
640780748;POLYCLINIQUE COTE BASQUE SUD;Nouvelle-Aquitaine;130;1;1.1260353;0.8880716;B
640780821;CH OLORON;Nouvelle-Aquitaine;120;0;1.1701577;0;B
640780938;CLINIQUE CHIRURGICALE MARZET;Nouvelle-Aquitaine;432;0;3.549564;0;B
640780946;POLYCLINIQUE DE NAVARRE;Nouvelle-Aquitaine;178;4;1.4996313;2.6673223;B
640780987;CLINIQUE D'ORTHEZ;Nouvelle-Aquitaine;99;0;1.3791783;0;B
640781290;CH PAU;Nouvelle-Aquitaine;349;5;3.7971571;1.3167746;B
650002579;CLINIQUE ORMEAU PYRENEES;Occitanie;574;0;5.4638135;0;B
650780158;CH LOURDES;Occitanie;66;0;0.7900335;0;B
650780174;CH LANNEMEZAN;Occitanie;217;0;1.711794;0;B
650783160;CH DE BIGORRE;Occitanie;55;0;0.5362117;0;B
660006305;LA CLINIQUE MUTUALISTE CATALANE;Occitanie;857;0;7.8378434;0;A
660780180;CH PERPIGNAN;Occitanie;87;1;0.502332;1.9907153;B
660780628;CLINIQUE DU VALLESPIR;Occitanie;30;0;0.2767789;0;B
660780776;CLINIQUE SAINT MICHEL;Occitanie;60;17;0.6764473;25.1313;C
660780784;CLINIQUE SAINT PIERRE;Occitanie;248;0;2.8517246;0;B
660790387;POLYCLINIQUE SAINT ROCH;Occitanie;618;7;6.6331052;1.0553127;B
670016237;CLINIQUE SAINTE ODILE STRASBOURG;Grand Est;151;0;0.5093909;0;B
670017755;GROUPEMENT HOSPITALIER SELESTAT OBERNAI;Grand Est;195;0;2.0863085;0;B
670017862;GCS CLINIQUE DES DIACONESSES;Grand Est;119;0;0.9440401;0;B
670018068;CLINIQUE RHENA GCS;Grand Est;1053;3;3.7568917;0.7985325;B
670780055;CHU DE STRASBOURG;Grand Est;739;1;6.1969949;0.1613685;B
670780170;CLINIQUE DE L'ORANGERIE STRASB.;Grand Est;578;4;4.8243219;0.8291321;B
670780212;CLINIQUE SAINTE-ANNE - GHSV;Grand Est;47;0;0.6230795;0;B
670780337;CH DE HAGUENAU;Grand Est;366;0;0.9282486;0;B
670780345;CH DE SAVERNE;Grand Est;190;0;1.7668943;0;B
670780378;CLINIQUE SAINT-FRANCOIS HAGUENAU;Grand Est;141;1;1.0995196;0.9094881;B
670780386;CLINIQUE SAINTE ODILE HAGUENAU;Grand Est;250;0;0.010476;0;B
670780543;CH WISSEMBOURG;Grand Est;51;0;0.5547625;0;B
680000320;CLINIQUE DIACONAT FONDERIE;Grand Est;268;2;2.864437;0.6982175;B
680000494;CLINIQUE DIACONAT ROOSEVELT;Grand Est;734;0;4.1685136;0;B
680000973;CH DE COLMAR;Grand Est;640;1;7.1186146;0.1404768;B
680001195;HÔPITAL ALBERT SCHWEITZER;Grand Est;599;0;5.3512612;0;B
680020088;NOUVELLE CLINIQUE DES TROIS FRONTIERES;Grand Est;195;0;1.3780648;0;B
680020336;GRPE HOSP REGION MULHOUSE ET SUD ALSACE;Grand Est;326;6;3.6520865;1.6428965;B
690000427;CENTRE MÉDICO-CHIRURGICAL ET DE RÉÉDAPTATIION DES MASSUES;Auvergne-Rhône-Alpes;41;0;0.3649458;0;B
690023239;CLINIQUE DU PARC;Auvergne-Rhône-Alpes;682;1;6.4886174;0.154116;B
690023411;HÔPITAL PRIVÉ JEAN MERMOZ;Auvergne-Rhône-Alpes;832;9;8.4113293;1.0699855;B
690780093;HÔPITAL D'INSTRUCTION DES ARMÉES DESGENETTES;Auvergne-Rhône-Alpes;174;0;1.5395582;0;B
690780200;CLINIQUE EMILIE DE VIALAR;Auvergne-Rhône-Alpes;108;1;1.0699768;0.9345997;B
690780259;CLINIQUE SAINT-CHARLES;Auvergne-Rhône-Alpes;329;0;1.0037869;0;B
690780358;CLINIQUE DU VAL D'OUEST-VENDOME;Auvergne-Rhône-Alpes;215;0;2.0140725;0;B
690780366;CLINIQUE CHARCOT;Auvergne-Rhône-Alpes;344;5;2.8469181;1.7562852;B
690780382;CLINIQUE DU GRAND LARGE;Auvergne-Rhône-Alpes;56;0;0.4048633;0;B
690780390;POLYCLINIQUE DE RILLIEUX;Auvergne-Rhône-Alpes;87;0;0.7753191;0;B
690780416;GROUPEMENT HOSPITALIER MUTUALISTE LES PORTES DU SUD;Auvergne-Rhône-Alpes;61;2;0.7993692;2.5019727;B
690780648;CLINIQUE DE LA SAUVEGARDE;Auvergne-Rhône-Alpes;423;1;0.7815104;1.2795734;B
690780655;HÔPITAL PRIVÉ DE L'EST LYONNAIS;Auvergne-Rhône-Alpes;112;2;1.2965486;1.5425569;B
690780663;CLINIQUE TRENEL;Auvergne-Rhône-Alpes;442;0;3.481824;0;B
690781836;CLINIQUE MUTUALISTE EUGENE ANDRE;Auvergne-Rhône-Alpes;103;9;1.1030912;8.1588899;C
690782222;HÔPITAL NORD OUEST - VILLEFRANCHE;Auvergne-Rhône-Alpes;290;1;2.2706289;0.4404066;B
690782834;CLINIQUE DU TONKIN;Auvergne-Rhône-Alpes;112;2;1.1378316;1.7577294;B
690783154;HÔPITAL EDOUARD HERRIOT;Auvergne-Rhône-Alpes;270;3;2.9343486;1.0223734;B
690784137;CH LYON SUD;Auvergne-Rhône-Alpes;467;2;3.3602658;0.595191;B
690784152;HÔPITAL DE LA CROIX-ROUSSE;Auvergne-Rhône-Alpes;684;2;6.3278425;0.3160635;B
690793468;INFIRMERIE PROTESTANTE DE LYON;Auvergne-Rhône-Alpes;144;10;0.8270351;12.091386;C
690805361;CH ST JOSEPH ST LUC;Auvergne-Rhône-Alpes;160;0;1.4722348;0;B
690807367;POLYCLINIQUE DU BEAUJOLAIS;Auvergne-Rhône-Alpes;296;4;2.5270811;1.5828538;B
700004591;GROUPEMENT HOSPITALIER DE LA HAUTE SAONE;Bourgogne-Franche-Comté;101;1;0.9852289;1.0149925;B
700780174;CLINIQUE ST MARTIN;Bourgogne-Franche-Comté;253;2;3.0206584;0.6621073;B
710006859;POLYCLINIQUE DU VAL DE SAONE;Bourgogne-Franche-Comté;388;2;3.1831166;0.628315;B
710780263;CH LES CHANAUX MACON;Bourgogne-Franche-Comté;266;4;2.8273653;1.4147447;B
710780644;CH DE PARAY;Bourgogne-Franche-Comté;219;3;2.4595132;1.2197536;B
710780917;HÔPITAL PRIVÉ SAINTE MARIE;Bourgogne-Franche-Comté;67;3;0.6456363;4.6465789;B
710780958;CH WILLIAM MOREY;Bourgogne-Franche-Comté;289;2;3.6403857;0.5493923;B
710781410;CLINIQUE DU PARC;Bourgogne-Franche-Comté;546;17;5.2778593;3.2210029;C
710781824;CENTRE ORTHOPEDIQUE MEDICO-CHIR;Bourgogne-Franche-Comté;1099;19;11.042475;1.7206287;B
710976705;CH JEAN BOUVERI - GALUZOT;Bourgogne-Franche-Comté;95;0;1.0599103;0;B
710978347;HOTEL-DIEU DU CREUSOT;Bourgogne-Franche-Comté;36;4;0.4015943;9.9603011;C
720000025;CH LE MANS;Pays de la Loire;630;2;6.2363046;0.3207027;B
720000199;SA CLINIQUE CHIR. LE PRE-PASTEUR;Pays de la Loire;732;8;7.5260025;1.0629813;B
720006022;CH FERTE BERNARD;Pays de la Loire;49;4;0.4893626;8.1738981;C
720016724;POLE SANTÉ SARTHE ET LOIR;Pays de la Loire;142;1;1.3308091;0.7514226;B
720017748;POLE SANTÉ SUD SITE CMCM;Pays de la Loire;387;21;3.9442686;5.3241811;C
730000015;CH METROPOLE SAVOIE;Auvergne-Rhône-Alpes;500;8;4.5146724;1.7720001;B
730002839;CHIC ALBERTVILLE MOUTIERS;Auvergne-Rhône-Alpes;78;0;0.781493;0;B
730004298;HÔPITAL PRIVÉ MEDIPOLE DE SAVOIE;Auvergne-Rhône-Alpes;613;16;5.7661684;2.7748062;C
730012499;GCS CLINIQUE HERBERT;Auvergne-Rhône-Alpes;105;0;0.6886458;0;B
730780103;CH ST JEAN DE MAURIENNE;Auvergne-Rhône-Alpes;74;1;0.4961655;2.0154567;B
730780459;CLINIQUE HERBERT;Auvergne-Rhône-Alpes;230;3;1.5702555;1.9105171;B
730780525;CH BOURG SAINT MAURICE;Auvergne-Rhône-Alpes;108;2;1.1721306;1.7062944;B
740001839;CHIC DES HÔPITAUX DU PAYS DU MONT BLANC;Auvergne-Rhône-Alpes;75;1;0.7623723;1.3116951;B
740014345;HÔPITAL PRIVÉ PAYS DE SAVOIE;Auvergne-Rhône-Alpes;505;2;5.005431;0.399566;B
740780416;CLINIQUE DU LAC ET D'ARGONAY;Auvergne-Rhône-Alpes;816;2;6.540056;0.3058078;B
740780424;CLINIQUE GENERALE ANNECY;Auvergne-Rhône-Alpes;475;0;4.0837919;0;B
740781133;CH ANNECY-GENEVOIS;Auvergne-Rhône-Alpes;318;2;3.1636592;0.6321793;B
740790258;CH ALPES-LEMAN;Auvergne-Rhône-Alpes;185;2;1.6244527;1.2311839;B
740790381;CHIC DU LEMAN;Auvergne-Rhône-Alpes;123;1;1.1913854;0.839359;B
750000523;GROUPEMENT HOSPITALIER PARIS SAINT-JOSEPH;Ile-de-France;489;2;3.9518147;0.5060966;B
750006728;GROUPEMENT HOSPITALIER DIACONESSES-CROIX SAINT-SIMON;Ile-de-France;2161;1;9.7645964;0.1024108;A
750100042;CHU SAINT LOUIS SITE LARIBOISIERE-APHP;Ile-de-France;656;0;7.1605891;0;A
750100091;HÔPITAL SAINT-ANTOINE;Ile-de-France;147;0;1.5701511;0;B
750100125;GROUPEMENT HOSPITALIER PITIE-SALPETRIERE;Ile-de-France;417;2;3.7006702;0.5404427;B
750100166;HÔPITAL COCHIN/ST VINCENT DE PAUL;Ile-de-France;645;3;5.9085886;0.5077355;B
750150104;INSTITUT MUTUALISTE MONTSOURIS;Ile-de-France;779;3;7.6797209;0.3906392;B
750300071;CLINIQUE GEOFFROY ST HILAIRE;Ile-de-France;229;11;2.1749908;5.0574926;C
750300089;CLINIQUE DU SPORT;Ile-de-France;602;3;3.3225204;0.902929;B
750300121;FOND ST JEAN DE DIEU CLINIQUE OUDINOT;Ile-de-France;244;1;2.1688106;0.4610822;B
750300139;CLINIQUE DE L ALMA;Ile-de-France;26;1;0.3031296;3.2989193;B
750300154;CLINIQUE TURIN;Ile-de-France;113;1;1.0004139;0.9995863;B
750300360;HÔPITAL PRIVÉ DES PEUPLIERS;Ile-de-France;65;0;0.6243751;0;B
750300493;CLINIQUE ARAGO;Ile-de-France;2130;51;15.387178;3.3144479;C
750300592;CLINIQUE BLOMET;Ile-de-France;41;0;0.3813881;0;B
750300766;CLINIQUE BIZET;Ile-de-France;92;0;1.3848819;0;B
750300774;CLINIQUE JOUVENET;Ile-de-France;959;9;6.9227871;1.3000544;B
750300857;MAISON DE SANTÉ REMUSAT;Ile-de-France;74;4;0.973984;4.1068437;B
750300881;CLINIQUE DU TROCADERO;Ile-de-France;17;0;0.171328;0;B
750300915;CLINIQUE INTERNATIONALE PARC MONCEAU;Ile-de-France;139;1;1.5600948;0.6409867;B
750301137;CLINIQUE ALLERAY LABROUSTE;Ile-de-France;133;2;1.4945646;1.3381824;B
750301145;CLINIQUE DU MONT LOUIS;Ile-de-France;82;0;0.7634328;0;B
750301160;CLINIQUE DES MAUSSINS;Ile-de-France;961;22;10.313623;2.1331011;C
750803447;HÔPITAL EUROPEEN G. POMPIDOU/BROUSSAIS;Ile-de-France;161;1;1.7138008;0.5834984;B
760021329;HÔPITAL PRIVÉ DE L'ESTUAIRE;Normandie;416;0;3.7013691;0;B
760024042;CHIC ELBEUF LOUVIERS;Normandie;176;1;1.734022;0.5766939;B
760025312;CLINIQUE MATHILDE;Normandie;274;2;2.4373763;0.8205545;B
760027292;POLYCLINIQUE MEGIVAL;Normandie;218;0;1.5852808;0;B
760780023;CH DE DIEPPE;Normandie;97;0;0.952612;0;B
760780239;CHU ROUEN;Normandie;297;1;2.8890874;0.3461301;B
760780510;CLINIQUE DU CEDRE;Normandie;1228;2;9.3643835;0.2135752;B
760780619;CLINIQUE SAINT HILAIRE;Normandie;619;0;5.7849838;0;B
760780726;CH DU HAVRE;Normandie;364;0;3.0734987;0;B
760780783;CLINIQUE TOUS VENTS;Normandie;17;0;0.1916446;0;B
760780791;CLINIQUE DES ORMEAUX;Normandie;252;0;1.2878243;0;B
760780825;CLINIQUE DE L'ABBAYE;Normandie;145;0;0.8923693;0;B
760921809;CLINIQUE DE L'EUROPE;Normandie;642;65;6.4422826;10.089592;C
770021145;GRAND HÔPITAL DE L'EST FRANCILIEN;Ile-de-France;181;3;1.8813;1.594642;B
770021152;CH SUD SEINE ET MARNE;Ile-de-France;47;0;0.4336642;0;B
770110054;GRPE HOSPITALIER DU SUD ILE DE FRANCE;Ile-de-France;31;0;0.3460221;0;B
770110070;CH LEON BINET PROVINS;Ile-de-France;29;0;0.29707;0;B
770300010;HÔPITAL PRIVÉ DE MARNE CHANTEREINE;Ile-de-France;210;0;2.089211;0;B
770300135;CLINIQUE MÉDICO-CHIRURGICALE LES FONTAINES;Ile-de-France;238;4;2.1418142;1.8675756;B
770300143;POLYCLINIQUE SAINT JEAN;Ile-de-France;326;2;3.9293644;0.5089882;B
770300192;CLINIQUE ST BRICE;Ile-de-France;108;0;1.2089363;0;B
770300275;POLYCLINIQUE DE LA FORET;Ile-de-France;89;1;0.8982597;1.1132638;B
770300283;CLINIQUE CHIRURGICALE ERMITAGE;Ile-de-France;21;0;0.2191655;0;B
770790707;CLINIQUE DE TOURNAN;Ile-de-France;191;0;1.877349;0;B
770813400;CLINIQUE SAINT FARON;Ile-de-France;308;0;2.9821627;0;B
780001236;CHIC DE POISSY ST-GERMAIN;Ile-de-France;63;0;0.9217275;0;B
780002697;CHIC DE MEULAN LES MUREAUX;Ile-de-France;245;1;2.496425;0.4005728;B
780018727;CLINIQUE SAINT GERMAIN;Ile-de-France;79;0;0.7707587;0;B
780110011;CH FRANCOIS QUESNAY MANTES LA JOLIE;Ile-de-France;32;0;0.2209096;0;B
780110052;CH DE RAMBOUILLET;Ile-de-France;78;0;0.6776485;0;B
780110078;CH DE VERSAILLES;Ile-de-France;400;0;3.2137366;0;B
780300125;POLYCLINIQUE LA REGION MANTAISE;Ile-de-France;169;0;2.227338;0;B
780300208;CLINIQUE SAINT LOUIS;Ile-de-France;384;0;2.2684686;0;B
780300323;CLINIQUE DES FRANCISCAINES;Ile-de-France;239;1;1.7746565;0.5634893;B
780300406;CENTRE MÉDICO-CHIRURGICAL DE PARLY II;Ile-de-France;86;4;0.9728251;4.1117361;B
780300414;CENTRE MÉDICO-CHIRURGICAL EUROPE;Ile-de-France;167;1;1.4197754;0.7043368;B
780300422;HÔPITAL PRIVÉ OUEST;Ile-de-France;290;6;2.7314981;2.1965968;B
780300455;CH PRIVÉ DU MONTGARDE;Ile-de-France;146;0;1.4999657;0;B
790000012;CH DE NIORT;Nouvelle-Aquitaine;259;4;2.452928;1.6307042;B
790006654;CH NORD DEUX-SEVRES;Nouvelle-Aquitaine;178;1;1.679637;0.5953667;B
790009948;POLYCLINIQUE INKERMANN;Nouvelle-Aquitaine;444;3;5.1119733;0.5868575;B
800000028;CH D'ABBEVILLE;Hauts-de-France;29;0;0.2618805;0;B
800000044;CHU D'AMIENS;Hauts-de-France;1004;7;5.4394016;1.2869063;B
800000093;CH DE PERONNE;Hauts-de-France;40;0;0.1272459;0;B
800002503;SA SAINTE ISABELLE;Hauts-de-France;436;10;4.6838809;2.1349817;B
800009466;POLYCLINIQUE DE PICARDIE;Hauts-de-France;710;14;5.7436682;2.4374667;C
800009920;SA CLINIQUE VICTOR PAUCHET;Hauts-de-France;291;0;2.8917114;0;B
810000224;CENTRE MÉDICO CHIRURGICAL ET OBSTÉTRICAL CLAUDE BERNARD;Occitanie;230;2;2.0623264;0.9697786;B
810000331;CH ALBI;Occitanie;450;0;3.056916;0;B
810000380;CHIC CASTRES-MAZAMET;Occitanie;220;3;2.2498336;1.333432;B
810101170;CLINIQUE TOULOUSE LAUTREC;Occitanie;204;16;2.0434452;7.8299141;C
810101444;CLINIQUE DU SIDOBRE;Occitanie;284;0;3.0184562;0;B
820000016;CH MONTAUBAN;Occitanie;300;0;2.3235449;0;B
820000040;CLINIQUE CROIX SAINT MICHEL;Occitanie;131;19;1.4785942;12.850044;C
820000057;CLINIQUE DU PONT DE CHAUME;Occitanie;375;2;3.2808974;0.6095893;B
820004950;CHIC CASTELSARRASIN-MOISSAC;Occitanie;120;3;1.4942661;2.0076745;B
830100103;CLINIQUE STE MARGUERITE;Provence-Alpes-Côte d'Azur;135;2;1.9071318;1.0486952;B
830100251;CLINIQUE DU CAP D'OR;Provence-Alpes-Côte d'Azur;145;0;1.2999108;0;B
830100319;POLYCLINIQUE LES FLEURS;Provence-Alpes-Côte d'Azur;135;1;1.3776817;0.7258571;B
830100327;CLINIQUE LES LAURIERS;Provence-Alpes-Côte d'Azur;101;0;0.9004938;0;B
830100368;CLINIQUE CHIRURGICALE DU GOLFE DE SAINT TROPEZ;Provence-Alpes-Côte d'Azur;71;0;0.6157276;0;B
830100392;POLYCLINIQUE NOTRE DAME;Provence-Alpes-Côte d'Azur;128;2;1.0801962;1.8515154;B
830100418;CLINIQUE NOTRE DAME DE LA MERCI;Provence-Alpes-Côte d'Azur;282;0;2.0818816;0;B
830100459;CLINIQUE SAINT MICHEL;Provence-Alpes-Côte d'Azur;73;1;0.611031;1.6365781;B
830100475;CLINIQUE SAINT ROCH;Provence-Alpes-Côte d'Azur;437;7;4.494564;1.557437;B
830100517;CH DE BRIGNOLES;Provence-Alpes-Côte d'Azur;54;1;0.6035515;1.6568594;B
830100525;CH DE DRAGUIGNAN;Provence-Alpes-Côte d'Azur;109;2;1.2526571;1.5966061;B
830100558;HÔPITAL RENEE SABRAN;Provence-Alpes-Côte d'Azur;1130;0;8.7110475;0;A
830100566;CHIC FREJUS;Provence-Alpes-Côte d'Azur;103;3;1.0879221;2.7575503;B
830100574;HÔPITAL D'INSTRUCTION DES ARMÉES SAINTE-ANNE;Provence-Alpes-Côte d'Azur;155;0;1.3647669;0;B
830100616;CHIC TOULON;Provence-Alpes-Côte d'Azur;149;0;1.6386157;0;B
830200523;POLYCLINIQUE HENRI MALARTIC;Provence-Alpes-Côte d'Azur;85;1;0.9439617;1.059365;B
840000087;CH LOUIS GIORGI D'ORANGE;Provence-Alpes-Côte d'Azur;53;0;0.6603596;0;B
840000285;POLYCLINIQUE URBAIN V;Provence-Alpes-Côte d'Azur;50;0;0.4175814;0;B
840000327;CLINIQUE DU DR MONTAGARD;Provence-Alpes-Côte d'Azur;506;0;4.968224;0;B
840000400;CENTRE CHIRURGICAL ST ROCH;Provence-Alpes-Côte d'Azur;303;0;1.9039513;0;B
840000467;CAPIO CLINIQUE D'ORANGE;Provence-Alpes-Côte d'Azur;350;0;1.8115501;0;B
840006597;CH HENRI DUFFAUT AVIGNON;Provence-Alpes-Côte d'Azur;218;0;2.2657022;0;B
840013445;CLINIQUE FONTVERT ST FRANCOIS;Provence-Alpes-Côte d'Azur;275;1;2.4894365;0.4016973;B
840017172;SYNERGIA POLYCLINIQUE;Provence-Alpes-Côte d'Azur;97;0;1.1452519;0;B
850000019;CH LA ROCHE/YON - MONTAIGU - LUCON;Pays de la Loire;751;4;7.3053078;0.5475471;B
850000118;CLINIQUE SAINT CHARLES;Pays de la Loire;372;2;2.4028963;0.8323289;B
850000126;CLINIQUE SUD VENDEE;Pays de la Loire;262;1;2.8521098;0.3506176;B
850000134;CLINIQUE CHIRURGICALE PORTE OCEANE;Pays de la Loire;286;2;2.4731789;0.8086758;B
850009010;CHIC LOIRE VENDEE OCEAN;Pays de la Loire;66;0;0.5986974;0;B
860010321;POLYCLINIQUE DE POITIERS;Nouvelle-Aquitaine;1013;4;8.8336128;0.4528159;B
860013382;GROUPEMENT HOSPITALIER NORD-VIENNE;Nouvelle-Aquitaine;171;1;1.5827537;0.6318102;B
860014208;CHR DE POITIERS;Nouvelle-Aquitaine;432;7;4.3858161;1.5960542;B
860780311;CLINIQUE DE CHATELLERAULT;Nouvelle-Aquitaine;331;7;3.7971619;1.8434821;B
870000015;CHU LIMOGES;Nouvelle-Aquitaine;306;8;3.5764767;2.2368383;B
870000023;CH ST JUNIEN;Nouvelle-Aquitaine;227;0;2.4715576;0;B
870000288;CLINIQUE FRANÇOIS CHENIEUX;Nouvelle-Aquitaine;865;7;8.3025571;0.8431137;B
870000411;CLINIQUE EMAILLEURS-COLOMBIER LIMOGES;Nouvelle-Aquitaine;383;0;3.6506894;0;B
880007059;CHIC EMILE DURKHEIM EPINAL;Grand Est;35;0;0.4749142;0;B
880007299;CHIC DE L'OUEST VOSGIEN;Grand Est;135;1;1.3444158;0.7438175;B
880780077;CH SAINT DIE;Grand Est;107;0;1.2558234;0;B
880780093;CH REMIREMONT;Grand Est;350;5;4.7179681;1.0597783;B
880788591;POLYCLINIQUE LA LIGNE BLEUE;Grand Est;877;7;8.1494571;0.8589529;B
890000037;CH AUXERRE;Bourgogne-Franche-Comté;148;0;1.5595484;0;B
890000169;CLINIQUE PAUL PIQUET;Bourgogne-Franche-Comté;232;22;2.5151624;8.7469502;C
890002389;POLYCLINIQUE STE MARGUERITE;Bourgogne-Franche-Comté;330;0;3.0453508;0;B
890970569;CH SENS;Bourgogne-Franche-Comté;262;23;2.9886099;7.6958857;C
900000035;SA CLINIQUE LA MIOTTE;Bourgogne-Franche-Comté;580;7;5.7358624;1.2203919;B
900000365;HÔPITAL NORD FRANCHE COMTE;Bourgogne-Franche-Comté;56;0;0.5370243;0;B
910002773;CH SUD-FRANCILIEN;Ile-de-France;138;0;1.6005635;0;B
910019447;CHIC SUD ESSONNE-DOURDAN-ETAMPES;Ile-de-France;77;1;0.8346651;1.1980854;B
910110014;CH D'ARPAJON;Ile-de-France;71;0;0.6006438;0;B
910110055;GROUPEMENT HOSPITALIER NORD ESSONNE;Ile-de-France;109;0;1.4859076;0;B
910110063;CH D'ORSAY;Ile-de-France;21;0;0.177536;0;B
910300011;CLINIQUE DES CHARMILLES;Ile-de-France;106;0;0.9524127;0;B
910300144;CENTRE MÉDICO-CHIRURGICAL ET OBST;Ile-de-France;184;1;2.1190736;0.4719043;B
910300177;CLINIQUE DE L'YVETTE;Ile-de-France;151;2;1.4027387;1.4257822;B
910300219;JOPITAL PRIVÉ JACQUES CARTIER;Ile-de-France;244;0;2.3181145;0;B
910300300;HÔPITAL PRIVÉ DU VAL D'YERRES;Ile-de-France;32;0;0.3618795;0;B
910300359;CLINIQUE CARON;Ile-de-France;147;0;1.8790226;0;B
910803543;CH PRIVÉ CLAUDE GALIEN;Ile-de-France;441;0;3.3307359;0;B
910805357;CLINIQUE DE L ESSONNE;Ile-de-France;355;20;3.302273;6.0564344;C
920000643;INSTITUT HOSPITALIER FRANCO-BRITANIQUE - SITE KLEBER;Ile-de-France;90;1;1.0348326;0.9663399;B
920009909;CH DES QUATRE VILLES;Ile-de-France;16;0;0.1636324;0;B
920100013;HÔPITAL AMBROISE PARE;Ile-de-France;236;0;2.27094;0;B
920100021;HÔPITAL ANTOINE BECLERE;Ile-de-France;70;2;0.6846719;2.9211071;B
920100039;HÔPITAL BEAUJON;Ile-de-France;143;2;1.4485747;1.3806675;B
920100054;HÔPITAL RAYMOND POINCARE;Ile-de-France;274;0;1.9348205;0;B
920120011;HÔPITAL D'INSTRUCTION DES ARMÉES PERCY;Ile-de-France;192;3;2.0591727;1.4568958;B
920300043;HÔPITAL PRIVÉ D ANTONY;Ile-de-France;398;2;3.5894873;0.5571826;B
920300191;C.C.B.B. MARCEL SEMBAT;Ile-de-France;42;0;0.2829329;0;B
920300365;CLINIQUE LA MONTAGNE;Ile-de-France;126;0;1.5218789;0;B
920300415;CLINIQUE LAMBERT;Ile-de-France;76;1;0.7105383;1.4073837;B
920300597;CLINIQUE DE MEUDON LA FORET;Ile-de-France;213;0;2.4234145;0;B
920300753;CENTRE CHIRURGICAL AMBROISE PARE;Ile-de-France;349;2;3.2942933;0.6071105;B
920300761;CLINIQUE HARTMANN;Ile-de-France;103;1;0.9935889;1.0064525;B
920300787;HÔPITAL AMERICAIN;Ile-de-France;34;2;0.368733;5.4239784;B
920300837;CLINIQUE LES MARTINETS;Ile-de-France;81;0;0.9440911;0;B
920300936;CENTRE CHIRURGICAL VAL D'OR;Ile-de-France;101;0;0.8881934;0;B
930021480;GHI LE RAINCY-MONTFERMEIL;Ile-de-France;100;5;0.9804748;5.0995702;C
930100037;HÔPITAL AVICENNE;Ile-de-France;43;0;0.5744972;0;B
930110036;CH ANDRE GREGOIRE;Ile-de-France;68;0;0.8409676;0;B
930110051;CH DE ST DENIS;Ile-de-France;33;0;0.4327099;0;B
930110069;CH ROBERT BALLANGER;Ile-de-France;57;0;0.4130379;0;B
930300025;HÔPITAL EUROPEEN LA ROSERAIE;Ile-de-France;22;0;0.2694279;0;B
930300066;CLINIQUE D AULNAY;Ile-de-France;97;2;1.2142519;1.6471047;B
930300082;CENTRE CHIRURGICAL FLOREAL;Ile-de-France;63;6;0.8445369;7.1044852;C
930300116;HÔPITAL PRIVÉ DE SEINE ST DENIS;Ile-de-France;123;4;1.5624225;2.5601271;B
930300264;CLINIQUE LES LILAS;Ile-de-France;346;1;4.1654723;0.2400688;B
930300298;POLYCLINIQUE VAUBAN;Ile-de-France;73;3;0.7322951;4.0967092;B
930300553;CLINIQUE DE L'ESTREE;Ile-de-France;78;3;1.050548;2.8556525;B
930300587;CLINIQUE DU LANDY;Ile-de-France;45;0;0.6295075;0;B
930300595;CLINIQUE DU VERT GALANT;Ile-de-France;186;0;1.9398286;0;B
940000649;HÔPITAL SAINT-CAMILLE;Ile-de-France;95;0;1.1094825;0;B
940006679;HÔPITAL PRIVÉ DE MARNE-LA-VALLÉE;Ile-de-France;387;3;3.4633438;0.8662149;B
940100027;HÔPITAL HENRI MONDOR;Ile-de-France;307;4;2.9876746;1.3388339;B
940100043;HÔPITAL DE BICETRE;Ile-de-France;106;5;1.0632687;4.7024801;C
940110042;CHIC DE VILLENEUVE ST GEORGES;Ile-de-France;115;0;1.3495657;0;B
940120017;HÔPITAL D'INSTRUCTION DES ARMÉES BEGIN;Ile-de-France;172;2;1.7041086;1.1736341;B
940300031;HÔPITAL PRIVÉ PAUL D'EGINE;Ile-de-France;231;5;1.6685545;2.9966057;B
940300270;HÔPITAL PRIVÉ ARMAND BRILLARD;Ile-de-France;162;3;1.7461388;1.7180765;B
940300379;CLINIQUE GASTON METIVET;Ile-de-France;75;1;0.8663926;1.1542111;B
940300445;HÔPITAL PRIVÉ DE THIAIS;Ile-de-France;16;0;0.1804718;0;B
940300494;POLYCLINIQUE DE VILLENEUVE ST GEORGES;Ile-de-France;92;5;1.0400937;4.807259;C
940300569;HÔPITAL PRIVÉ DE VITRY SITE PASTEUR;Ile-de-France;70;1;0.7952957;1.2573939;B
940813033;CLINIQUE DE BERCY;Ile-de-France;102;0;1.0502712;0;B
950001370;GH CARNELLE-PORTES DE L'OISE;Ile-de-France;26;1;0.3202979;3.122094;B
950013870;GHEM EAUBONNE MONTMORENCY SIMONE VEIL;Ile-de-France;126;2;1.3510838;1.4802931;B
950110015;CH VICTOR DUPOUY ARGENTEUIL;Ile-de-France;69;0;0.6231874;0;B
950110049;CH DE GONESSE;Ile-de-France;72;0;0.7457586;0;B
950110080;CH RENE DUBOS PONTOISE;Ile-de-France;109;3;0.9729251;3.0834852;B
950300095;POLYCLINIQUE DU PLATEAU;Ile-de-France;399;26;5.192589;5.0071361;C
950300202;CLINIQUE CONTI;Ile-de-France;359;1;2.7347724;0.3656611;B
950300244;CLINIQUE SAINTE MARIE;Ile-de-France;187;0;0.4859234;0;B
950300277;HÔPITAL PRIVÉ NORD PARISIEN;Ile-de-France;164;2;2.0561779;0.9726785;B
950807982;CLINIQUE CLAUDE BERNARD;Ile-de-France;808;0;4.1077058;0;B
970100178;CH DE LA BASSE TERRE;Guadeloupe;33;0;0.569741;0;B
970100228;CHU DE POINTE-A-PITRE/ABYMES;Guadeloupe;82;1;1.0366718;0.9646255;B
970107249;CLINIQUE LES EAUX CLAIRES;Guadeloupe;24;0;0.4403519;0;B
970202313;CLINIQUE SAINT PAUL;Martinique;250;1;2.8928855;0.3456756;B
970211207;CHU DE MARTINIQUE;Martinique;127;0;1.5770801;0;B
970300265;CENTRE MÉDICO-CHIRURGICAL DE KOUROU;Guyane;38;1;0.4346235;2.3008421;B
970302055;CLINIQUE VERONIQUE;Guyane;11;0;0.1060087;0;B
970403606;GROUPEMENT HOSPITALIER EST REUNION;La Réunion;29;0;0.2813064;0;B
970408589;CHR REUNION;La Réunion;62;0;0.6528498;0;B
970421038;CH GABRIEL MARTIN;La Réunion;28;0;0.3207587;0;B
970462073;CLINIQUE DURIEUX;La Réunion;255;0;2.9780825;0;B
970462081;CLINIQUE DES ORCHIDÉES;La Réunion;230;1;2.7265266;0.366767;B
970462107;CLINIQUE SAINTE CLOTILDE;La Réunion;190;1;2.638364;0.3790228;B
970500005;CENTRE HOSPITALIER FRANÇOIS DUNAN;TOM;10;0;0.1849382;0;B
