finess,Sources,lib_reg,code_reg,raison_sociale,lib_cat,repondant,resultat_dec,resultat_dtn,resultat_tdp,resultat_trd,resultat_tre,dec_c_etbt,dec_c_ichaut_etbt,dec_c_icbas_etbt,dec_c_den_etbt,dtn_c_etbt,dtn_c_ichaut_etbt,dtn_c_icbas_etbt,dtn_c_den_etbt,tdp_c_etbt,tdp_c_ichaut_etbt,tdp_c_icbas_etbt,tdp_c_den_etbt,trd_c_etbt,trd_c_ichaut_etbt,trd_c_icbas_etbt,trd_c_den_etbt,tre_c_etbt,tre_c_ichaut_etbt,tre_c_icbas_etbt,tre_c_den_etbt
010005379,2015,Auvergne-Rhône-Alpes,84,HAD AMBERIEU EN BUGEY,Privé,Oui,Pas de contrôle,Pas de contrôle,Pas de contrôle,Pas de contrôle,Pas de contrôle,0,0,0,36,38.24,56,22,34,72.58,75.71,69.44,53,24.53,38,14,53,100,100,100,14
010780054,2015,Auvergne-Rhône-Alpes,84,CENTRE HOSPITALIER BOURG EN BRESSE,CH,Oui,Pas de contrôle,Pas de contrôle,Pas de contrôle,Pas de contrôle,Pas de contrôle,89.36,97,77,47,86,94,73,50,86.37,89.17,83.58,60,63.33,75,50,60,66.67,82,48,33
020000022,2015,Hauts de France,32,CTRE HOSP DE GUISE,CH,Oui,Pas de contrôle,Pas de contrôle,Pas de contrôle,Pas de contrôle,Pas de contrôle,70,93,35,10,50,,,6,86.47,,,19,52.63,76,29,19,94.12,99,71,17
020004297,2015,Hauts de France,32,SERVICE H.A.D. ASS. ANNE MORGAN,Privé,Oui,Recueil Validé,Recueil Validé,Recueil Validé,Recueil Validé,Recueil Validé,83.87,95,66,31,60,79,39,25,89.7,92.67,86.73,40,87.5,96,73,40,82.61,95,61,23
020014767,2015,Hauts de France,32,SERVICE HAD ST QUENTIN,Privé,Oui,Recueil Validé,Recueil Validé,Recueil Validé,Recueil Validé,Recueil Validé,75,88,58,36,68.97,85,49,29,94.43,96.51,92.35,49,93.88,99,83,49,100,100,100,48
030780092,2015,Auvergne-Rhône-Alpes,84,CTRE HOSPITALIER MOULINS YZEURE,CH,Oui,Recueil Non Validé,Recueil Validé,Recueil Non Validé,Recueil Validé,Non Contrôlable,,,,,83.33,92,71,60,,,,,83.33,92,71,60,90,99,55,10
030780100,2015,Auvergne-Rhône-Alpes,84,CENTRE HOSPITALIER MONTLUCON,CH,Oui,Pas de contrôle,Pas de contrôle,Pas de contrôle,Pas de contrôle,Pas de contrôle,0,0,0,48,72.73,85,57,44,70.9,74.31,67.49,53,47.17,61,33,53,81.82,95,60,22
030780118,2015,Auvergne-Rhône-Alpes,84,CENTRE HOSPITALIER VICHY,CH,Oui,Pas de contrôle,Pas de contrôle,Pas de contrôle,Pas de contrôle,Pas de contrôle,80.77,90,67,52,96.67,99,88,60,88.76,91.14,86.37,60,100,100,100,60,100,100,100,25
050007368,2015,PACA,93,GCS HAD DES ALPES DU SUD,Privé,Oui,Pas de contrôle,Pas de contrôle,Pas de contrôle,Pas de contrôle,Pas de contrôle,45.45,59,32,55,30.43,46,18,46,69.07,72.73,65.42,60,73.33,84,60,60,83.33,95,63,24
060006558,2015,PACA,93,HAD ARNAULT TZANCK,Privé,Oui,Pas de contrôle,Pas de contrôle,Pas de contrôle,Pas de contrôle,Pas de contrôle,45.45,59,32,55,77.19,87,64,57,84.92,87.35,82.49,60,80,89,68,60,59.09,79,36,22
060780897,2015,PACA,93,CH DE GRASSE,CH,Oui,Pas de contrôle,Pas de contrôle,Pas de contrôle,Pas de contrôle,Pas de contrôle,90.91,99,59,11,50,81,19,10,97.41,,,17,88.24,99,64,17,100,,,7
060785243,2015,PACA,93,HAD NICE ET REGION,Privé,Oui,Pas de contrôle,Pas de contrôle,Pas de contrôle,Pas de contrôle,Pas de contrôle,63.27,77,48,49,57.41,71,43,54,82.48,85.26,79.69,60,98.33,99,91,60,96.43,99,88,56
070005566,2015,Auvergne-Rhône-Alpes,84,CH D'ARDECHE MERIDIONALE,CH,Oui,Pas de contrôle,Pas de contrôle,Pas de contrôle,Pas de contrôle,Pas de contrôle,100,100,100,37,97.37,99,86,38,92.81,94.74,90.89,60,60,72,47,60,92,99,74,25
080001969,2015,Alsace-Champagne-Ardenne-Lorraine,44,GROUPE HOSPITALIER SUD ARDENNES,CH,Oui,Pas de contrôle,Pas de contrôle,Pas de contrôle,Pas de contrôle,Pas de contrôle,66.67,85,43,21,66.67,87,41,18,77.92,81.71,74.12,33,90.91,98,76,33,45.45,64,28,33
080010267,2015,Alsace-Champagne-Ardenne-Lorraine,44,GCS TERRITORIAL ARDENNE NORD,ESPIC/EBNL,Oui,Pas de contrôle,Pas de contrôle,Pas de contrôle,Pas de contrôle,Pas de contrôle,71.43,85,54,35,84.62,96,65,26,77.86,82.03,73.7,39,84.62,94,69,39,75,89,57,32
090002478,2015,Occitanie,76,HAD ECHOSANTE DU COUSERANS,Privé,Oui,Pas de contrôle,Pas de contrôle,Pas de contrôle,Pas de contrôle,Pas de contrôle,0,0,0,42,72.5,85,56,40,71.55,74.65,68.45,53,64.15,77,50,53,91.89,98,78,37
090781774,2015,Occitanie,76,C H I DU VAL D ARIEGE,CH,Oui,Pas de contrôle,Pas de contrôle,Pas de contrôle,Pas de contrôle,Pas de contrôle,66.67,84,45,24,96,99,80,25,95.96,97.59,94.33,59,100,100,100,59,100,100,100,22
100006279,2015,Alsace-Champagne-Ardenne-Lorraine,44,GROUPEMENT HOSPITALIER AUBE MARNE,CH,Oui,Pas de contrôle,Pas de contrôle,Pas de contrôle,Pas de contrôle,Pas de contrôle,5.88,20,1,34,85.37,95,71,41,80.89,83.19,78.59,51,96.08,99,86,51,94.29,99,81,35
100008903,2015,Alsace-Champagne-Ardenne-Lorraine,44,HAD MUTUALITÉ DE L'AUBE,Privé,Oui,Pas de contrôle,Pas de contrôle,Pas de contrôle,Pas de contrôle,Pas de contrôle,19.57,34,9,46,69.57,87,47,23,86.51,88.74,84.27,60,98.33,99,91,60,96.49,99,88,57
110005048,2015,Occitanie,76,HOSPITALISATION A DOMICILE LES GEN,Privé,Oui,Pas de contrôle,Pas de contrôle,Pas de contrôle,Pas de contrôle,Pas de contrôle,75,89,57,32,92.86,99,76,28,90.19,92.79,87.59,38,100,100,100,38,96.55,99,82,29
110005394,2015,Occitanie,76,HAD KORIAN PAYS DES QUATRE VENTS,Privé,Oui,Pas de contrôle,Pas de contrôle,Pas de contrôle,Pas de contrôle,Pas de contrôle,0,0,0,37,100,100,100,28,91.66,93.84,89.47,54,98.15,99,90,54,100,100,100,43
110780772,2015,Occitanie,76,CH  LEZIGNAN-CORBIERES,CH,Oui,Pas de contrôle,Pas de contrôle,Pas de contrôle,Pas de contrôle,Pas de contrôle,93.75,99,70,16,94.12,99,71,17,77.26,,,27,100,100,100,27,94.12,99,71,17
120783618,2015,Occitanie,76,UDSMA,Privé,Oui,Pas de contrôle,Pas de contrôle,Pas de contrôle,Pas de contrôle,Pas de contrôle,23.33,36,13,60,48.33,62,35,60,73.77,76.65,70.89,60,60,72,47,60,82.05,93,66,39
130001647,2015,PACA,93,INSTITUT PAOLI - CALMETTES,CLCC,Oui,Pas de contrôle,Pas de contrôle,Pas de contrôle,Pas de contrôle,Pas de contrôle,60.53,76,43,38,94.23,99,84,52,91.75,93.71,89.8,52,86.54,94,74,52,,,,0
130001928,2015,PACA,93,CH MONTOLIVET,CH,Oui,Pas de contrôle,Pas de contrôle,Pas de contrôle,Pas de contrôle,Pas de contrôle,88,98,69,25,90.24,97,77,41,81.41,84.64,78.19,60,45,58,32,60,98.31,99,91,59
130021488,2015,PACA,93,HAD BOUCHES DU RHONE EST,Privé,Oui,Pas de contrôle,Pas de contrôle,Pas de contrôle,Pas de contrôle,Pas de contrôle,86.44,94,75,59,88.33,95,77,60,87.78,90.28,85.28,60,86.67,94,75,60,91.49,98,80,47
130021819,2015,PACA,93,HAD CLARA SCHUMAN,Privé,Oui,Pas de contrôle,Pas de contrôle,Pas de contrôle,Pas de contrôle,Pas de contrôle,71.67,83,59,60,90,96,79,60,78.48,81.98,74.98,60,86.67,94,75,60,98.33,99,91,60
130022619,2015,PACA,93,HAD GCM MUTUELLES DE PROVENCE,Privé,Oui,Pas de contrôle,Pas de contrôle,Pas de contrôle,Pas de contrôle,Pas de contrôle,77.78,94,52,18,85,97,62,20,93.96,,,30,100,100,100,30,100,100,100,29
130024458,2015,PACA,93,HAD MARTIGUES SUD ETANG DE BERRE,Privé,Oui,Pas de contrôle,Pas de contrôle,Pas de contrôle,Pas de contrôle,Pas de contrôle,82.22,92,68,45,100,100,100,51,89.24,91.76,86.73,60,96.67,99,88,60,98.04,99,89,51
130041916,2015,PACA,93,CH DU PAYS D'AIX CHI AIX PERTUIS,CH,Oui,Pas de contrôle,Pas de contrôle,Pas de contrôle,Pas de contrôle,Pas de contrôle,0,0,0,18,68,85,46,25,42.33,44.8,39.86,32,50,68,32,32,75,95,43,12
130781446,2015,PACA,93,CH D'AUBAGNE,CH,Oui,Pas de contrôle,Pas de contrôle,Pas de contrôle,Pas de contrôle,Pas de contrôle,93.33,99,78,30,80,92,61,30,95.95,97.85,94.05,53,84.91,93,72,53,100,100,100,13
130782071,2015,PACA,93,CLINIQUE DE L'ETANG DE L'OLIVIER,Privé,Oui,Pas de contrôle,Pas de contrôle,Pas de contrôle,Pas de contrôle,Pas de contrôle,29.41,56,10,17,11.76,36,1,17,75.92,,,25,64,82,42,25,0,0,0,22
130785512,2015,PACA,93,CH DE LA CIOTAT,CH,Oui,Pas de contrôle,Pas de contrôle,Pas de contrôle,Pas de contrôle,Pas de contrôle,87.5,99,62,16,82.35,96,57,17,87.19,,,25,100,100,100,25,58.33,85,28,12
130785652,2015,PACA,93,HOPITAL SAINT JOSEPH,ESPIC/EBNL,Oui,Pas de contrôle,Pas de contrôle,Pas de contrôle,Pas de contrôle,Pas de contrôle,19.23,39,7,26,100,100,100,35,87.17,90.45,83.89,47,93.62,99,82,47,88.89,97,74,36
130786049,2015,PACA,93,AP-HM,CHU,Oui,Pas de contrôle,Pas de contrôle,Pas de contrôle,Pas de contrôle,Pas de contrôle,16.67,29,8,60,65,77,52,60,61.11,65.25,56.98,60,56.67,69,43,60,36.84,62,16,19
130802143,2015,PACA,93,HAD SOINS ASSISTANCE,Privé,Oui,Recueil Validé,Recueil Validé,Recueil Validé,Recueil Validé,Recueil Validé,70.18,82,57,57,85.45,94,73,55,87.31,90.35,84.27,60,90,96,79,60,98.11,99,90,53
140000035,2015,Normandie,28,CENTRE HOSPITALIER DE LISIEUX,CH,Oui,Pas de contrôle,Pas de contrôle,Pas de contrôle,Pas de contrôle,Pas de contrôle,55.17,68,42,58,95,99,86,60,80.75,82.6,78.9,60,90,96,79,60,95,99,86,60
140000084,2015,Normandie,28,CENTRE HOSPITALIER AUNAY S/ODON,CH,Oui,Pas de contrôle,Pas de contrôle,Pas de contrôle,Pas de contrôle,Pas de contrôle,78.57,95,49,14,100,100,100,13,95.08,,,22,100,100,100,22,88.89,99,65,18
140000118,2015,Normandie,28,CENTRE HOSPITALIER DE FALAISE,CH,Oui,Pas de contrôle,Pas de contrôle,Pas de contrôle,Pas de contrôle,Pas de contrôle,84.62,98,55,13,71.43,92,42,14,73.61,,,24,70.83,87,49,24,87.5,99,62,16
140000159,2015,Normandie,28,CENTRE HOSPITALIER DE VIRE,CH,Oui,Pas de contrôle,Pas de contrôle,Pas de contrôle,Pas de contrôle,Pas de contrôle,22.58,41,10,31,65.63,81,47,32,86.7,90.35,83.05,60,93.33,98,84,60,88.1,96,74,42
140000258,2015,Normandie,28,POLYCLINIQUE DE DEAUVILLE,Privé,Oui,Pas de contrôle,Pas de contrôle,Pas de contrôle,Pas de contrôle,Pas de contrôle,66.67,84,45,24,54.17,74,33,24,84.23,87.19,81.27,33,100,100,100,33,66.67,85,43,21
140002619,2015,Normandie,28,HAD CROIX-ROUGE (CAEN),Privé,Oui,Pas de contrôle,Pas de contrôle,Pas de contrôle,Pas de contrôle,Pas de contrôle,21.67,34,12,60,69.49,81,56,59,84.52,86.87,82.17,60,71.67,83,59,60,83.33,92,71,60
140016155,2015,Normandie,28,HAD BAYEUX,Privé,Oui,Pas de contrôle,Pas de contrôle,Pas de contrôle,Pas de contrôle,Pas de contrôle,74,85,60,50,100,100,100,37,95.44,97.05,93.83,60,100,100,100,60,100,100,100,56
150780096,2015,Auvergne-Rhône-Alpes,84,C.H. HENRI MONDOR AURILLAC,CH,Oui,Pas de contrôle,Pas de contrôle,Pas de contrôle,Pas de contrôle,Pas de contrôle,97.06,99,85,34,89.74,97,76,39,93.97,97.24,90.71,39,92.31,98,79,39,90.91,99,59,11
160002036,2015,Nouvelle Aquitaine,75,HOSP A DOMICILE - MUTUALITE 16,ESPIC/EBNL,Oui,Pas de contrôle,Pas de contrôle,Pas de contrôle,Pas de contrôle,Pas de contrôle,35,48,23,60,51.79,65,38,56,70.11,73.77,66.45,60,88.33,95,77,60,94.64,99,85,56
170024194,2015,Nouvelle Aquitaine,75,GROUPE HOSP. DE LA ROCHELLE-RE-AUN,CH,Oui,Pas de contrôle,Pas de contrôle,Pas de contrôle,Pas de contrôle,Pas de contrôle,8.51,20,2,47,75.56,87,60,45,81.07,84.06,78.07,60,76.67,87,64,60,100,100,100,36
170780175,2015,Nouvelle Aquitaine,75,CENTRE HOSPITALIER  DE SAINTES (ST,CH,Oui,Pas de contrôle,Pas de contrôle,Pas de contrôle,Pas de contrôle,Pas de contrôle,96.43,99,88,56,38.1,54,24,42,71.14,73.84,68.45,60,25,38,15,60,75,85,62,60
180000028,2015,Centre-Val de Loire,24,C. H. J. COEUR  BOURGES,CH,Oui,Pas de contrôle,Pas de contrôle,Pas de contrôle,Pas de contrôle,Pas de contrôle,66.67,83,47,30,90.91,98,76,33,80.55,82.98,78.11,52,96.15,99,87,52,96.77,99,83,31
180008278,2015,Centre-Val de Loire,24,KORIAN PAYS DES TROIS PROVINCES,Privé,Oui,Pas de contrôle,Pas de contrôle,Pas de contrôle,Pas de contrôle,Pas de contrôle,28.95,46,15,38,69.23,86,48,26,82.38,85.98,78.77,47,87.23,95,74,47,96.88,99,84,32
190000059,2015,Nouvelle Aquitaine,75,CENTRE HOSPITALIER  TULLE,CH,Oui,Recueil Validé,Recueil Validé,Recueil Validé,Recueil Validé,Non Contrôlable,54.35,69,39,46,62.22,76,47,45,65.03,68.88,61.18,60,78.33,88,66,60,51.28,68,35,39
190010629,2015,Nouvelle Aquitaine,75,HAD RELAIS SANTE,Privé,Oui,Pas de contrôle,Pas de contrôle,Pas de contrôle,Pas de contrôle,Pas de contrôle,86,94,73,50,76.09,87,61,46,80.61,85.22,76,60,33.33,47,22,60,44.44,65,25,27
210003059,2015,Bourgogne-Franche-Comté,27,SERVICE HAD DE LA FEDOSAD,Privé,Oui,Pas de contrôle,Pas de contrôle,Pas de contrôle,Pas de contrôle,Pas de contrôle,53.19,68,38,47,36.59,53,22,41,59.66,64.37,54.96,60,86.67,94,75,60,82.76,91,71,58
210012175,2015,Bourgogne-Franche-Comté,27,HOSPICES CIVILS DE BEAUNE,CH,Oui,Recueil Validé,Recueil Validé,Recueil Validé,Recueil Validé,Non Contrôlable,100,100,100,20,43.48,66,23,23,81.87,85.39,78.35,32,90.63,98,75,32,66.67,,,9
210780789,2015,Bourgogne-Franche-Comté,27,CLINIQUE MEDICO-CHIRURGICALE,Privé,Oui,Pas de contrôle,Pas de contrôle,Pas de contrôle,Pas de contrôle,Pas de contrôle,78.57,88,66,56,100,100,100,48,91.49,94.15,88.83,60,96.67,99,88,60,98.28,99,91,58
210987731,2015,Bourgogne-Franche-Comté,27,CENTRE GEORGES-FRANCOIS LECLERC,CLCC,Oui,Pas de contrôle,Pas de contrôle,Pas de contrôle,Pas de contrôle,Pas de contrôle,100,,,6,60,,,5,95.69,,,16,100,100,100,16,100,,,6
220000103,2015,Bretagne,53,CENTRE HOSPITALIER LANNION,CH,Oui,Pas de contrôle,Pas de contrôle,Pas de contrôle,Pas de contrôle,Pas de contrôle,35,48,23,60,55,68,42,60,84.24,87.46,81.02,60,78.33,88,66,60,90.38,97,79,52
220019616,2015,Bretagne,53,HAD DU PAYS BRIOCHIN,Privé,Oui,Pas de contrôle,Pas de contrôle,Pas de contrôle,Pas de contrôle,Pas de contrôle,91.67,97,82,60,100,100,100,54,86.34,88.5,84.19,60,100,100,100,60,100,100,100,50
220020341,2015,Bretagne,53,AUB - HAD DU PAYS DE GUINGAMP,Privé,Oui,Pas de contrôle,Pas de contrôle,Pas de contrôle,Pas de contrôle,Pas de contrôle,32.61,48,19,46,84.21,94,69,38,77.03,80.48,73.59,57,98.25,99,91,57,100,100,100,16
230782617,2015,Nouvelle Aquitaine,75,CRRF ANDRE LALANDE,ESPIC/EBNL,Oui,Pas de contrôle,Pas de contrôle,Pas de contrôle,Pas de contrôle,Pas de contrôle,93.75,99,79,32,68.18,86,45,22,88.68,91.38,85.98,44,65.91,80,50,44,96.3,99,81,27
240000117,2015,Nouvelle Aquitaine,75,CENTRE HOSPITALIER PERIGUEUX,CH,Oui,Pas de contrôle,Pas de contrôle,Pas de contrôle,Pas de contrôle,Pas de contrôle,65,77,52,60,96.67,99,88,60,80.39,83.21,77.57,60,95,99,86,60,95.12,99,83,41
240000448,2015,Nouvelle Aquitaine,75,CENTRE HOSPITALIER JEAN LECLAIRE,CH,Oui,Pas de contrôle,Pas de contrôle,Pas de contrôle,Pas de contrôle,Pas de contrôle,100,100,100,30,48.39,67,30,31,93.05,94.8,91.3,52,94.23,99,84,52,94.12,99,80,34
240011668,2015,Nouvelle Aquitaine,75,HAD CLINIQUE PASTEUR,Privé,Oui,Pas de contrôle,Pas de contrôle,Pas de contrôle,Pas de contrôle,Pas de contrôle,85,93,73,60,98.11,99,90,53,97.64,98.71,96.57,60,93.33,98,84,60,100,100,100,39
250012069,2015,Bourgogne-Franche-Comté,27,HAD PONTARLIER,Privé,Oui,Pas de contrôle,Pas de contrôle,Pas de contrôle,Pas de contrôle,Pas de contrôle,0,0,0,19,42.11,67,20,19,69.46,73.94,64.98,34,88.24,97,73,34,90.91,99,71,22
250012838,2015,Bourgogne-Franche-Comté,27,HAD - PRE - POST PARTUM BESANÇON,ESPIC/EBNL,Oui,Pas de contrôle,Pas de contrôle,Pas de contrôle,Pas de contrôle,Pas de contrôle,1.67,9,0,60,,,,0,85.37,87.27,83.47,60,96.67,99,88,60,,,,0
250016037,2015,Bourgogne-Franche-Comté,27,HAD AUDINCOURT,Privé,Oui,Pas de contrôle,Pas de contrôle,Pas de contrôle,Pas de contrôle,Pas de contrôle,0,0,0,46,10.26,24,3,39,70.46,73.02,67.91,60,95,99,86,60,43.48,66,23,23
250016045,2015,Bourgogne-Franche-Comté,27,HAD BESANCON,Privé,Oui,Pas de contrôle,Pas de contrôle,Pas de contrôle,Pas de contrôle,Pas de contrôle,0,0,0,39,51.72,71,33,29,73.71,76.58,70.84,49,89.8,97,78,49,52.94,70,35,34
260000047,2015,Auvergne-Rhône-Alpes,84,CENTRE HOSPITALIER MONTELIMAR,CH,Oui,Pas de contrôle,Pas de contrôle,Pas de contrôle,Pas de contrôle,Pas de contrôle,81.82,93,65,33,98.15,99,90,54,94.88,96.71,93.05,60,78.33,88,66,60,100,100,100,28
260000054,2015,Auvergne-Rhône-Alpes,84,CENTRE HOSPITALIER CREST,CH,Oui,Pas de contrôle,Pas de contrôle,Pas de contrôle,Pas de contrôle,Pas de contrôle,81.03,90,69,58,77.78,90,61,36,90.46,92.59,88.34,60,76.67,87,64,60,89.47,97,75,38
270000110,2015,Normandie,28,CENTRE HOSPITALIER DE VERNEUIL,CH,Oui,Pas de contrôle,Pas de contrôle,Pas de contrôle,Pas de contrôle,Pas de contrôle,91.67,99,62,12,77.27,92,55,22,85.79,,,27,92.59,99,76,27,65,85,41,20
270016058,2015,Normandie,28,HAD EURE-SEINE,Privé,Oui,Pas de contrôle,Pas de contrôle,Pas de contrôle,Pas de contrôle,Pas de contrôle,9.52,23,3,42,89.66,98,73,29,75.78,79.45,72.1,57,87.72,95,76,57,65.91,80,50,44
270019649,2015,Normandie,28,HAD DE BERNAY ET DE PONT-AUDEMER (,Privé,Oui,Pas de contrôle,Pas de contrôle,Pas de contrôle,Pas de contrôle,Pas de contrôle,53.7,67,40,54,61.22,75,46,49,66.87,70.1,63.64,60,100,100,100,60,94.87,99,83,39
280001678,2015,Centre-Val de Loire,24,HAD CHARTRES SPHERIA,Privé,Oui,Pas de contrôle,Pas de contrôle,Pas de contrôle,Pas de contrôle,Pas de contrôle,43.33,57,31,60,82.35,92,69,51,61.73,66.83,56.63,60,95,99,86,60,100,100,100,17
290000140,2015,Bretagne,53,CLINIQUE PASTEUR-SAINT ESPRIT,Privé,Oui,Pas de contrôle,Pas de contrôle,Pas de contrôle,Pas de contrôle,Pas de contrôle,60,72,47,60,71.67,83,59,60,89.73,92.19,87.26,60,80,89,68,60,63.89,79,46,36
290032838,2015,Bretagne,53,HAD DES PAYS DE MORLAIX,Privé,Oui,Pas de contrôle,Pas de contrôle,Pas de contrôle,Pas de contrôle,Pas de contrôle,76.79,87,64,56,96.08,99,86,51,76.91,79.9,73.92,60,73.33,84,60,60,96.15,99,80,26
2A0001988,2015,Corse,94,HAD AJACCIO ET GRAND AJACCIO,Privé,Oui,Pas de contrôle,Pas de contrôle,Pas de contrôle,Pas de contrôle,Pas de contrôle,45.45,64,28,33,70.37,86,50,27,79.72,83.47,75.96,42,95.24,99,84,42,86.36,97,65,22
2A0002606,2015,Corse,94,HOPITAL LOCAL DE SARTENE,CH,Oui,Pas de contrôle,Pas de contrôle,Pas de contrôle,Pas de contrôle,Pas de contrôle,86.21,96,68,29,71.43,87,51,28,97.71,99.13,96.3,35,94.29,99,81,35,100,,,9
2B0001739,2015,Corse,94,HAD DE CORSE,Privé,Oui,Pas de contrôle,Pas de contrôle,Pas de contrôle,Pas de contrôle,Pas de contrôle,22,36,11,50,85.96,94,74,57,87.82,89.98,85.67,60,98.33,99,91,60,100,100,100,37
2B0003289,2015,Corse,94,HAD CENTRE RAOUL FRANCOIS MAYMARD,Privé,Oui,Pas de contrôle,Pas de contrôle,Pas de contrôle,Pas de contrôle,Pas de contrôle,95.56,99,85,45,97.22,99,85,36,94.74,96.91,92.57,52,90.38,97,79,52,84,96,64,25
300012309,2015,Occitanie,76,APARD DU TERRITOIRE NIMOIS,Privé,Oui,Pas de contrôle,Pas de contrôle,Pas de contrôle,Pas de contrôle,Pas de contrôle,52.27,68,37,44,97.5,99,87,40,92.38,94.36,90.4,60,73.33,84,60,60,100,100,100,32
300013745,2015,Occitanie,76,HAD APARD ALES,Privé,Oui,Pas de contrôle,Pas de contrôle,Pas de contrôle,Pas de contrôle,Pas de contrôle,80.56,92,64,36,92.31,99,75,26,89.47,93.01,85.93,41,82.93,93,68,41,96.3,99,81,27
300013778,2015,Occitanie,76,HAD 3G SANTE NÎMES,Privé,Non,Pas de contrôle,Pas de contrôle,Pas de contrôle,Pas de contrôle,Pas de contrôle,,,,,,,,,,,,,,,,,,,,
300780053,2015,Occitanie,76,CH BAGNOLS SUR CEZE,CH,Oui,Pas de contrôle,Pas de contrôle,Pas de contrôle,Pas de contrôle,Pas de contrôle,45,68,23,20,63.64,83,41,22,82.49,85.6,79.37,42,88.1,96,74,42,54.55,72,36,33
310005459,2015,Occitanie,76,SANTE RELAIS DOMICILE,ESPIC/EBNL,Oui,Pas de contrôle,Pas de contrôle,Pas de contrôle,Pas de contrôle,Pas de contrôle,100,100,100,60,80,89,68,60,87.22,90.98,83.47,60,83.33,92,71,60,96.43,99,82,28
310780259,2015,Occitanie,76,S.A. CLINIQUE PASTEUR,Privé,Oui,Pas de contrôle,Pas de contrôle,Pas de contrôle,Pas de contrôle,Pas de contrôle,93.33,98,84,60,98.11,99,90,53,90.25,93.02,87.48,60,93.33,98,84,60,97.87,99,89,47
310780671,2015,Occitanie,76,CH SAINT-GAUDENS,CH,Oui,Pas de contrôle,Pas de contrôle,Pas de contrôle,Pas de contrôle,Pas de contrôle,69.23,83,52,39,35.29,54,20,34,88.82,90.91,86.73,60,65,77,52,60,90,99,55,10
320004328,2015,Occitanie,76,HAD GERS,Privé,Oui,Recueil Validé,Recueil Validé,Recueil Validé,Recueil Validé,Recueil Validé,69.23,83,52,39,42.11,59,26,38,79.8,83.24,76.35,43,72.09,85,56,43,94.44,99,73,18
330000332,2015,Nouvelle Aquitaine,75,HOPITAL SUBURBAIN,ESPIC/EBNL,Oui,Pas de contrôle,Pas de contrôle,Pas de contrôle,Pas de contrôle,Pas de contrôle,63.33,75,50,60,51.11,66,36,45,82.19,84.85,79.52,60,81.67,91,70,60,90,97,78,50
330000340,2015,Nouvelle Aquitaine,75,M.S.P.B. BAGATELLE,ESPIC/EBNL,Oui,Pas de contrôle,Pas de contrôle,Pas de contrôle,Pas de contrôle,Pas de contrôle,51.67,65,38,60,42.22,58,28,45,72.07,75.05,69.08,60,85,93,73,60,61.7,76,46,47
330025958,2015,Nouvelle Aquitaine,75,HAD DES VIGNES ET DES RIVIERES,Privé,Oui,Pas de contrôle,Pas de contrôle,Pas de contrôle,Pas de contrôle,Pas de contrôle,3.33,12,0,60,74.58,85,62,59,76.34,79.23,73.44,60,93.33,98,84,60,98.33,99,91,60
330027509,2015,Nouvelle Aquitaine,75,CTRE HOSP INTERCOMMUNAL SUD GIROND,CH,Oui,Pas de contrôle,Pas de contrôle,Pas de contrôle,Pas de contrôle,Pas de contrôle,73.33,85,58,45,77.14,90,60,35,85.39,88.87,81.92,60,95,99,86,60,83.33,98,52,12
340016476,2015,Occitanie,76,BEZIERS HAD,Privé,Oui,Pas de contrôle,Pas de contrôle,Pas de contrôle,Pas de contrôle,Pas de contrôle,41.67,55,29,60,67.39,81,52,46,88.67,91.45,85.89,60,78.33,88,66,60,97.3,99,86,37
340017839,2015,Occitanie,76,HOSPITALISATION À DOMICILE (APARD,Privé,Oui,Pas de contrôle,Pas de contrôle,Pas de contrôle,Pas de contrôle,Pas de contrôle,63.27,77,48,49,61.22,75,46,49,77.92,81.17,74.67,60,60,72,47,60,44.23,59,30,52
340017847,2015,Occitanie,76,HOSPITALISATION A DOMICILE POLYVAL,Privé,Oui,Pas de contrôle,Pas de contrôle,Pas de contrôle,Pas de contrôle,Pas de contrôle,89.66,96,79,58,92.86,98,83,56,97.07,98.38,95.75,60,86.67,94,75,60,100,100,100,53
340019173,2015,Occitanie,76,GCS HAD DU BASSIN DE THAU,ESPIC/EBNL,Oui,Pas de contrôle,Pas de contrôle,Pas de contrôle,Pas de contrôle,Pas de contrôle,83.33,96,59,18,70.59,90,44,17,76.2,,,25,60,79,39,25,75,95,43,12
340780055,2015,Occitanie,76,CH BEZIERS,CH,Oui,Pas de contrôle,Pas de contrôle,Pas de contrôle,Pas de contrôle,Pas de contrôle,84.44,94,71,45,73.21,84,60,56,85.05,87.1,83.01,60,86.67,94,75,60,89.19,97,75,37
340780154,2015,Occitanie,76,POLYCLINIQUE PASTEUR,Privé,Oui,Pas de contrôle,Pas de contrôle,Pas de contrôle,Pas de contrôle,Pas de contrôle,100,100,100,39,100,100,100,38,98.87,100,97.64,50,100,100,100,50,100,100,100,26
340780477,2015,Occitanie,76,CHU MONTPELLIER,CHU,Oui,Pas de contrôle,Pas de contrôle,Pas de contrôle,Pas de contrôle,Pas de contrôle,73.21,84,60,56,93.33,98,84,60,69.88,72.92,66.83,60,96.67,99,88,60,67.74,83,49,31
350042628,2015,Bretagne,53,HOPITAL A DOMICILE 35,Privé,Oui,Pas de contrôle,Pas de contrôle,Pas de contrôle,Pas de contrôle,Pas de contrôle,90,96,79,60,41.51,56,28,53,82.26,84.92,79.61,60,70,81,57,60,42.86,61,26,35
350044772,2015,Bretagne,53,HAD ST-MALO,Privé,Oui,Pas de contrôle,Pas de contrôle,Pas de contrôle,Pas de contrôle,Pas de contrôle,63.33,75,50,60,100,100,100,60,89.08,91.6,86.55,60,95,99,86,60,96.67,99,88,60
360000053,2015,Centre-Val de Loire,24,C.H. DE CHATEAUROUX,CH,Oui,Pas de contrôle,Pas de contrôle,Pas de contrôle,Pas de contrôle,Pas de contrôle,23.33,36,13,60,53.33,66,40,60,71.49,74.54,68.44,60,100,100,100,60,79.49,91,64,39
370009938,2015,Centre-Val de Loire,24,LNA HAD TOURS NORD,Privé,Oui,Pas de contrôle,Pas de contrôle,Pas de contrôle,Pas de contrôle,Pas de contrôle,65,77,52,60,95,99,83,40,75.73,80.3,71.15,60,98.33,99,91,60,97.44,99,86,39
370103673,2015,Centre-Val de Loire,24,HAD PIERRE LARMANDE,Privé,Oui,Pas de contrôle,Pas de contrôle,Pas de contrôle,Pas de contrôle,Pas de contrôle,52.54,66,39,59,60.38,74,46,53,85.05,87.7,82.41,60,71.67,83,59,60,96.97,99,84,33
380780080,2015,Auvergne-Rhône-Alpes,84,CHU GRENOBLE,CHU,Oui,Recueil Validé,Recueil Validé,Recueil Validé,Recueil Validé,Recueil Validé,0,0,0,55,100,100,100,46,78.39,81.66,75.12,60,83.33,92,71,60,100,100,100,37
380781435,2015,Auvergne-Rhône-Alpes,84,CENTRE HOSPITALIER DE VIENNE,CH,Oui,Pas de contrôle,Pas de contrôle,Pas de contrôle,Pas de contrôle,Pas de contrôle,82.35,93,65,34,57.89,74,41,38,78.37,81.55,75.2,60,63.33,75,50,60,74.29,88,57,35
380784751,2015,Auvergne-Rhône-Alpes,84,CENTRE HOSPITALIER VOIRON,CH,Oui,Pas de contrôle,Pas de contrôle,Pas de contrôle,Pas de contrôle,Pas de contrôle,51.85,71,32,27,90.91,98,76,33,93.92,96.27,91.58,37,100,100,100,37,94.12,99,71,17
390004349,2015,Bourgogne-Franche-Comté,27,HAD 39,Privé,Oui,Pas de contrôle,Pas de contrôle,Pas de contrôle,Pas de contrôle,Pas de contrôle,6.12,17,1,49,66.67,81,49,36,75.07,78.15,71.99,60,66.67,78,53,60,90,98,73,30
400008199,2015,Nouvelle Aquitaine,75,HAD DU MARSAN ET DE L'ADOUR,Privé,Oui,Pas de contrôle,Pas de contrôle,Pas de contrôle,Pas de contrôle,Pas de contrôle,60,72,47,60,90.74,97,80,54,91.78,93.83,89.72,60,100,100,100,60,100,100,100,46
400780888,2015,Nouvelle Aquitaine,75,HAD - SANTE SERVICE DAX,Privé,Oui,Recueil Validé,Recueil Validé,Recueil Validé,Recueil Validé,Recueil Validé,45.83,61,31,48,80,90,66,50,89.86,92.15,87.57,60,95,99,86,60,88.33,95,77,60
410005003,2015,Centre-Val de Loire,24,LNA HAD 41,Privé,Oui,Pas de contrôle,Pas de contrôle,Pas de contrôle,Pas de contrôle,Pas de contrôle,91.07,97,80,56,97.3,99,86,37,78.5,81.19,75.81,60,100,100,100,60,100,100,100,60
420002479,2015,Auvergne-Rhône-Alpes,84,HAD OIKIA,Privé,Oui,Pas de contrôle,Pas de contrôle,Pas de contrôle,Pas de contrôle,Pas de contrôle,36.67,50,25,60,100,100,100,56,96.35,97.85,94.85,60,95,99,86,60,95.45,99,84,44
420010258,2015,Auvergne-Rhône-Alpes,84,HAD GCS SANTE A DOMICILE ST ETIENN,Privé,Oui,Pas de contrôle,Pas de contrôle,Pas de contrôle,Pas de contrôle,Pas de contrôle,16.95,29,8,59,69.23,81,55,52,78.13,81.15,75.11,60,58.33,71,45,60,87.27,95,75,55
420780033,2015,Auvergne-Rhône-Alpes,84,CENTRE HOSPITALIER DE ROANNE,CH,Oui,Pas de contrôle,Pas de contrôle,Pas de contrôle,Pas de contrôle,Pas de contrôle,85.71,97,64,21,100,100,100,29,89,91.69,86.31,53,66.04,79,52,53,86.21,96,68,29
430000018,2015,Auvergne-Rhône-Alpes,84,C.H. EMILE ROUX LE PUY,CH,Oui,Pas de contrôle,Pas de contrôle,Pas de contrôle,Pas de contrôle,Pas de contrôle,80.49,91,65,41,85.29,95,69,34,90.81,93.54,88.09,48,56.25,71,41,48,88.89,99,65,18
440000057,2015,Pays de la Loire,52,CENTRE HOSPITALIER   ST-NAZAIRE,CH,Oui,Pas de contrôle,Pas de contrôle,Pas de contrôle,Pas de contrôle,Pas de contrôle,56.14,69,42,57,40.74,55,28,54,81.25,84.38,78.11,60,71.67,83,59,60,72.97,86,56,37
440012128,2015,Pays de la Loire,52,HOPITAL A DOMICILE DE NANTES,ESPIC/EBNL,Oui,Recueil Validé,Recueil Validé,Recueil Validé,Recueil Validé,Recueil Non Validé,40,53,28,60,48.21,62,35,56,82.82,85.8,79.84,60,68.33,80,55,60,,,,
450018528,2015,Centre-Val de Loire,24,HAD - ORLÉANS (SPHERIA),Privé,Oui,Pas de contrôle,Pas de contrôle,Pas de contrôle,Pas de contrôle,Pas de contrôle,91.67,97,82,60,63.64,89,31,11,78.21,80.71,75.71,60,100,100,100,60,100,,,4
450018536,2015,Centre-Val de Loire,24,LNA HAD 45,Privé,Oui,Recueil Validé,Recueil Validé,Recueil Validé,Recueil Validé,Recueil Validé,68.33,80,55,60,95.45,99,84,44,72.59,77.35,67.83,60,98.33,99,91,60,96.67,99,88,60
460006075,2015,Occitanie,76,CLINIQUE FONT REDONDE,Privé,Oui,Pas de contrôle,Pas de contrôle,Pas de contrôle,Pas de contrôle,Pas de contrôle,81.25,93,64,32,52,72,31,25,93.73,96.11,91.34,44,79.55,90,65,44,68.57,83,51,35
460780208,2015,Occitanie,76,CH GOURDON,CH,Oui,Pas de contrôle,Pas de contrôle,Pas de contrôle,Pas de contrôle,Pas de contrôle,80,94,56,20,94.44,99,73,18,94.47,,,27,96.3,99,81,27,100,100,100,13
460780216,2015,Occitanie,76,CH CAHORS,CH,Oui,Pas de contrôle,Pas de contrôle,Pas de contrôle,Pas de contrôle,Pas de contrôle,65.38,78,51,52,45,62,29,40,50.88,55.11,46.65,60,68.33,80,55,60,30.77,52,14,26
470009358,2015,Nouvelle Aquitaine,75,HOSPITALISATION A DOMICILE 47,Privé,Oui,Recueil Non Validé,Recueil Validé,Recueil Validé,Recueil Validé,Recueil Validé,,,,,47.27,61,34,55,90.17,91.97,88.38,60,86.67,94,75,60,97.87,99,89,47
480001825,2015,Occitanie,76,HAD LOZERE,Privé,Oui,Pas de contrôle,Pas de contrôle,Pas de contrôle,Pas de contrôle,Pas de contrôle,0,0,0,15,100,100,100,11,65.58,,,21,47.62,70,26,21,50,74,26,18
490000312,2015,Pays de la Loire,52,CLINIQUE  ST SAUVEUR,Privé,Oui,Recueil Validé,Recueil Validé,Recueil Validé,Recueil Validé,Non Contrôlable,40,53,28,60,87.76,95,75,49,84.27,86.59,81.95,60,100,100,100,60,100,100,100,36
490016334,2015,Pays de la Loire,52,H.A.D. MAUGES BOCAGE CHOLETAIS,Privé,Oui,Recueil Validé,Recueil Validé,Recueil Validé,Recueil Validé,Recueil Validé,96.67,99,88,60,100,100,100,60,94.31,96.07,92.54,60,95,99,86,60,61.82,75,48,55
490016870,2015,Pays de la Loire,52,HAD OUEST ANJOU,Privé,Oui,Pas de contrôle,Pas de contrôle,Pas de contrôle,Pas de contrôle,Pas de contrôle,80.36,90,68,56,92.68,99,80,41,87.18,89.53,84.84,60,95,99,86,60,95,99,86,60
500000013,2015,Normandie,28,CENTRE HOSPITALIER PUBLIC DU COTEN,CH,Oui,Pas de contrôle,Pas de contrôle,Pas de contrôle,Pas de contrôle,Pas de contrôle,84.44,94,71,45,65,79,48,40,87.61,90.47,84.75,60,93.33,98,84,60,69.09,81,55,55
500000054,2015,Normandie,28,CH AVRANCHES GRANVILLE,CH,Oui,Pas de contrôle,Pas de contrôle,Pas de contrôle,Pas de contrôle,Pas de contrôle,80,91,64,40,10.64,23,3,47,71.25,74.68,67.82,60,100,100,100,60,67.57,82,50,37
500000112,2015,Normandie,28,HOPITAL MEMORIAL ST LO,CH,Oui,Pas de contrôle,Pas de contrôle,Pas de contrôle,Pas de contrôle,Pas de contrôle,93.88,99,83,49,45.83,61,31,48,73.59,75.93,71.25,60,81.67,91,70,60,87.23,95,74,47
510000060,2015,Alsace-Champagne-Ardenne-Lorraine,44,CH AUBAN MOET A EPERNAY,CH,Oui,Pas de contrôle,Pas de contrôle,Pas de contrôle,Pas de contrôle,Pas de contrôle,95.74,99,85,47,93.1,98,83,58,77.21,79.19,75.24,60,98.33,99,91,60,100,100,100,12
510002298,2015,Alsace-Champagne-Ardenne-Lorraine,44,HOSPITALISATION A DOMICILE,Privé,Oui,Pas de contrôle,Pas de contrôle,Pas de contrôle,Pas de contrôle,Pas de contrôle,86.67,94,75,60,40,53,28,60,81.58,84.53,78.63,60,100,100,100,60,56.41,72,40,39
510019938,2015,Alsace-Champagne-Ardenne-Lorraine,44,GCS DER ET PERTHOIS,CH,Oui,Pas de contrôle,Pas de contrôle,Pas de contrôle,Pas de contrôle,Pas de contrôle,100,100,100,37,45.71,63,29,35,91.32,94.03,88.61,49,93.88,99,83,49,100,100,100,28
510020548,2015,Alsace-Champagne-Ardenne-Lorraine,44,HAD CHALONS-EN-CHAMPAGNE,Privé,Oui,Pas de contrôle,Pas de contrôle,Pas de contrôle,Pas de contrôle,Pas de contrôle,27.03,44,14,37,51.61,70,33,31,72.44,77.18,67.71,45,46.67,62,32,45,88.89,98,71,27
520003823,2015,Alsace-Champagne-Ardenne-Lorraine,44,HAD CHAUMONT LANGRES,Privé,Oui,Pas de contrôle,Pas de contrôle,Pas de contrôle,Pas de contrôle,Pas de contrôle,0,0,0,36,76.92,91,56,26,66.46,69.87,63.04,42,35.71,52,22,42,62.07,79,42,29
530000371,2015,Pays de la Loire,52,CENTRE HOSPITALIER  LAVAL,CH,Oui,Pas de contrôle,Pas de contrôle,Pas de contrôle,Pas de contrôle,Pas de contrôle,78.33,88,66,60,68.33,80,55,60,83.85,88.11,79.6,60,85,93,73,60,88.1,96,74,42
540000080,2015,Alsace-Champagne-Ardenne-Lorraine,44,CENTRE HOSPITALIER - LUNEVILLE,CH,Oui,Pas de contrôle,Pas de contrôle,Pas de contrôle,Pas de contrôle,Pas de contrôle,100,100,100,15,58.33,78,37,24,74.78,78.93,70.63,31,96.77,99,83,31,60,88,26,10
540001096,2015,Alsace-Champagne-Ardenne-Lorraine,44,CH DE MT ST MARTIN (GROUPE SOS SAN,ESPIC/EBNL,Oui,Pas de contrôle,Pas de contrôle,Pas de contrôle,Pas de contrôle,Pas de contrôle,36.36,69,11,11,66.67,88,38,15,80.27,,,25,92,99,74,25,85.71,98,57,14
540001104,2015,Alsace-Champagne-Ardenne-Lorraine,44,HOPITAL JOEUF,ESPIC/EBNL,Oui,Pas de contrôle,Pas de contrôle,Pas de contrôle,Pas de contrôle,Pas de contrôle,85.19,93,73,54,53.85,73,33,26,75.11,78.39,71.83,60,93.33,98,84,60,90.91,99,71,22
540010568,2015,Alsace-Champagne-Ardenne-Lorraine,44,ASSOCIATION HADAN,Privé,Oui,Pas de contrôle,Pas de contrôle,Pas de contrôle,Pas de contrôle,Pas de contrôle,83.33,92,71,60,57.5,73,41,40,83.08,86.09,80.07,60,71.67,83,59,60,81.25,93,64,32
540020146,2015,Alsace-Champagne-Ardenne-Lorraine,44,CENTRE DE REEDUCATION FLORENTIN,ESPIC/EBNL,Oui,Pas de contrôle,Pas de contrôle,Pas de contrôle,Pas de contrôle,Pas de contrôle,75,85,62,60,95,99,86,60,91.92,94.28,89.57,60,88.33,95,77,60,84.38,95,67,32
550003354,2015,Alsace-Champagne-Ardenne-Lorraine,44,CENTRE HOSPITALIER - BAR LE DUC,CH,Oui,Pas de contrôle,Pas de contrôle,Pas de contrôle,Pas de contrôle,Pas de contrôle,100,100,100,44,66.67,80,50,42,85.42,87.68,83.17,60,98.33,99,91,60,100,100,100,34
550006795,2015,Alsace-Champagne-Ardenne-Lorraine,44,CENTRE HOSPITALIER VERDUN/SAINT MI,CH,Oui,Pas de contrôle,Pas de contrôle,Pas de contrôle,Pas de contrôle,Pas de contrôle,97.83,99,88,46,91.49,98,80,47,98.94,99.68,98.19,60,86.67,94,75,60,96.97,99,84,33
560000044,2015,Bretagne,53,CENTRE HOSPITALIER PLOERMEL,CH,Oui,Pas de contrôle,Pas de contrôle,Pas de contrôle,Pas de contrôle,Pas de contrôle,0,0,0,36,77.14,90,60,35,75.97,79.28,72.66,52,92.31,98,81,52,57.69,77,37,26
560008799,2015,Bretagne,53,CLINIQUE OCEANE,Privé,Oui,Pas de contrôle,Pas de contrôle,Pas de contrôle,Pas de contrôle,Pas de contrôle,86,94,73,50,71.79,85,55,39,93.16,95.05,91.27,60,85,93,73,60,75.47,86,62,53
560018509,2015,Bretagne,53,STRUCTURE D'HAD DE L–AVEN À L–ETEL,Privé,Oui,Pas de contrôle,Pas de contrôle,Pas de contrôle,Pas de contrôle,Pas de contrôle,30,43,19,60,90.91,98,78,44,91.42,93.8,89.03,60,81.67,91,70,60,86.67,94,75,60
560022188,2015,Bretagne,53,HAD DE PONTIVY,Privé,Oui,Pas de contrôle,Pas de contrôle,Pas de contrôle,Pas de contrôle,Pas de contrôle,93.33,98,84,60,93.33,98,84,60,84.26,86.55,81.96,60,80,89,68,60,100,100,100,29
570000091,2015,Alsace-Champagne-Ardenne-Lorraine,44,HOPITAL DE FREYMING MERLEBACH,ESPIC/EBNL,Oui,Pas de contrôle,Pas de contrôle,Pas de contrôle,Pas de contrôle,Pas de contrôle,75,86,60,48,70.73,84,54,41,76.7,78.41,74.99,60,85,93,73,60,100,100,100,30
570000158,2015,Alsace-Champagne-Ardenne-Lorraine,44,CENTRE HOSPITALIER ROBERT PAX,CH,Oui,Pas de contrôle,Pas de contrôle,Pas de contrôle,Pas de contrôle,Pas de contrôle,72.22,90,46,18,34.62,56,17,26,64.42,66.18,62.67,46,78.26,89,64,46,3.57,18,0,28
570001099,2015,Alsace-Champagne-Ardenne-Lorraine,44,HOPITAL STE BLANDINE METZ,ESPIC/EBNL,Oui,Recueil Validé,Recueil Validé,Recueil Validé,Recueil Validé,Recueil Validé,98.33,99,91,60,85,93,73,60,90.75,93.02,88.48,60,96.67,99,88,60,81.48,94,62,27
570005165,2015,Alsace-Champagne-Ardenne-Lorraine,44,C. H. R. - METZ THIONVILLE,CHU,Oui,Pas de contrôle,Pas de contrôle,Pas de contrôle,Pas de contrôle,Pas de contrôle,98,99,89,50,96.88,99,84,32,83.87,87.71,80.03,60,91.67,97,82,60,100,100,100,29
570015099,2015,Alsace-Champagne-Ardenne-Lorraine,44,CENTRE HOSPITALIER - SARREBOURG,CH,Oui,Pas de contrôle,Pas de contrôle,Pas de contrôle,Pas de contrôle,Pas de contrôle,92,99,74,25,93.33,99,78,30,98.31,99.56,97.07,33,100,100,100,33,100,100,100,14
580001899,2015,Bourgogne-Franche-Comté,27,HAD CROIX ROUGE,Privé,Oui,Pas de contrôle,Pas de contrôle,Pas de contrôle,Pas de contrôle,Pas de contrôle,90.91,98,76,33,60,79,39,25,86.72,89.6,83.83,43,81.4,92,67,43,64.29,81,44,28
590025128,2015,Hauts de France,32,HAD HAINAUT,Privé,Oui,Recueil Validé,Recueil Validé,Recueil Validé,Recueil Validé,Non Contrôlable,28.33,41,17,60,59.65,72,46,57,72.42,75.53,69.32,60,96.67,99,88,60,92.11,98,79,38
590032108,2015,Hauts de France,32,HOPITAL À DOMICILE DU DOUAISIS,Privé,Oui,Recueil Validé,Recueil Validé,Recueil Validé,Recueil Validé,Recueil Validé,68.97,81,55,58,87.76,95,75,49,77.39,80.02,74.77,60,88.33,95,77,60,100,100,100,56
590032199,2015,Hauts de France,32,HÔPITAL À DOMICILE DU CAMBRÉSIS,Privé,Oui,Pas de contrôle,Pas de contrôle,Pas de contrôle,Pas de contrôle,Pas de contrôle,79.07,90,64,43,86.36,95,73,44,78.73,82.37,75.09,60,95,99,86,60,100,100,100,49
590035838,2015,Hauts de France,32,HAD SAMBRE AVESNOIS,Privé,Oui,Pas de contrôle,Pas de contrôle,Pas de contrôle,Pas de contrôle,Pas de contrôle,82.5,93,67,40,77.78,90,61,36,68.04,71.66,64.41,57,56.14,69,42,57,88.46,98,70,26
590043469,2015,Hauts de France,32,HAD DE FLANDRE MARITIME,Privé,Oui,Pas de contrôle,Pas de contrôle,Pas de contrôle,Pas de contrôle,Pas de contrôle,45,58,32,60,80,89,68,60,80.08,83.34,76.82,60,90,96,79,60,89.13,96,76,46
590046124,2015,Hauts de France,32,Santelys HAD Roubaix et environs,Privé,Oui,Pas de contrôle,Pas de contrôle,Pas de contrôle,Pas de contrôle,Pas de contrôle,100,100,100,60,78.33,88,66,60,78.62,81.7,75.54,60,88.33,95,77,60,96.23,99,87,53
590048476,2015,Hauts de France,32,SERVICE HAD,ESPIC/EBNL,Oui,Pas de contrôle,Pas de contrôle,Pas de contrôle,Pas de contrôle,Pas de contrôle,93.33,98,84,60,57.14,71,42,49,82.26,85.42,79.11,60,93.33,98,84,60,81.08,92,65,37
590780193,2015,Hauts de France,32,C.H.R.U. DE LILLE,CHU,Oui,Pas de contrôle,Pas de contrôle,Pas de contrôle,Pas de contrôle,Pas de contrôle,67.31,80,53,52,86.05,95,72,43,92.04,94.08,90,60,93.33,98,84,60,100,100,100,28
590782652,2015,Hauts de France,32,CENTRE HOSPITALIER D'HAZEBROUCK,CH,Oui,Pas de contrôle,Pas de contrôle,Pas de contrôle,Pas de contrôle,Pas de contrôle,20.45,35,10,44,62.79,77,47,43,81.05,83.31,78.79,60,98.33,99,91,60,96.43,99,88,56
590812509,2015,Hauts de France,32,SANTELYS RESEAU,Privé,Oui,Recueil Validé,Recueil Validé,Recueil Validé,Recueil Validé,Recueil Validé,98.33,99,91,60,48.33,62,35,60,78.29,81.94,74.64,60,68.33,80,55,60,97.56,99,87,41
600003008,2015,Hauts de France,32,HAD SENLIS,Privé,Oui,Recueil Validé,Recueil Validé,Recueil Validé,Recueil Validé,Recueil Validé,26.67,40,16,60,86.67,94,75,60,79.17,82.2,76.13,60,76.67,87,64,60,87.27,95,75,55
600100713,2015,Hauts de France,32,CTRE HOSP DE BEAUVAIS,CH,Oui,Pas de contrôle,Pas de contrôle,Pas de contrôle,Pas de contrôle,Pas de contrôle,10.53,22,4,57,80,89,68,60,88.76,90.8,86.71,60,80,89,68,60,80,92,61,30
600100721,2015,Hauts de France,32,CTRE HOSP DE COMPIEGNE,CH,Oui,Pas de contrôle,Pas de contrôle,Pas de contrôle,Pas de contrôle,Pas de contrôle,75.47,86,62,53,47.73,63,32,44,78.15,81.59,74.71,60,36.67,50,25,60,81.63,91,68,49
610005837,2015,Normandie,28,HAD ALENÇON,Privé,Oui,Pas de contrôle,Pas de contrôle,Pas de contrôle,Pas de contrôle,Pas de contrôle,94.29,99,81,35,100,100,100,25,94.22,96.08,92.36,42,90.48,97,77,42,100,100,100,28
610006256,2015,Normandie,28,HAD Mortagne,Privé,Oui,Pas de contrôle,Pas de contrôle,Pas de contrôle,Pas de contrôle,Pas de contrôle,96.55,99,82,29,80,93,59,25,92.59,94.74,90.44,41,78.05,89,62,41,100,100,100,15
610007155,2015,Normandie,28,HAD - LA FERTE MACE (ANTENNE ALENC,Privé,Oui,Pas de contrôle,Pas de contrôle,Pas de contrôle,Pas de contrôle,Pas de contrôle,61.54,86,32,13,100,100,100,10,89.94,,,18,100,100,100,18,100,100,100,11
610780165,2015,Normandie,28,CENTRE HOSPITALIER - FLERS,CH,Oui,Pas de contrôle,Pas de contrôle,Pas de contrôle,Pas de contrôle,Pas de contrôle,66.67,84,46,27,52.17,73,31,23,68.44,71.85,65.03,46,95.65,99,85,46,50,71,29,24
620003889,2015,Hauts de France,32,HAD DU BETHUNOIS,Privé,Oui,Pas de contrôle,Pas de contrôle,Pas de contrôle,Pas de contrôle,Pas de contrôle,86.67,94,75,60,65.45,78,51,55,81.23,84.05,78.4,60,96.67,99,88,60,95.83,99,86,48
620010348,2015,Hauts de France,32,HOSPITALISATION À DOMICILE DE CALA,Privé,Oui,Recueil Validé,Recueil Validé,Recueil Validé,Recueil Validé,Recueil Validé,50,64,36,54,81.4,92,67,43,78.35,81.98,74.71,60,83.33,92,71,60,96.49,99,88,57
620010389,2015,Hauts de France,32,SANTELYS HAD DES PAYS ARTOIS & TER,Privé,Oui,Pas de contrôle,Pas de contrôle,Pas de contrôle,Pas de contrôle,Pas de contrôle,100,100,100,60,66.67,80,51,45,72,75.67,68.34,60,68.33,80,55,60,85.11,94,72,47
620013649,2015,Hauts de France,32,HAD DU LITTORAL,Privé,Oui,Pas de contrôle,Pas de contrôle,Pas de contrôle,Pas de contrôle,Pas de contrôle,92.98,98,83,57,100,100,100,42,91.71,93.75,89.68,60,95,99,86,60,100,100,100,59
620105981,2015,Hauts de France,32,HOSPITALISATION A DOMICILE,Privé,Oui,Pas de contrôle,Pas de contrôle,Pas de contrôle,Pas de contrôle,Pas de contrôle,81.67,91,70,60,89.36,97,77,47,93.95,95.52,92.39,60,91.67,97,82,60,100,100,100,57
630008118,2015,Auvergne-Rhône-Alpes,84,S.A.S.  CLINIDOM,Privé,Oui,Pas de contrôle,Pas de contrôle,Pas de contrôle,Pas de contrôle,Pas de contrôle,48.39,67,30,31,75,93,48,16,73.81,77.27,70.36,56,92.86,98,83,56,96.3,99,87,54
630010296,2015,Auvergne-Rhône-Alpes,84,HAD 63,Privé,Oui,Pas de contrôle,Pas de contrôle,Pas de contrôle,Pas de contrôle,Pas de contrôle,100,100,100,60,95,99,86,60,94.78,96.47,93.1,60,36.67,50,25,60,100,100,100,36
630010528,2015,Auvergne-Rhône-Alpes,84,HAD AURA AUVERGNE,Privé,Oui,Pas de contrôle,Pas de contrôle,Pas de contrôle,Pas de contrôle,Pas de contrôle,78.85,89,65,52,78.26,89,64,46,95,96.53,93.47,60,95,99,86,60,95.45,99,84,44
640013298,2015,Nouvelle Aquitaine,75,HAD DU HAUT BEARN ET DE LA SOULE,Privé,Oui,Pas de contrôle,Pas de contrôle,Pas de contrôle,Pas de contrôle,Pas de contrôle,100,100,100,60,95,99,86,60,96.26,97.71,94.8,60,93.33,98,84,60,100,100,100,60
640780417,2015,Nouvelle Aquitaine,75,CENTRE HOSPITALIER COTE BASQUE,CH,Oui,Pas de contrôle,Pas de contrôle,Pas de contrôle,Pas de contrôle,Pas de contrôle,0,,,9,,,,0,61.99,,,28,53.57,73,34,28,,,,0
640780813,2015,Nouvelle Aquitaine,75,HOPITAL ORTHEZ,CH,Oui,Pas de contrôle,Pas de contrôle,Pas de contrôle,Pas de contrôle,Pas de contrôle,91.67,98,77,36,67.57,82,50,37,86.07,88.68,83.46,56,85.71,94,74,56,71.88,86,53,32
640781290,2015,Nouvelle Aquitaine,75,CENTRE HOSPITALIER PAU,CH,Oui,Pas de contrôle,Pas de contrôle,Pas de contrôle,Pas de contrôle,Pas de contrôle,60,72,47,60,68.33,80,55,60,88.72,91.36,86.09,60,85,93,73,60,97.06,99,85,34
640789699,2015,Nouvelle Aquitaine,75,HAD - SANTE SERVICE BAYONNE,Privé,Oui,Recueil Validé,Recueil Validé,Recueil Validé,Recueil Validé,Recueil Validé,98.25,99,91,57,100,100,100,42,98.96,99.81,98.12,60,100,100,100,60,96.43,99,88,56
650001779,2015,Occitanie,76,HAD   DE BIGORRE,Privé,Oui,Pas de contrôle,Pas de contrôle,Pas de contrôle,Pas de contrôle,Pas de contrôle,80,89,68,60,60,72,47,60,91.51,94.57,88.44,60,80,89,68,60,93.62,99,82,47
660006172,2015,Occitanie,76,HAD MEDIHAD,Privé,Oui,Pas de contrôle,Pas de contrôle,Pas de contrôle,Pas de contrôle,Pas de contrôle,100,100,100,48,48.84,65,33,43,92.07,93.93,90.22,60,91.67,97,82,60,96.43,99,82,28
660780180,2015,Occitanie,76,CH PERPIGNAN,CH,Oui,Pas de contrôle,Pas de contrôle,Pas de contrôle,Pas de contrôle,Pas de contrôle,82.76,91,71,58,88.68,96,77,53,88.47,91.11,85.83,60,91.67,97,82,60,83.33,94,65,30
670005479,2015,Alsace-Champagne-Ardenne-Lorraine,44,AURAL HAD,Privé,Oui,Pas de contrôle,Pas de contrôle,Pas de contrôle,Pas de contrôle,Pas de contrôle,98.33,99,91,60,95,99,86,60,93.15,95.08,91.22,60,90,96,79,60,100,100,100,36
670008838,2015,Alsace-Champagne-Ardenne-Lorraine,44,HAD ASSOC REINACKER,Privé,Oui,Pas de contrôle,Pas de contrôle,Pas de contrôle,Pas de contrôle,Pas de contrôle,100,100,100,60,100,100,100,60,98.99,99.7,98.28,60,98.33,99,91,60,100,100,100,28
670780055,2015,Alsace-Champagne-Ardenne-Lorraine,44,HOPITAUX UNIVERSITAIRES DE STRASBO,CHU,Oui,Pas de contrôle,Pas de contrôle,Pas de contrôle,Pas de contrôle,Pas de contrôle,30,43,19,60,,,,0,78.26,80.4,76.11,60,85,93,73,60,,,,0
670798636,2015,Alsace-Champagne-Ardenne-Lorraine,44,CLINIQUE SAINT-LUC - GHSV,ESPIC/EBNL,Oui,Pas de contrôle,Pas de contrôle,Pas de contrôle,Pas de contrôle,Pas de contrôle,43.48,66,23,23,63.64,83,41,22,93.51,96.38,90.65,34,85.29,95,69,34,100,100,100,18
680007648,2015,Alsace-Champagne-Ardenne-Lorraine,44,ASSOC HOSP A DOM CTRE ALSACE A COL,Privé,Oui,Pas de contrôle,Pas de contrôle,Pas de contrôle,Pas de contrôle,Pas de contrôle,85,93,73,60,84.48,93,73,58,93.51,95.47,91.55,60,75,85,62,60,82.76,91,71,58
680017829,2015,Alsace-Champagne-Ardenne-Lorraine,44,HAD SUD ALSACE MULHOUSE,Privé,Oui,Recueil Validé,Recueil Validé,Recueil Validé,Recueil Validé,Recueil Validé,98.33,99,91,60,88.33,95,77,60,95.97,97.31,94.63,60,83.33,92,71,60,91.3,98,79,46
690000880,2015,Auvergne-Rhône-Alpes,84,CENTRE LEON BERARD,CLCC,Oui,Pas de contrôle,Pas de contrôle,Pas de contrôle,Pas de contrôle,Pas de contrôle,0,0,0,32,55.36,69,41,56,81.41,83.5,79.32,60,51.67,65,38,60,0,0,0,15
690788930,2015,Auvergne-Rhône-Alpes,84,SOINS ET SANTE,ESPIC/EBNL,Oui,Pas de contrôle,Pas de contrôle,Pas de contrôle,Pas de contrôle,Pas de contrôle,61.67,74,48,60,92.98,98,83,57,85.29,88.12,82.45,60,85,93,73,60,95.56,99,85,45
700000698,2015,Bourgogne-Franche-Comté,27,HAD VESOUL,Privé,Oui,Pas de contrôle,Pas de contrôle,Pas de contrôle,Pas de contrôle,Pas de contrôle,0,0,0,29,31.25,59,11,16,75.97,78.41,73.53,44,88.64,96,75,44,86.67,96,69,30
710780263,2015,Bourgogne-Franche-Comté,27,C.H.G. LES CHANAUX,CH,Oui,Pas de contrôle,Pas de contrôle,Pas de contrôle,Pas de contrôle,Pas de contrôle,97.62,99,87,42,100,100,100,44,98.46,99.38,97.53,53,100,100,100,53,100,100,100,15
710780644,2015,Bourgogne-Franche-Comté,27,CENTRE HOSPITALIER DE PARAY,CH,Oui,Pas de contrôle,Pas de contrôle,Pas de contrôle,Pas de contrôle,Pas de contrôle,90,99,55,10,50,81,19,10,81.94,,,18,88.89,99,65,18,75,95,43,12
710780917,2015,Bourgogne-Franche-Comté,27,SA CLINIQUE SAINTE MARIE,Privé,Oui,Pas de contrôle,Pas de contrôle,Pas de contrôle,Pas de contrôle,Pas de contrôle,88,98,69,25,40,61,21,25,84.66,87.87,81.45,32,68.75,84,50,32,41.67,72,15,12
710780958,2015,Bourgogne-Franche-Comté,27,CENTRE HOSPITALIER WILLIAM MOREY,CH,Oui,Pas de contrôle,Pas de contrôle,Pas de contrôle,Pas de contrôle,Pas de contrôle,52.38,74,30,21,42.31,63,23,26,86.86,,,29,68.97,85,49,29,14.29,,,7
710978347,2015,Bourgogne-Franche-Comté,27,HOTEL-DIEU DU CREUSOT,ESPIC/EBNL,Oui,Pas de contrôle,Pas de contrôle,Pas de contrôle,Pas de contrôle,Pas de contrôle,66.67,78,53,60,100,100,100,60,86.81,91.63,81.99,60,68.33,80,55,60,85.42,94,72,48
720000066,2015,Pays de la Loire,52,CTRE HOSPITALIER CHATEAU DU LOIR,CH,Oui,Pas de contrôle,Pas de contrôle,Pas de contrôle,Pas de contrôle,Pas de contrôle,71.43,89,48,21,40,68,16,15,89.76,93,86.52,35,100,100,100,35,76.47,93,50,17
720016856,2015,Pays de la Loire,52,SERVICE DE L'HAD DE LA SARTHE,Privé,Oui,Pas de contrôle,Pas de contrôle,Pas de contrôle,Pas de contrôle,Pas de contrôle,63.33,75,50,60,54.35,69,39,46,88.48,91.11,85.86,60,95,99,86,60,88.33,95,77,60
730000015,2015,Auvergne-Rhône-Alpes,84,CENTRE HOSPITALIER CHAMBERY,CH,Oui,Pas de contrôle,Pas de contrôle,Pas de contrôle,Pas de contrôle,Pas de contrôle,100,100,100,58,98.33,99,91,60,98.07,99.01,97.13,60,95,99,86,60,100,100,100,30
730002839,2015,Auvergne-Rhône-Alpes,84,C.H.I. ALBERTVILLE MOUTIERS,CH,Oui,Pas de contrôle,Pas de contrôle,Pas de contrôle,Pas de contrôle,Pas de contrôle,100,100,100,18,61.9,82,38,21,89.86,,,26,3.85,20,0,26,33.33,62,12,15
730780103,2015,Auvergne-Rhône-Alpes,84,CENTRE HOSPITALIER  ST JEAN DE MAU,CH,Oui,Pas de contrôle,Pas de contrôle,Pas de contrôle,Pas de contrôle,Pas de contrôle,100,100,100,19,88.89,99,65,18,80.11,,,30,100,100,100,30,71.43,,,7
740001839,2015,Auvergne-Rhône-Alpes,84,CHI DES HOPITAUX DU PAYS DU MONT B,CH,Oui,Pas de contrôle,Pas de contrôle,Pas de contrôle,Pas de contrôle,Pas de contrôle,80,93,59,25,83.33,95,63,24,83.71,86.65,80.77,50,86,94,73,50,91.3,99,72,23
740010475,2015,Auvergne-Rhône-Alpes,84,HAD HAUTE-SAVOIE SUD,Privé,Oui,Pas de contrôle,Pas de contrôle,Pas de contrôle,Pas de contrôle,Pas de contrôle,70.73,84,54,41,91.18,98,76,34,73.24,77.18,69.29,53,94.34,99,84,53,69.44,84,52,36
740781133,2015,Auvergne-Rhône-Alpes,84,CH ANNECY-GENEVOIS,CH,Oui,Pas de contrôle,Pas de contrôle,Pas de contrôle,Pas de contrôle,Pas de contrôle,90,97,76,40,77.55,88,63,49,85.02,87.94,82.09,60,70,81,57,60,84.75,93,73,59
740790258,2015,Auvergne-Rhône-Alpes,84,CENTRE HOSPITALIER ALPES-LEMAN,CH,Oui,Pas de contrôle,Pas de contrôle,Pas de contrôle,Pas de contrôle,Pas de contrôle,96.43,99,82,28,100,100,100,32,92.22,94.25,90.2,45,97.78,99,88,45,100,100,100,25
740790381,2015,Auvergne-Rhône-Alpes,84,C.H.I. DU LEMAN,CH,Oui,Pas de contrôle,Pas de contrôle,Pas de contrôle,Pas de contrôle,Pas de contrôle,73.68,87,57,38,97.3,99,86,37,81.62,84.58,78.67,58,87.93,95,77,58,91.3,99,72,23
750042459,2015,Ile de France,11,HAD CROIX SAINT-SIMON,ESPIC/EBNL,Oui,Pas de contrôle,Pas de contrôle,Pas de contrôle,Pas de contrôle,Pas de contrôle,23.33,36,13,60,44.74,62,29,38,70.18,75.75,64.61,60,61.67,74,48,60,51.43,69,34,35
750806226,2015,Ile de France,11,HOSPITALISATION A DOMICILE AP- HP,CHU,Oui,Pas de contrôle,Pas de contrôle,Pas de contrôle,Pas de contrôle,Pas de contrôle,30,43,19,60,50,64,36,52,74.21,78,70.43,60,60,72,47,60,70.37,86,50,27
760016659,2015,Normandie,28,HAD CAUX-MARITIME ADIR,Privé,Oui,Pas de contrôle,Pas de contrôle,Pas de contrôle,Pas de contrôle,Pas de contrôle,88.24,96,76,51,92.31,98,79,39,91.34,93.48,89.19,60,95,99,86,60,100,100,100,38
760020529,2015,Normandie,28,HAD DU CÈDRE,Privé,Oui,Pas de contrôle,Pas de contrôle,Pas de contrôle,Pas de contrôle,Pas de contrôle,91.3,98,79,46,90,98,73,30,96.04,97.65,94.43,60,100,100,100,60,100,100,100,37
760021329,2015,Normandie,28,HOPITAL PRIVE DE L'ESTUAIRE,Privé,Oui,Pas de contrôle,Pas de contrôle,Pas de contrôle,Pas de contrôle,Pas de contrôle,55.36,69,41,56,63.16,76,49,57,91.87,93.7,90.04,60,100,100,100,60,100,100,100,23
760024042,2015,Normandie,28,CHI ELBEUF LOUVIERS,CH,Oui,Pas de contrôle,Pas de contrôle,Pas de contrôle,Pas de contrôle,Pas de contrôle,30.56,48,16,36,71.43,85,54,35,96.14,97.83,94.44,60,100,100,100,60,100,100,100,54
760780734,2015,Normandie,28,CHI DU PAYS DES HAUTES FALAISES,CH,Oui,Pas de contrôle,Pas de contrôle,Pas de contrôle,Pas de contrôle,Pas de contrôle,69.23,86,48,26,52.38,74,30,21,75.94,78.55,73.34,39,97.44,99,86,39,90.91,99,71,22
760783035,2015,Normandie,28,HOPITAL & IFSI CROIX-ROUGE,ESPIC/EBNL,Oui,Pas de contrôle,Pas de contrôle,Pas de contrôle,Pas de contrôle,Pas de contrôle,73.33,84,60,60,63.33,75,50,60,86.91,89.37,84.45,60,83.33,92,71,60,33.96,48,21,53
770016475,2015,Ile de France,11,H.A.D. CENTRE 77,Privé,Oui,Pas de contrôle,Pas de contrôle,Pas de contrôle,Pas de contrôle,Pas de contrôle,76.92,95,46,13,66.67,,,9,85.21,,,21,71.43,89,48,21,81.25,96,54,16
770110062,2015,Ile de France,11,CENTRE HOSPITALIER DE MONTEREAU,CH,Oui,Pas de contrôle,Pas de contrôle,Pas de contrôle,Pas de contrôle,Pas de contrôle,52.08,67,37,48,72.88,84,60,59,86.8,89.76,83.85,60,61.67,74,48,60,29.41,56,10,17
770700011,2015,Ile de France,11,CENTRE READAPTATION FONCT COUBERT,ESPIC/EBNL,Oui,Pas de contrôle,Pas de contrôle,Pas de contrôle,Pas de contrôle,Pas de contrôle,13.33,31,4,30,100,100,100,31,86.24,90.31,82.17,31,96.77,99,83,31,96.3,99,81,27
780004529,2015,Ile de France,11,HAD YVELINES SUD,Privé,Oui,Recueil Validé,Recueil Validé,Recueil Validé,Recueil Validé,Recueil Validé,6.45,21,1,31,30.43,53,13,23,80.62,83.35,77.89,39,87.18,96,73,39,90,99,68,20
790000012,2015,Nouvelle Aquitaine,75,CENTRE HOSPITALIER DE NIORT,CH,Oui,Pas de contrôle,Pas de contrôle,Pas de contrôle,Pas de contrôle,Pas de contrôle,83.33,96,59,18,92.31,99,75,26,98.59,99.65,97.54,39,79.49,91,64,39,100,100,100,14
790000046,2015,Nouvelle Aquitaine,75,HOPITAL LOCAL DE SAINT MAIXENT,CH,Oui,Pas de contrôle,Pas de contrôle,Pas de contrôle,Pas de contrôle,Pas de contrôle,90,99,55,10,100,,,9,90.81,,,22,81.82,95,60,22,100,100,100,15
790000061,2015,Nouvelle Aquitaine,75,HOPITAL LOCAL DE MELLE,CH,Oui,Pas de contrôle,Pas de contrôle,Pas de contrôle,Pas de contrôle,Pas de contrôle,50,75,25,16,63.64,89,31,11,97.2,,,27,100,100,100,27,100,100,100,18
790017289,2015,Nouvelle Aquitaine,75,HOSP. A DOM. - H.A.D. 79,Privé,Oui,Pas de contrôle,Pas de contrôle,Pas de contrôle,Pas de contrôle,Pas de contrôle,74.51,86,60,51,56.25,71,41,48,88.4,89.86,86.95,60,26.67,40,16,60,58.62,77,39,29
800000028,2015,Hauts de France,32,CTRE HOSP D'ABBEVILLE,CH,Oui,Pas de contrôle,Pas de contrôle,Pas de contrôle,Pas de contrôle,Pas de contrôle,82.22,92,68,45,98.15,99,90,54,93.81,95.87,91.75,60,93.33,98,84,60,90.91,97,80,55
800000036,2015,Hauts de France,32,CTRE HOSP D'ALBERT,CH,Oui,Pas de contrôle,Pas de contrôle,Pas de contrôle,Pas de contrôle,Pas de contrôle,93.33,99,68,15,82.35,96,57,17,80.25,,,27,100,100,100,27,100,100,100,20
800000069,2015,Hauts de France,32,CTRE HOSP DE DOULLENS,CH,Oui,Pas de contrôle,Pas de contrôle,Pas de contrôle,Pas de contrôle,Pas de contrôle,88.89,99,65,18,79.17,93,58,24,94.52,97.15,91.89,36,100,100,100,36,87.5,99,62,16
800000077,2015,Hauts de France,32,CTRE HOSP DE HAM,CH,Oui,Pas de contrôle,Pas de contrôle,Pas de contrôle,Pas de contrôle,Pas de contrôle,88.89,99,65,18,81.82,98,48,11,80.16,,,27,92.59,99,76,27,86.96,97,66,23
800000085,2015,Hauts de France,32,CH INTERCOMMUNAL MONTDIDIER-ROYE,CH,Oui,Pas de contrôle,Pas de contrôle,Pas de contrôle,Pas de contrôle,Pas de contrôle,30.77,61,9,13,66.67,,,9,80.03,,,27,88.89,98,71,27,25,52,7,16
800000093,2015,Hauts de France,32,CTRE HOSP DE PERONNE,CH,Oui,Pas de contrôle,Pas de contrôle,Pas de contrôle,Pas de contrôle,Pas de contrôle,96.55,99,82,29,78.79,91,61,33,89.23,91.67,86.8,49,100,100,100,49,97.22,99,85,36
800000523,2015,Hauts de France,32,SOINS SERVICE,ESPIC/EBNL,Oui,Recueil Validé,Recueil Validé,Recueil Validé,Recueil Validé,Recueil Validé,61.54,75,47,52,72.73,87,54,33,84.87,87.18,82.56,60,88.33,95,77,60,100,100,100,53
800016768,2015,Hauts de France,32,HOSPITALISATION A DOMICILE PAUCHET,Privé,Oui,Pas de contrôle,Pas de contrôle,Pas de contrôle,Pas de contrôle,Pas de contrôle,70,93,35,10,80,98,44,10,84.99,,,21,85.71,97,64,21,26.67,55,8,15
810000331,2015,Occitanie,76,CH ALBI,CH,Oui,Pas de contrôle,Pas de contrôle,Pas de contrôle,Pas de contrôle,Pas de contrôle,55.36,69,41,56,79.63,89,66,54,83.73,86.4,81.05,60,86.67,94,75,60,86.96,97,66,23
810000380,2015,Occitanie,76,CHIC CASTRES-MAZAMET,CH,Oui,Recueil Validé,Non Contrôlable,Recueil Validé,Recueil Validé,Non Contrôlable,94.74,99,74,19,,,,0,95.85,97.86,93.83,32,100,100,100,32,,,,0
810007989,2015,Occitanie,76,HAD FRANCE ALBI LAVAUR,Privé,Oui,Pas de contrôle,Pas de contrôle,Pas de contrôle,Pas de contrôle,Pas de contrôle,36.59,53,22,41,60.53,76,43,38,59.81,63.71,55.9,51,31.37,46,19,51,52,72,31,25
820000016,2015,Occitanie,76,CH MONTAUBAN,CH,Oui,Recueil Validé,Recueil Validé,Recueil Validé,Recueil Validé,Recueil Validé,94.74,99,82,38,79.49,91,64,39,83.33,85.42,81.24,52,86.54,94,74,52,100,100,100,23
820004950,2015,Occitanie,76,CHIC CASTELSARRASIN-MOISSAC,CH,Oui,Pas de contrôle,Pas de contrôle,Pas de contrôle,Pas de contrôle,Pas de contrôle,95.74,99,85,47,98,99,89,50,94.2,95.6,92.8,60,100,100,100,60,100,100,100,37
830012498,2015,PACA,93,HAD SAINT ANTOINE,Privé,Oui,Pas de contrôle,Pas de contrôle,Pas de contrôle,Pas de contrôle,Pas de contrôle,55,68,42,60,81.67,91,70,60,94.03,95.7,92.36,60,88.33,95,77,60,100,100,100,57
830019600,2015,PACA,93,CAP DOMICILE,Privé,Oui,Pas de contrôle,Pas de contrôle,Pas de contrôle,Pas de contrôle,Pas de contrôle,95.56,99,85,45,80,92,63,35,94.63,96.94,92.33,56,94.64,99,85,56,94.44,99,81,36
830100392,2015,PACA,93,POLYCLINIQUE NOTRE DAME,Privé,Oui,Pas de contrôle,Pas de contrôle,Pas de contrôle,Pas de contrôle,Pas de contrôle,97.56,99,87,41,87.18,96,73,39,96.96,98.21,95.71,60,93.33,98,84,60,100,100,100,43
830207114,2015,PACA,93,HAD SANTE SOLIDARITE DU VAR,Privé,Oui,Recueil Validé,Recueil Validé,Recueil Validé,Recueil Validé,Recueil Validé,81.67,91,70,60,63.33,75,50,60,94.63,96.49,92.77,60,90,96,79,60,100,100,100,55
840011340,2015,PACA,93,HAD AVIGNON ET SA REGION,ESPIC/EBNL,Oui,Pas de contrôle,Pas de contrôle,Pas de contrôle,Pas de contrôle,Pas de contrôle,1.67,9,0,60,39.13,55,25,46,69.74,72.85,66.63,60,80,89,68,60,58.18,71,44,55
850006008,2015,Pays de la Loire,52,HOPITAL A DOMICILE DE VENDEE,Privé,Oui,Pas de contrôle,Pas de contrôle,Pas de contrôle,Pas de contrôle,Pas de contrôle,20,32,11,60,61.7,76,46,47,75.86,78.98,72.75,60,78.33,88,66,60,95,99,83,40
860008929,2015,Nouvelle Aquitaine,75,HAD CLINIQUE SAINT CHARLES,Privé,Oui,Pas de contrôle,Pas de contrôle,Pas de contrôle,Pas de contrôle,Pas de contrôle,91.67,97,82,60,90,96,79,60,98.17,99.11,97.24,60,83.33,92,71,60,90,96,79,60
860013077,2015,Nouvelle Aquitaine,75,CTRE HOSP. UNIVERSITAIRE DE POITIE,CHU,Oui,Pas de contrôle,Pas de contrôle,Pas de contrôle,Pas de contrôle,Pas de contrôle,55,68,42,60,81.67,91,70,60,83.02,86.53,79.5,60,93.33,98,84,60,66.67,84,45,24
860013382,2015,Nouvelle Aquitaine,75,GROUPE HOSPITALIER NORD-VIENNE,CH,Oui,Pas de contrôle,Pas de contrôle,Pas de contrôle,Pas de contrôle,Pas de contrôle,92.31,98,81,52,60,74,45,50,91.23,93.93,88.52,60,58.33,71,45,60,93.48,99,82,46
870000015,2015,Nouvelle Aquitaine,75,CHU  LIMOGES,CHU,Oui,Pas de contrôle,Pas de contrôle,Pas de contrôle,Pas de contrôle,Pas de contrôle,26.79,40,16,56,41.67,55,29,60,61.87,66.46,57.29,60,38.33,52,26,60,94.29,99,81,35
870004231,2015,Nouvelle Aquitaine,75,HAD SANTE SERVICE LIMOUSIN  LGES,ESPIC/EBNL,Oui,Pas de contrôle,Pas de contrôle,Pas de contrôle,Pas de contrôle,Pas de contrôle,0,0,0,47,65.71,81,48,35,73.26,75.87,70.65,60,16.67,29,8,60,97.14,99,85,35
880006606,2015,Alsace-Champagne-Ardenne-Lorraine,44,SAS HAD FRANCE,Privé,Oui,Recueil Validé,Recueil Validé,Recueil Validé,Recueil Validé,Recueil Validé,0,0,0,38,64.29,81,44,28,70.52,73.92,67.12,49,44.9,60,31,49,59.46,75,42,37
880006721,2015,Alsace-Champagne-Ardenne-Lorraine,44,HOSPITALISATION A DOMICILE HAD FRA,Privé,Oui,Pas de contrôle,Pas de contrôle,Pas de contrôle,Pas de contrôle,Pas de contrôle,0,0,0,27,91.3,99,72,23,69.79,73.24,66.33,34,47.06,65,30,34,59.09,79,36,22
880780069,2015,Alsace-Champagne-Ardenne-Lorraine,44,CENTRE HOSPITALIER - GERARDMER,CH,Oui,Recueil Validé,Recueil Validé,Recueil Validé,Recueil Validé,Non Contrôlable,37.04,51,24,54,57.58,75,39,33,84.22,87.51,80.92,59,74.58,85,62,59,50,,,4
890000037,2015,Bourgogne-Franche-Comté,27,CH AUXERRE,CH,Oui,Pas de contrôle,Pas de contrôle,Pas de contrôle,Pas de contrôle,Pas de contrôle,58.06,75,39,31,100,100,100,29,96.49,98.16,94.83,44,97.73,99,88,44,100,100,100,18
890000417,2015,Bourgogne-Franche-Comté,27,CENTRE HOSPITALIER DE JOIGNY,CH,Oui,Pas de contrôle,Pas de contrôle,Pas de contrôle,Pas de contrôle,Pas de contrôle,70.37,86,50,27,84.21,97,60,19,89.33,92.64,86.03,43,93.02,99,81,43,100,100,100,30
890000433,2015,Bourgogne-Franche-Comté,27,HOPITAL DE TONNERRE,CH,Oui,Pas de contrôle,Pas de contrôle,Pas de contrôle,Pas de contrôle,Pas de contrôle,75,93,48,16,84.62,98,55,13,91.3,,,30,100,100,100,30,100,100,100,15
890970569,2015,Bourgogne-Franche-Comté,27,CENTRE HOSPITALIER SENS,CH,Oui,Pas de contrôle,Pas de contrôle,Pas de contrôle,Pas de contrôle,Pas de contrôle,93.33,99,68,15,88.24,99,64,17,81.22,,,29,100,100,100,29,68.18,86,45,22
920009909,2015,Ile de France,11,CENTRE HOSPITALIER DES QUATRE VILL,CH,Oui,Pas de contrôle,Pas de contrôle,Pas de contrôle,Pas de contrôle,Pas de contrôle,6.25,30,0,16,,,,0,68.07,,,16,100,100,100,16,,,,0
920813623,2015,Ile de France,11,SANTE SERVICE,ESPIC/EBNL,Oui,Pas de contrôle,Pas de contrôle,Pas de contrôle,Pas de contrôle,Pas de contrôle,23.33,36,13,60,69.49,81,56,59,66.88,71.46,62.31,60,71.67,83,59,60,61.54,86,32,13
930021480,2015,Ile de France,11,GHI LE RAINCY-MONTFERMEIL,CH,Oui,Recueil Validé,Recueil Validé,Recueil Validé,Recueil Validé,Recueil Validé,79.59,90,66,49,84.21,93,72,57,67.22,69.08,65.37,60,73.33,84,60,60,98.04,99,89,51
930110051,2015,Ile de France,11,CH DE ST DENIS,CH,Oui,Pas de contrôle,Pas de contrôle,Pas de contrôle,Pas de contrôle,Pas de contrôle,56.67,69,43,60,33.33,47,22,60,87,90.29,83.71,60,80,89,68,60,75,,,4
950013870,2015,Ile de France,11,CHI D'EAUBONNE-MONTMORENCY,CH,Oui,Pas de contrôle,Pas de contrôle,Pas de contrôle,Pas de contrôle,Pas de contrôle,47.37,71,24,19,20,44,6,20,92.35,,,20,40,64,19,20,100,,,8
970100020,2015,Guadeloupe,9701,CENTRE MEDICO-SOCIAL,Privé,Oui,Pas de contrôle,Pas de contrôle,Pas de contrôle,Pas de contrôle,Pas de contrôle,46.67,73,21,15,57.14,82,29,14,83.51,87.75,79.27,33,87.88,97,72,33,84,96,64,25
970100194,2015,Guadeloupe,9701,CH BEAUPERTHUY,CH,Oui,Pas de contrôle,Pas de contrôle,Pas de contrôle,Pas de contrôle,Pas de contrôle,33.33,,,6,61.54,86,32,13,77.46,,,22,31.82,55,14,22,77.27,92,55,22
970100210,2015,Guadeloupe,9701,CENTRE HOSPITALIER CENTRE GERONTOL,CH,Non,Pas de contrôle,Pas de contrôle,Pas de contrôle,Pas de contrôle,Pas de contrôle,,,,,,,,,,,,,,,,,,,,
970100228,2015,Guadeloupe,9701,C.H.U. DE POINTE-A-PITRE/ABYMES,CHU,Oui,Pas de contrôle,Pas de contrôle,Pas de contrôle,Pas de contrôle,Pas de contrôle,93.33,99,68,15,71.43,89,48,21,94.05,,,23,95.65,99,78,23,80,94,56,20
970102596,2015,Guadeloupe,9701,CLINIQUE DE CHOISY,Privé,Oui,Pas de contrôle,Pas de contrôle,Pas de contrôle,Pas de contrôle,Pas de contrôle,88.89,98,71,27,100,100,100,22,93.27,95.44,91.09,45,91.11,98,79,45,100,100,100,37
970103099,2015,Guadeloupe,9701,CLINIQUE LES NOUVELLES EAUX-MARINE,Privé,Oui,Pas de contrôle,Pas de contrôle,Pas de contrôle,Pas de contrôle,Pas de contrôle,29.79,45,17,47,20,35,10,45,69.2,71.63,66.77,60,8.33,18,3,60,21.67,34,12,60
970111217,2015,Guadeloupe,9701,H.A.D. MARIE-GALANTE,Privé,Oui,Non Contrôlable,Non Contrôlable,Recueil Validé,Recueil Validé,Recueil Validé,66.67,,,9,100,,,6,87.98,,,12,100,100,100,12,100,100,100,11
970111365,2015,Guadeloupe,9701,HAD NORD BASSE TERRE,Privé,Oui,Recueil Validé,Recueil Validé,Recueil Validé,Recueil Validé,Recueil Validé,0,0,0,15,71.43,92,42,14,61.49,,,29,93.1,99,77,29,95.83,99,79,24
970111563,2015,Guadeloupe,9701,HAD ILES DU NORD,Privé,Oui,Recueil Validé,Recueil Validé,Recueil Validé,Recueil Validé,Non Contrôlable,95.24,99,84,42,87.5,96,73,40,87.69,89.87,85.52,47,95.74,99,85,47,100,,,7
970209441,2015,Martinique,9702,SOINS SANTE SERVICES - HAD MARTINI,Privé,Oui,Pas de contrôle,Pas de contrôle,Pas de contrôle,Pas de contrôle,Pas de contrôle,0,0,0,59,13.56,25,6,59,65.64,69.53,61.76,60,36.67,50,25,60,3.33,12,0,60
970303608,2015,Guyane,9703,HAD GUYANE ANTENNE DE KOUROU,Privé,Oui,Pas de contrôle,Pas de contrôle,Pas de contrôle,Pas de contrôle,Pas de contrôle,0,0,0,59,57.14,82,29,14,56.68,59.2,54.16,60,98.33,99,91,60,90,99,55,10
970303640,2015,Guyane,9703,HAD GUYANE ANTENNE DE CAYENNE,Privé,Oui,Pas de contrôle,Pas de contrôle,Pas de contrôle,Pas de contrôle,Pas de contrôle,1.67,9,0,60,25.64,42,13,39,55.51,58.12,52.9,60,91.67,97,82,60,37.74,52,25,53
970303657,2015,Guyane,9703,HAD GUYANE - ANTENNE DE SAINT-LAUR,Privé,Oui,Pas de contrôle,Pas de contrôle,Pas de contrôle,Pas de contrôle,Pas de contrôle,5.66,16,1,53,16.67,,,6,46.65,49.41,43.89,53,49.06,63,35,53,50,,,6
970403119,2015,Océan Indien,9704,ASDR ST LEU,Privé,Oui,Pas de contrôle,Pas de contrôle,Pas de contrôle,Pas de contrôle,Pas de contrôle,50,69,31,28,81.48,94,62,27,73.91,77.04,70.78,59,61.02,73,47,59,97.56,99,87,41
970404711,2015,Océan Indien,9704,S.H. A. D- A. R. A. R. (HOSP DOM N,Privé,Oui,Pas de contrôle,Pas de contrôle,Pas de contrôle,Pas de contrôle,Pas de contrôle,44.83,64,26,29,62.5,81,41,24,90.09,92.74,87.43,46,84.78,94,71,46,93.94,99,80,33
970404851,2015,Océan Indien,9704,ASDR STE CLOTILDE,Privé,Oui,Pas de contrôle,Pas de contrôle,Pas de contrôle,Pas de contrôle,Pas de contrôle,40,64,19,20,58.82,82,33,17,58.61,62.12,55.09,37,75.68,88,59,37,92.86,99,76,28
970405395,2015,Océan Indien,9704,S. H. A. D.- A. R. A. R. (HOSP DOM,Privé,Oui,Pas de contrôle,Pas de contrôle,Pas de contrôle,Pas de contrôle,Pas de contrôle,63.41,78,47,41,46.15,63,30,39,80.36,83.36,77.37,59,86.44,94,75,59,72.22,86,55,36
970406625,2015,Océan Indien,9704,ASDR ST PAUL,Privé,Oui,Pas de contrôle,Pas de contrôle,Pas de contrôle,Pas de contrôle,Pas de contrôle,45.95,63,29,37,68.97,85,49,29,78.85,81.75,75.94,57,70.18,82,57,57,100,100,100,42
970407318,2015,Océan Indien,9704,SHAD ARAR (OUEST),Privé,Oui,Recueil Validé,Recueil Validé,Recueil Validé,Recueil Validé,Recueil Validé,74.29,88,57,35,84,96,64,25,85.26,88.55,81.97,51,96.08,99,86,51,88.24,97,73,34
970407656,2015,Océan Indien,9704,HOSPITALISATION A DOMICILE ARAR ES,Privé,Oui,Pas de contrôle,Pas de contrôle,Pas de contrôle,Pas de contrôle,Pas de contrôle,39.47,57,24,38,75,89,57,32,84.44,87.45,81.44,60,65,77,52,60,93.62,99,82,47
