sources;finess;raison_sociale;libelle_region;cat;repondant
2013;010002129;CR LES ARBELLES;Rhône Alpes;Privé;Oui
2013;010007987;CENTRE HOSPITALIER PUBLIC HAUTEVILLE-LOMPNES;Rhône Alpes;CH;Oui
2013;010008407;CENTRE HOSPITALIER DU HAUT BUGEY;Rhône Alpes;CH;Oui
2013;010009132;CTRE HOSP INTERCOM AIN VAL DE SAONE;Rhône Alpes;CH;Oui
2013;010780054;CENTRE HOSPITALIER BOURG EN BRESSE;Rhône Alpes;CH;Oui
2013;010780096;CENTRE HOSPITALIER MONTPENSIER TREVOUX;Rhône Alpes;CH;Oui
2013;010780120;HOPITAL LOCAL DE MEXIMIEUX;Rhône Alpes;CH;Oui
2013;010780138;HOPITAL LOCAL PONT-DE-VAUX;Rhône Alpes;CH;Oui
2013;010780252;C.R.F. L'ORCET;Rhône Alpes;ESPIC/EBNL;Oui
2013;010780278;C.R.F. MANGINI;Rhône Alpes;ESPIC/EBNL;Oui
2013;010780310;CENTRE MEDICAL CLAIR SOLEIL;Rhône Alpes;Privé;Oui
2013;010780328;SANATORIUM MODERN'HOTEL;Rhône Alpes;Privé;Oui
2013;010780708;CH. GLETEINS  JASSANS-RIOTTIER;Rhône Alpes;Privé;Oui
2013;010780799;C.R.F. CHATEAU D'ANGEVILLE;Rhône Alpes;ESPIC/EBNL;Oui
2013;020000022;CTRE HOSP DE GUISE;Picardie;CH;Oui
2013;020000048;CTRE HOSP GERONTOLOGIQUE;Picardie;CH;Oui
2013;020000063;CTRE  HOSP DE SAINT QUENTIN;Picardie;CH;Oui
2013;020000071;HOPITAL - MAISON DE RETRAITE;Picardie;CH;Oui
2013;020000253;CTRE HOSP DE LAON;Picardie;CH;Oui
2013;020000261;CTRE HOSP DE SOISSONS;Picardie;CH;Oui
2013;020000287;CENTRE HOSPITALIER DE CHAUNY;Picardie;CH;Oui
2013;020000303;LA RENAISSANCE SANITAIRE;Picardie;ESPIC/EBNL;Oui
2013;020003620;CRF JACQUES FICHEUX;Picardie;CH;Oui
2013;020004495;CTRE HOSPITALIER BRISSET HIRSON;Picardie;CH;Oui
2013;030002158;HOPITAL COEUR DU BOURBONNAIS;Auvergne;CH;Oui
2013;030180020;HOPITAL DE NERIS LES BAINS;Auvergne;CH;Oui
2013;030780092;CTRE HOSPITALIER MOULINS YZEURE;Auvergne;CH;Oui
2013;030780100;CENTRE HOSPITALIER MONTLUCON;Auvergne;CH;Oui
2013;030780118;CENTRE HOSPITALIER VICHY;Auvergne;CH;Oui
2013;030780126;HOPITAL LOCAL DE BOURBON L'ARCHAMBAULT;Auvergne;CH;Oui
2013;030780548;POLYCL PERGOLA - VICHY;Auvergne;Privé;Oui
2013;030781116;CL ST-FRANC ST ANT -DESERTINE;Auvergne;Privé;Oui
2013;040780181;HL FORCALQUIER;PACA;CH;Oui
2013;040780389;CLINIQUE MEDICALE JEAN GIONO;PACA;Privé;Oui
2013;040780405;CENTRE DES CARMES;PACA;Privé;Oui
2013;040780488;CRRF L'EAU VIVE;PACA;Privé;Oui
2013;040780520;MAISON DE REPOS LE VERDON;PACA;Privé;Oui
2013;040782021;CENTRE LE COUSSON;PACA;ESPIC/EBNL;Oui
2013;050000041;CENTRE RHONE - AZUR BRIANCON;PACA;ESPIC/EBNL;Oui
2013;050000058;CTRE MED RIO VERT;PACA;ESPIC/EBNL;Oui
2013;050000066;CENTRE MEDICAL LA SOURCE;PACA;Privé;Oui
2013;050000488;CENTRE DE CURE LES ACACIAS;PACA;Privé;Oui
2013;050000637;CTRE MED. D'ALTITUDE MONTJOY;PACA;Privé;Oui
2013;050000991;CENTRE MEDICAL CHANT'OURS;PACA;ESPIC/EBNL;Oui
2013;050001064;LA DURANCE;PACA;ESPIC/EBNL;Oui
2013;050002351;CTRE RHONE AZUR-GAP;PACA;ESPIC/EBNL;Oui
2013;050002948;CHICAS GAP-SISTERON;PACA;CH;Oui
2013;060000296;LA MAISON DU MINEUR;PACA;ESPIC/EBNL;Oui
2013;060005469;OLIVERAIE DES CAYRONS;PACA;Privé;Oui
2013;060010188;SSR CLINICA JOURDAN SITE CLINIQUE WILSON;PACA;Privé;Oui
2013;060021201;ATLANTIS;PACA;Privé;Oui
2013;060780145;CENTRE ST DOMINIQUE;PACA;Privé;Oui
2013;060780186;MAISON DE CONV LAURIERS ROSES;PACA;ESPIC/EBNL;Oui
2013;060780277;MAISON DE REPOS STE BRIGITTE;PACA;Privé;Oui
2013;060780343;MAIS.CONV.L'ENSOLEILLEE;PACA;Privé;Oui
2013;060780350;MAISON DE REPOS LA PINEDE;PACA;Privé;Oui
2013;060780392;CENTRE CONVAL.MONTSINERY;PACA;Privé;Oui
2013;060780459;CL ORSAC MONTFLEURI;PACA;ESPIC/EBNL;Oui
2013;060780665;CLINIQUE LE MERIDIEN;PACA;Privé;Oui
2013;060780749;CLINIQUE SAINT LUC;PACA;Privé;Oui
2013;060780814;CTRE PNEUMO GORBIO;PACA;CH;Oui
2013;060780954;C.H ANTIBES-JUAN LES PINS;PACA;CH;Oui
2013;060781374;INSTITUT POLYCLINIQUE DE CANNES;PACA;Privé;Oui
2013;060785011;C.H.U.  DE  NICE;PACA;CHU;Oui
2013;060785227;MAISON CONVALESCENCE ST BASILE;PACA;Privé;Oui
2013;060789674;CTRE HELIO MARIN VALLAURIS;PACA;ESPIC/EBNL;Oui
2013;060790862;CLINIQUE MEDICALE LE CALME;PACA;Privé;Oui
2013;060791761;CH LA PALMOSA MENTON;PACA;CH;Oui
2013;060791811;CLINIQUE LES SOURCES;PACA;ESPIC/EBNL;Oui
2013;060798881;MAISON CONVALESCENCE LA SERENA;PACA;Privé;Oui
2013;060800182;UNITE DIETETIQUE COTE D AZUR;PACA;Privé;Oui
2013;060800687;MAISON  CONVALESCENCE MAGNOLIAS;PACA;Privé;Oui
2013;070000211;HOPITAL LOCAL SERRIERES;Rhône Alpes;CH;Oui
2013;070005566;CH D'ARDECHE MERIDIONALE;Rhône Alpes;CH;Oui
2013;070780127;HOPITAL LOCAL VILLENEUVE DE BERG;Rhône Alpes;CH;Oui
2013;070780226;CENTRE RÉÉDUCATION RESPIRATOIRE DE FOLCHERAN;Rhône Alpes;ESPIC/EBNL;Oui
2013;070780234;CENTRE SSR LE CHATEAU;Rhône Alpes;ESPIC/EBNL;Oui
2013;070780242;LA CONDAMINE - SARL CHAPUIS FERNANDE;Rhône Alpes;Privé;Oui
2013;070780358;CH D'ARDECHE NORD;Rhône Alpes;CH;Oui
2013;070780366;HOPITAL LOCAL LAMASTRE;Rhône Alpes;CH;Oui
2013;070780382;HOPITAL LOCAL DE ST FELICIEN;Rhône Alpes;CH;Oui
2013;080000250;CRF POUR ADULTES;Champagne Ardenne;ESPIC/EBNL;Oui
2013;080001969;GROUPE HOSPITALIER SUD ARDENNES;Champagne Ardenne;CH;Oui
2013;080010481;GCS TERRITORIAL ARDENNE NORD - SSR;Champagne Ardenne;ESPIC/EBNL;Non
2013;090180019;HOPITAL AX-LES-THERMES;Midi Pyrénées;CH;Oui
2013;090780107;CH LAVELANET;Midi Pyrénées;CH;Oui
2013;090781774;C H I DU VAL D ARIEGE;Midi Pyrénées;CH;Oui
2013;090781816;CH ARIEGE COUSERANS;Midi Pyrénées;CH;Oui
2013;100000017;CENTRE HOSPITALIER DE TROYES;Champagne Ardenne;CH;Oui
2013;100006279;GROUPEMENT HOSPITALIER AUBE MARNE (GHAM);Champagne Ardenne;CH;Oui
2013;100007285;CENTRE DE RÉÉDUCATION FONCTIONNELLE INSTITUT ASCLEPIADE;Champagne Ardenne;Privé;Non
2013;100009083;CENTRE DE RÉÉDUCATION PASTEUR;Champagne Ardenne;Privé;Oui
2013;110003118;CLINIQUE DU SUD;Languedoc Roussillon;Privé;Oui
2013;110004942;LES 4 FONTAINES;Languedoc Roussillon;Privé;Oui
2013;110780087;CH CASTELNAUDARY;Languedoc Roussillon;CH;Oui
2013;110780186;CENTRE DE LORDAT;Languedoc Roussillon;ESPIC/EBNL;Oui
2013;110780194;CLINIQUE SOINS DE SUITE CHRISTINA;Languedoc Roussillon;Privé;Oui
2013;110780202;MAIS REPOS CONV CHT LA VERNEDE;Languedoc Roussillon;Privé;Oui
2013;110780228;POLYCLINIQUE LE LANGUEDOC;Languedoc Roussillon;Privé;Oui
2013;110780707;HL LIMOUX  QUILLAN;Languedoc Roussillon;CH;Oui
2013;110780772;CH  LEZIGNAN-CORBIERES;Languedoc Roussillon;CH;Oui
2013;110781010;CH FRANCIS VALS;Languedoc Roussillon;CH;Oui
2013;110786324;A.S.M.;Languedoc Roussillon;ESPIC/EBNL;Oui
2013;120004528;CENTRE HOSPITALIER DE MILLAU;Midi Pyrénées;CH;Oui
2013;120004619;CENTRE HOSPITALIER EMILE BOREL;Midi Pyrénées;CH;Oui
2013;120780044;CH RODEZ;Midi Pyrénées;CH;Oui
2013;120780069;CH VILLEFRANCHE-DE-ROUERGUE;Midi Pyrénées;CH;Oui
2013;120780085;CH DECAZEVILLE;Midi Pyrénées;CH;Oui
2013;120780101;HOPITAL D'ESPALION;Midi Pyrénées;CH;Oui
2013;120780135;CENTRE S.S.R. LA CLAUZE;Midi Pyrénées;ESPIC/EBNL;Oui
2013;120780143;MAISON DE CONVALESCENCE ET REPOS  LES TILLEULS;Midi Pyrénées;Privé;Oui
2013;120780291;CENTRE MEDICAL MAURICE FENAILLE;Midi Pyrénées;CH;Oui
2013;120780481;HOPITAL LOCAL DU VALLON SALLES LA SOURCE;Midi Pyrénées;CH;Oui
2013;130001928;CH MONTOLIVET;PACA;CH;Oui
2013;130002694;CLINIQUE MEDICALE JEAN PAOLI;PACA;ESPIC/EBNL;Oui
2013;130028228;HOPITAUX DES PORTES DE CAMARGUE;PACA;CH;Oui
2013;130035793;CENTRE MEDICAL DES ALPILLES;PACA;Privé;Oui
2013;130041916;CH DU PAYS D'AIX CHI AIX PERTUIS;PACA;CH;Oui
2013;130780083;CHATEAU-GOMBERT CONVALESCENCE (EX DURANTE);PACA;Privé;Oui
2013;130781339;CH D'ALLAUCH;PACA;CH;Oui
2013;130781438;CLINIQUE DE PROVENCE BOURBONNE;PACA;Privé;Oui
2013;130781479;CLINIQUE LA CASAMANCE;PACA;Privé;Oui
2013;130781768;M.REGIME/ CONVAL.LES PALMIERS;PACA;Privé;Oui
2013;130781834;CRF NOTRE DAME DE BON VOYAGE;PACA;Privé;Oui
2013;130781917;CENTRE MEDICAL PROVENCE AZUR;PACA;Privé;Oui
2013;130781925;CENTRE CARDIO-VASCUL. N.-DAME;PACA;Privé;Oui
2013;130782071;CLINIQUE DE L'ETANG DE L'OLIVIER;PACA;Privé;Oui
2013;130782097;CTRE DE CONVALESCENCE SIBOURG;PACA;Privé;Oui
2013;130782303;CTRE CONVALESC. LE COLOMBIER;PACA;Privé;Oui
2013;130782444;CLIN DE SOINS DE SUITE CHATEAU FLORANS;PACA;Privé;Oui
2013;130782451;CENTRE LE MEDITERRANEE;PACA;Privé;Oui
2013;130782493;CTRE DE DIETETIQUE ST-LAURENT;PACA;Privé;Oui
2013;130782634;CH DE SALON;PACA;CH;Oui
2013;130783152;CLINIQUE SPEC. STE ELISABETH;PACA;ESPIC/EBNL;Oui
2013;130783475;MAISON DE REPOS ET CONV. L'ANGELUS;PACA;ESPIC/EBNL;Oui
2013;130783830;CLINIQUE DE LA POINTE ROUGE;PACA;Privé;Oui
2013;130783871;C.R.R.F. ROSEMOND;PACA;Privé;Oui
2013;130784051;POLYCLINIQUE CLAIRVAL;PACA;Privé;Oui
2013;130784580;CLIN.CARDIO-VASC.LA PROVENCALE;PACA;Privé;Oui
2013;130784598;CLINIQUE SPECIALISEE ST-MARTIN;PACA;Privé;Oui
2013;130784812;CLINIQUE SAINT BARNABE;PACA;Privé;Oui
2013;130784903;CL. MED.-CHIRURG. LA PHOCEANNE;PACA;Privé;Oui
2013;130784911;CLINIQUE DE SOINS DE SUITE LA SALETTE;PACA;Privé;Oui
2013;130784952;MAISON DE REPOS ET CONV. FERNANDE BERGER;PACA;ESPIC/EBNL;Oui
2013;130785389;CLINIQUE CHANTECLER;PACA;Privé;Oui
2013;130785462;CLINIQUE LA CHENAIE;PACA;Privé;Oui
2013;130785975;CTRE GERONTOLOGIE LES OLIVIERS;PACA;Privé;Oui
2013;130785983;CENTRE SAINT-CHRISTOPHE;PACA;Privé;Oui
2013;130786023;CLINIQUE SAINT-BRUNO;PACA;Privé;Oui
2013;130786296;CTRE DE GERONTOLOG. LA PAGERIE;PACA;Privé;Oui
2013;130786924;CTRE REEDUC. FONCT.  VALMANTE;PACA;ESPIC/EBNL;Oui
2013;130786932;CENTRE REEDUCATION PAUL CEZANNE;PACA;Privé;Oui
2013;130789159;CENTRE CARDIO VASCULAIRE VALMANT;PACA;Privé;Oui
2013;130789274;CH D'ARLES;PACA;CH;Oui
2013;130789316;CH  DE  MARTIGUES;PACA;CH;Oui
2013;130789357;CENTRE LES FEUILLADES;PACA;Privé;Oui
2013;130809981;CENTRE LES PINS;PACA;Privé;Non
2013;140000084;CENTRE HOSPITALIER AUNAY S/ODON;Basse Normandie;CH;Oui
2013;140000092;CENTRE HOSPITALIER DE BAYEUX;Basse Normandie;CH;Oui
2013;140000134;CENTRE HOSPITALIER DE PONT L'EVEQUE;Basse Normandie;CH;Oui
2013;140000159;CENTRE HOSPITALIER DE VIRE;Basse Normandie;CH;Oui
2013;140000340;FONDATION DE LA MISÉRICORDE HÉROUVILLE SAINT CLAIR;Basse Normandie;ESPIC/EBNL;Oui
2013;140002239;CRF ST FRANCOIS;Basse Normandie;Privé;Oui
2013;140015975;RÉSIDENCE THALATTA (OUISTREHAM);Basse Normandie;Privé;Oui
2013;140025123;CRF CAEN;Basse Normandie;Privé;Oui
2013;140025255;KORIAN COTE NORMANDE - IFS;Basse Normandie;Privé;Oui
2013;140026279;CENTRE HOSPITALIER DE LA CÔTE FLEURIE;Basse Normandie;CH;Oui
2013;150002608;CLINIQUE DU SOUFFLE;Auvergne;Privé;Oui
2013;150780096;C.H. HENRI MONDOR AURILLAC;Auvergne;CH;Oui
2013;150780393;CENTRE HOSPITALIER PIERRE RAYNAL;Auvergne;CH;Oui
2013;150780500;HOPITAL LOCAL MURAT;Auvergne;CH;Oui
2013;150780708;CENTRE MEDICAL MAURICE DELORT;Auvergne;ESPIC/EBNL;Oui
2013;150780732;C MC - AURILLAC;Auvergne;Privé;Oui
2013;160000121;HOPITAL LOCAL DE LA ROCHEFOUCAULD;Poitou Charentes;CH;Oui
2013;160000451;CENTRE HOSPITALIER  ANGOULEME;Poitou Charentes;CH;Oui
2013;160000493;CENTRE HOSPITALIER DE RUFFEC;Poitou Charentes;CH;Oui
2013;160006037;"C. H. ""HOPITAUX DU SUD CHARENTE""";Poitou Charentes;CH;Oui
2013;160009080;C.R.F LES GLAMOTS;Poitou Charentes;ESPIC/EBNL;Oui
2013;160012209;SARL CLINIQUE MAISON BLANCHE;Poitou Charentes;Privé;Oui
2013;160014411;CTRE HOSP INTERCOMM DU PAYS DE COGNAC;Poitou Charentes;CH;Oui
2013;170023279;GROUPE HOSP. DE LA ROCHELLE-RE-AUNIS;Poitou Charentes;CH;Oui
2013;170780043;CRF LA VILLA RICHELIEU;Poitou Charentes;ESPIC/EBNL;Oui
2013;170780050;CENTRE HOSPITALIER DE JONZAC;Poitou Charentes;CH;Oui
2013;170780068;MAISON DE CONVALESCENCE CHATEAU DE MORNAY;Poitou Charentes;Privé;Oui
2013;170780100;SARL MAIS.REPOS CHATEAU CLAVETTE;Poitou Charentes;Privé;Oui
2013;170780118;CHATEAU DE MARLONGES;Poitou Charentes;CH;Oui
2013;170780167;CENTRE HOSPITALIER DE SAINT-JEAN-D'ANGELY;Poitou Charentes;CH;Oui
2013;170780175;CENTRE HOSPITALIER  DE SAINTES (ST LOUIS);Poitou Charentes;CH;Oui
2013;170780191;CENTRE HOSPITALIER DE ROYAN;Poitou Charentes;CH;Oui
2013;170780209;HOPITAL LOCAL  DE MARENNES (DUBOIS MEYNARDIE);Poitou Charentes;CH;Oui
2013;170780225;C. H. ROCHEFORT-SUR-MER;Poitou Charentes;CH;Oui
2013;170780266;CENTRE HOSPITALIER DE BOSCAMNANT;Poitou Charentes;CH;Oui
2013;170781199;CENTRE ALCOOLOGIQUE ALPHA;Poitou Charentes;Privé;Oui
2013;170803431;CARDIOCEAN S.A;Poitou Charentes;Privé;Oui
2013;180000028;C. H. J. COEUR  BOURGES;Centre;CH;Oui
2013;180000051;C. H. VIERZON;Centre;CH;Oui
2013;180000069;C. H. ST AMAND MONTROND;Centre;CH;Oui
2013;180000093;H. L. SANCERRE;Centre;CH;Oui
2013;180000598;BLAUDY CONVALESCENCE;Centre;Privé;Oui
2013;190000042;CENTRE HOSPITALIER  BRIVE;Limousin;CH;Oui
2013;190000059;CENTRE HOSPITALIER  TULLE;Limousin;CH;Oui
2013;190000075;CENTRE HOSPITALIER  USSEL;Limousin;CH;Oui
2013;190005694;RESID. ST JEAN LEZ CEDRES BRIVE;Limousin;Privé;Oui
2013;210010070;CH INTERCOM. CHATILLON MONTBARD;Bourgogne;CH;Oui
2013;210011482;CENTRE HOSPITALIER AUXOIS MORVAN - CHAM;Bourgogne;CH;Oui
2013;210780144;CRF DIVIO;Bourgogne;Privé;Oui
2013;210780276;SSR EDITH CAVELL;Bourgogne;Privé;Oui
2013;210780292;C.R.B. LES ROSIERS;Bourgogne;Privé;Oui
2013;210780581;C.H.U. DE DIJON;Bourgogne;CHU;Oui
2013;210780714;CENTRE HOSPITALIER DE BEAUNE;Bourgogne;CH;Oui
2013;210986741;S.A. MAISON DE JOUVENCE;Bourgogne;Privé;Oui
2013;210987046;CENTRE DE CONVALESCENCE;Bourgogne;Privé;Oui
2013;220000020;CENTRE HOSPITALIER ST BRIEUC;Bretagne;CH;Oui
2013;220000046;CENTRE HOSPITALIER RENÉ PLÉVEN DINAN;Bretagne;CH;Oui
2013;220000079;CENTRE HOSPITALIER GUINGAMP;Bretagne;CH;Oui
2013;220000103;CENTRE HOSPITALIER LANNION;Bretagne;CH;Oui
2013;220000152;CENTRE HOSPITALIER PAIMPOL;Bretagne;CH;Oui
2013;220000467;MRC VELLEDA;Bretagne;Privé;Oui
2013;220000475;"""LES CHATELETS"" PLOUFRAGAN";Bretagne;ESPIC/EBNL;Oui
2013;220005045;CENTRE HOSPITALIER TREGUIER;Bretagne;CH;Oui
2013;220021968;CENTRE HOSPITALIER DE LAMBALLE;Bretagne;CH;Oui
2013;230780041;CENTRE HOSPITALIER  GUERET;Limousin;CH;Oui
2013;230780058;CENTRE HOSPITALIER  AUBUSSON;Limousin;CH;Oui
2013;230780066;CENTRE HOSPITALIER  BOURGANEUF;Limousin;CH;Oui
2013;230780082;CTRE MEDICAL NATIONAL  STE FEYRE;Limousin;ESPIC/EBNL;Oui
2013;230780512;CH MLS EVAUX LES BAINS;Limousin;CH;Oui
2013;230780520;CH LA SOUTERRAINE;Limousin;CH;Oui
2013;230782617;CRRF ANDRE LALANDE;Limousin;ESPIC/EBNL;Oui
2013;240000034;CH DE LANMARY;Aquitaine;CH;Oui
2013;240000042;HOPITAL LOCAL DE BELVES;Aquitaine;CH;Oui
2013;240000067;HOPITAL LOCAL DE DOMME;Aquitaine;CH;Oui
2013;240000158;HOPITAL LOCAL DE SAINT-AULAYE;Aquitaine;CH;Oui
2013;240000208;CLINIQUE PASTEUR;Aquitaine;Privé;Oui
2013;240000273;CTRE CONVALESCENCE LES FOUGERES;Aquitaine;Privé;Oui
2013;240000307;LE CHATEAU DE BASSY;Aquitaine;ESPIC/EBNL;Oui
2013;240000448;CENTRE HOSPITALIER JEAN LECLAIRE;Aquitaine;CH;Oui
2013;240000661;LA JOIE DE VIVRE;Aquitaine;ESPIC/EBNL;Non
2013;240002402;C.R.F  LA  LANDE;Aquitaine;Privé;Oui
2013;240008318;CENTRE LE VERGER DES BALANS;Aquitaine;Privé;Oui
2013;250000221;HL P NAPPEZ MORTEAU;Franche Comté;CH;Oui
2013;250000239;HL STE CROIX BAUME LES DAMES;Franche Comté;CH;Oui
2013;250000288;CLINIQUE SAINT PIERRE;Franche Comté;Privé;Oui
2013;250000353;CLINIQUE DE L'ORANGERIE;Franche Comté;Privé;Oui
2013;250000478;HOPITAL RURAL ORNANS;Franche Comté;CH;Oui
2013;250000569;CENTRE DE SOINS DES TILLEROYES;Franche Comté;CH;Oui
2013;260000021;CENTRE HOSPITALIER DE VALENCE;Rhône Alpes;CH;Oui
2013;260000047;CENTRE HOSPITALIER MONTELIMAR;Rhône Alpes;CH;Oui
2013;260000088;HOPITAL LOCAL DE NYONS;Rhône Alpes;CH;Oui
2013;260000153;CENTRE MEDICAL SAINTE CATHERINE;Rhône Alpes;ESPIC/EBNL;Oui
2013;260000195;"CLINIQUE PNEUMOLOGIE LES RIEUX ""ATRIR""";Rhône Alpes;ESPIC/EBNL;Oui
2013;260000682;C.R.F. LES BAUMES;Rhône Alpes;ESPIC/EBNL;Oui
2013;260006267;CLINIQUE GENERALE;Rhône Alpes;Privé;Oui
2013;260016910;HOPITAUX DROME NORD;Rhône Alpes;CH;Oui
2013;260017454;DIEULEFIT SANTE;Rhône Alpes;ESPIC/EBNL;Oui
2013;270000060;CENTRE HOSPITALIER DE BERNAY;Haute Normandie;CH;Oui
2013;270000086;CENTRE HOSPITALIER DE GISORS;Haute Normandie;CH;Oui
2013;270000102;C H DE LA RISLE- PONT AUDEMER;Haute Normandie;CH;Oui
2013;270000110;CENTRE HOSPITALIER DE VERNEUIL;Haute Normandie;CH;Oui
2013;270000417;CENTRE DE CONVALESCENCE L'HOSTREA;Haute Normandie;ESPIC/EBNL;Oui
2013;270000433;SARL ORPEA LE VALLON;Haute Normandie;Privé;Oui
2013;270000870;CLINIQUE LES BRUYERES;Haute Normandie;Privé;Oui
2013;270000912;HÔPITAL LA MUSSE;Haute Normandie;ESPIC/EBNL;Oui
2013;270023724;CHI EURE SEINE HÔPITAUX EVREUX-VERNON;Haute Normandie;CH;Oui
2013;280000035;LE CLOS DU ROY;Centre;Privé;Oui
2013;280000134;CH CHARTRES;Centre;CH;Oui
2013;280000183;"C.H. ""VICTOR JOUSSELIN""";Centre;CH;Oui
2013;280000266;"CENTRE MEDICAL ""JEAN DE GROOTE""";Centre;ESPIC/EBNL;Oui
2013;280000431;KORIAN PARC DE GASVILLE;Centre;Privé;Oui
2013;280000449;CLINIQUE CARDIO MAISON BLANCHE;Centre;Privé;Oui
2013;280000589;C.H. DE NOGENT LE ROTROU;Centre;CH;Oui
2013;280500075;C.H. DE CHATEAUDUN;Centre;CH;Oui
2013;280505223;"M.REGIME ET C. ""LES SORBIERS""";Centre;Privé;Oui
2013;280505264;ETAB CONV REPOS LA BOISSIERE;Centre;Privé;Oui
2013;280506015;"ETAB. CONV.REPOS  ""LE CALME""";Centre;Privé;Oui
2013;290000017;C.H.U.  BREST;Bretagne;CHU;Oui
2013;290000041;CENTRE HOSPITALIER FERDINAND GRALL LANDERNEAU;Bretagne;CH;Oui
2013;290000074;CENTRE HOSPITALIER DOUARNENEZ;Bretagne;CH;Oui
2013;290000108;HÔPITAL LOCAL  LESNEVEN;Bretagne;CH;Oui
2013;290000165;CLINIQUE DE L'ELORN;Bretagne;Privé;Oui
2013;290000306;CENTRE HOSPITALIER QUIMPERLE;Bretagne;CH;Oui
2013;290000371;CLINIQUE LES GLENAN;Bretagne;Privé;Oui
2013;290000413;MAISON REPOS CONVALESCENCE ST JOSEPH QUIMPERLE;Bretagne;ESPIC/EBNL;Oui
2013;290000686;MAISON DE REPOS CONVALESCENCE KERAMPIR BOHARS;Bretagne;ESPIC/EBNL;Oui
2013;290000751;HÔPITAL LOCAL LE JEUNE ST RENAN;Bretagne;CH;Oui
2013;290000785;HÔTEL DIEU PONT-L'ABBE;Bretagne;ESPIC/EBNL;Oui
2013;290000819;CLINIQUE KER LENA;Bretagne;Privé;Oui
2013;290000975;CHM DE ROSCOFF SITE DE PERHARIDY;Bretagne;ESPIC/EBNL;Oui
2013;290002344;CENTRE CONVALESCENCE JEAN TANGUY ST YVI;Bretagne;ESPIC/EBNL;Oui
2013;290003953;CTRE REED FONCT DE TREBOUL;Bretagne;Privé;Oui
2013;290020700;CENTRE HOSPITALIER INTERCOMMUNAL DE CORNOUAILLE QUIMPER;Bretagne;CH;Oui
2013;290021542;CENTRE HOSPITALIER DES PAYS DE MORLAIX;Bretagne;CH;Oui
2013;2A0000014;CENTRE HOSPITALIER GAL D'AJACCIO;Corse;CH;Non
2013;2A0000030;CRF ET MAISON REPOS FINOSELLO;Corse;Privé;Oui
2013;2A0000261;MAISON DE CONVALESCENCE ILE DE BEAUTE;Corse;Privé;Oui
2013;2A0002051;CENTE REED.FONCT. LES MOLINI;Corse;Privé;Oui
2013;2A0022554;MAIS.CONVAL.ET REGIME VALICELLI;Corse;Privé;Oui
2013;2B0000400;MAISON DE CONVALES.LA PALMOLA;Corse;Privé;Oui
2013;300002169;CENTRE SOINS DE SUITE LES CADIÈRES;Languedoc Roussillon;ESPIC/EBNL;Oui
2013;300780038;CHU NIMES;Languedoc Roussillon;CHU;Oui
2013;300780046;CH ALES;Languedoc Roussillon;CH;Oui
2013;300780079;HL PONT SAINT ESPRIT;Languedoc Roussillon;CH;Oui
2013;300780087;HL UZES;Languedoc Roussillon;CH;Oui
2013;300780095;HL LE VIGAN;Languedoc Roussillon;CH;Oui
2013;300780111;MAISON DE SANTE LA POMAREDE;Languedoc Roussillon;ESPIC/EBNL;Oui
2013;300780285;CLINIQUE VALDEGOUR;Languedoc Roussillon;Privé;Oui
2013;300780400;CENTRE MÉDICAL &QUOTNOTRE DAME DE LA ROUVIERE&QUOT;Languedoc Roussillon;Privé;Oui
2013;300780442;MAISON DE REPOS LES CHATAIGNIERS;Languedoc Roussillon;Privé;Oui
2013;300780475;MAISON DE REPOS LES JARDINS;Languedoc Roussillon;ESPIC/EBNL;Oui
2013;300780491;MAIS REPOS CONV LES OLIVIERS;Languedoc Roussillon;Privé;Oui
2013;300781010;CH PONTEILS;Languedoc Roussillon;CH;Oui
2013;300781440;MAISON CONV DOMAINE DU CROS;Languedoc Roussillon;Privé;Oui
2013;310020938;CLINIQUE DE QUINT FONSEGRIVES;Midi Pyrénées;Privé;Oui
2013;310021571;CENTRE GERIATRIQUE DES MINIMES;Midi Pyrénées;Privé;Oui
2013;310180013;HOPITAUX DE LUCHON;Midi Pyrénées;CH;Oui
2013;310780234;SA  CLINIQUE DU CABIROL;Midi Pyrénées;Privé;Oui
2013;310780366;CLINIQUE MONIE;Midi Pyrénées;Privé;Oui
2013;310780374;CHATEAU DE VERNHES;Midi Pyrénées;Privé;Oui
2013;310780671;CH SAINT-GAUDENS;Midi Pyrénées;CH;Oui
2013;310780713;HOPITAL REVEL;Midi Pyrénées;CH;Oui
2013;310781125;SA CLINIQUE SAINT-ROCH;Midi Pyrénées;Privé;Oui
2013;310781174;SA CENTRE CONVALESCENCE MONTVERT;Midi Pyrénées;Privé;Oui
2013;310781406;CHR TOULOUSE;Midi Pyrénées;CHU;Oui
2013;310781695;CLINIQUE DE LAGARDELLE;Midi Pyrénées;Privé;Oui
2013;310781984;CLINIQUES DU MIDI VERDAICH;Midi Pyrénées;Privé;Oui
2013;310782396;MRC LE VAL DES CYGNES;Midi Pyrénées;Privé;Oui
2013;310784830;C.R.F  LES CEDRES;Midi Pyrénées;Privé;Oui
2013;310786256;HOPITAL LOCAL DE MURET;Midi Pyrénées;CH;Oui
2013;310786389;CLINIQUE DES PYRENEES;Midi Pyrénées;Privé;Oui
2013;310786702;SSR DOMAINE DE LA CADENE;Midi Pyrénées;Privé;Oui
2013;310790472;CLINIQUE SAINT ORENS;Midi Pyrénées;Privé;Oui
2013;310792635;MRC LE MARQUISAT;Midi Pyrénées;Privé;Oui
2013;310793617;M.R.C. SAINTE MARIE;Midi Pyrénées;Privé;Oui
2013;320004310;ETABLISSEMENT PUBLIC DE SANTE DE LOMAGNE;Midi Pyrénées;CH;Oui
2013;320780117;CH AUCH;Midi Pyrénées;CH;Oui
2013;320780133;CH CONDOM;Midi Pyrénées;CH;Oui
2013;320780158;HOPITAL GIMONT;Midi Pyrénées;CH;Oui
2013;320780174;HOPITAL LOMBEZ;Midi Pyrénées;CH;Oui
2013;320780208;HOPITAL NOGARO;Midi Pyrénées;CH;Oui
2013;320780216;HOPITAL VIC-FEZENSAC;Midi Pyrénées;CH;Oui
2013;320784333;CRF  SAINT - BLANCARD;Midi Pyrénées;Privé;Oui
2013;330000217;MAISON SANTE MARIE GALENE;Aquitaine;ESPIC/EBNL;Oui
2013;330000340;M.S.P.B. BAGATELLE;Aquitaine;ESPIC/EBNL;Oui
2013;330027509;CTRE HOSP INTERCOMMUNAL SUD GIRONDE;Aquitaine;CH;Oui
2013;330057654;LES FLOTS;Aquitaine;Privé;Oui
2013;330780370;FONTAINES DE MONJOUS;Aquitaine;ESPIC/EBNL;Oui
2013;330780495;CLINIQUE MUTUALISTE DU MEDOC;Aquitaine;ESPIC/EBNL;Oui
2013;330780503;POLYCLINIQUE SAINT MARTIN;Aquitaine;Privé;Oui
2013;330780560;LA PIGNADA;Aquitaine;ESPIC/EBNL;Oui
2013;330780719;DOMAINE DE HAUTERIVE S.A.;Aquitaine;Privé;Oui
2013;330780735;MAIS DE CONV. L'AQUITANIA;Aquitaine;Privé;Oui
2013;330780743;CENTRE DE SOINS DE SUITE ET RÉADAPTATION CHATEAUNEUF;Aquitaine;ESPIC/EBNL;Oui
2013;330780750;CENTRE DE SOINS DE SUITE ET RÉADAPTATION LES LAURIERS;Aquitaine;ESPIC/EBNL;Oui
2013;330780768;L'AJONCIÈRE;Aquitaine;ESPIC/EBNL;Oui
2013;330781139;CRF LA TOUR DE GASSIES;Aquitaine;ESPIC/EBNL;Oui
2013;330781154;C.R.F LES GRANDS CHENES;Aquitaine;Privé;Oui
2013;330781196;C.H.U. DE BORDEAUX;Aquitaine;CHU;Oui
2013;330781204;CENTRE HOSPITALIER D'ARCACHON;Aquitaine;CH;Oui
2013;330781212;CENTRE HOSPITALIER DE BAZAS;Aquitaine;CH;Oui
2013;330781253;CENTRE HOSPITALIER DE LIBOURNE;Aquitaine;CH;Oui
2013;330781261;C.H STE FOY LA GRANDE;Aquitaine;CH;Oui
2013;330781402;POLYCLINIQUE DE BORDEAUX - TONDU;Aquitaine;Privé;Oui
2013;330781626;MAIS REPOS LA ROSE DES SABLES;Aquitaine;Privé;Oui
2013;330802778;CHATEAU LEMOINE READAPTATION;Aquitaine;Privé;Oui
2013;340000025;INSTITUT SAINT PIERRE;Languedoc Roussillon;ESPIC/EBNL;Oui
2013;340000439;CENTRE ORTHOPEDIQUE MAGUELONE;Languedoc Roussillon;ESPIC/EBNL;Oui
2013;340009018;CLINIQUE DU PIC SAINT LOUP;Languedoc Roussillon;Privé;Oui
2013;340011295;LES HOPITAUX DU BASSIN DE THAU;Languedoc Roussillon;CH;Oui
2013;340019090;CRF BOURGÉS;Languedoc Roussillon;Privé;Oui
2013;340780055;CH BEZIERS;Languedoc Roussillon;CH;Oui
2013;340780196;C.R.F. LE VALD'ORB;Languedoc Roussillon;Privé;Oui
2013;340780212;C.R.F. STER;Languedoc Roussillon;Privé;Oui
2013;340780253;MAISON DE REPOS LE COLOMBIER;Languedoc Roussillon;Privé;Oui
2013;340780469;HL SAINT-PONS;Languedoc Roussillon;CH;Oui
2013;340780477;CHU MONTPELLIER;Languedoc Roussillon;CHU;Oui
2013;340780519;HL LODEVE;Languedoc Roussillon;CH;Oui
2013;340780543;HL CLERMONT- L' HERAULT;Languedoc Roussillon;CH;Oui
2013;340780568;CLINIQUE DU SOUFFLE LA VALONIE;Languedoc Roussillon;Privé;Oui
2013;340780816;CLINIQUE MUTUALISTE JEAN LEON;Languedoc Roussillon;Privé;Oui
2013;340780824;MAIS REPOS CONV PLEIN SOLEIL;Languedoc Roussillon;Privé;Oui
2013;340780857;C.R.F.  LE CASTELET;Languedoc Roussillon;Privé;Oui
2013;340781608;MSM MAS DE ROCHET;Languedoc Roussillon;ESPIC/EBNL;Oui
2013;340782002;C.R.F. LA PETITE PAIX;Languedoc Roussillon;Privé;Oui
2013;340789981;C.R.F.  FONTFROIDE;Languedoc Roussillon;Privé;Oui
2013;340796093;C.R.F. STER;Languedoc Roussillon;Privé;Oui
2013;340796358;CENTRE PAUL COSTE FLORET;Languedoc Roussillon;CH;Non
2013;340798552;MAIS REPOS CONV PECH DU SOLEIL;Languedoc Roussillon;Privé;Oui
2013;350000022;CENTRE HOSPITALIER ST MALO;Bretagne;CH;Oui
2013;350000030;CENTRE HOSPITALIER FOUGERES;Bretagne;CH;Oui
2013;350000048;CENTRE HOSPITALIER REDON;Bretagne;CH;Oui
2013;350000055;CENTRE HOSPITALIER VITRE;Bretagne;CH;Oui
2013;350000063;HÔPITAL ST THOMAS DE VILLENEUVE BAIN DE BRETAGNE;Bretagne;ESPIC/EBNL;Oui
2013;350000071;HÔPITAL LA PROVIDENCE GARDINER DINARD;Bretagne;ESPIC/EBNL;Oui
2013;350000204;CLINIQUE ST JOSEPH COMBOURG;Bretagne;ESPIC/EBNL;Oui
2013;350002192;POLYCLINIQUE SAINT LAURENT;Bretagne;Privé;Oui
2013;350002200;CLINIQUE ST YVES RENNES;Bretagne;ESPIC/EBNL;Oui
2013;350002291;HÔPITAL LOCAL JANZE;Bretagne;CH;Oui
2013;350002317;HÔPITAL LOCAL MONTFORT S/ MEU;Bretagne;CH;Oui
2013;350002333;HÔPITAL LOCAL ST MEEN LE GRAND;Bretagne;CH;Oui
2013;350002564;POLE MPR SAINT HELIER RENNES;Bretagne;ESPIC/EBNL;Oui
2013;350002911;MRC ST THOMAS DE VILLENEUVE BAGUER MORVAN;Bretagne;ESPIC/EBNL;Oui
2013;350002929;MRC LA PIERRE BLANCHE BOURG DES COMPTES;Bretagne;ESPIC/EBNL;Oui
2013;350005021;CENTRE DE GÉRIATRIE DE CHANTEPIE;Bretagne;ESPIC/EBNL;Oui
2013;350005179;CHRU DE RENNES;Bretagne;CHU;Oui
2013;350040291;HÔPITAL LOCAL HAMON VAUJOYEUX CANCALE;Bretagne;CH;Oui
2013;350044756;MAISON DE SOINS EN ADDICTOLOGIE : PHILAE;Bretagne;Privé;Oui
2013;350048518;C. H. DES MARCHES DE BRETAGNE;Bretagne;CH;Oui
2013;360000046;C H  ISSOUDUN;Centre;CH;Oui
2013;360000053;C.H. DE CHATEAUROUX;Centre;CH;Oui
2013;360000061;C. H.  LA CHATRE;Centre;CH;Oui
2013;360000079;C H  LE BLANC;Centre;CH;Oui
2013;360000103;H.L. CHATILLON / INDRE;Centre;CH;Oui
2013;360002232;CTRE CONV. ET DIET.MANOIR EN BERRY;Centre;Privé;Oui
2013;370000150;CLINIQUE VELPEAU;Centre;Privé;Oui
2013;370000184;M.R. ET C. LE COURBAT;Centre;ESPIC/EBNL;Oui
2013;370000218;C.R.F  LE CLOS SAINT-VICTOR;Centre;ESPIC/EBNL;Oui
2013;370000341;CTRE POST CURE ALCOOL MALVAU;Centre;ESPIC/EBNL;Oui
2013;370000374;MAISON READ. FONCT. NEUR BEL AIR;Centre;ESPIC/EBNL;Oui
2013;370000481;C.H.U. DE TOURS;Centre;CHU;Oui
2013;370000564;CHI AMBOISE- CHATEAU RENAULT;Centre;CH;Oui
2013;370000606;C H  CHINONAIS;Centre;CH;Oui
2013;370000614;CH LOCHES;Centre;CH;Oui
2013;370000713;"CENTRE POST CURE ""LOUIS SEVESTRE""";Centre;CH;Oui
2013;370002701;CH JEAN PAGES DE LUYNES;Centre;CH;Oui
2013;370007569;PÔLE SANTÉ LÉONARD DE VINCI;Centre;Privé;Oui
2013;370100539;"MAISON READ. FONCT.""BOIS GIBERT""";Centre;ESPIC/EBNL;Oui
2013;380005868;ANNEXE DU CTRE DE SOINS DE VIRIEU- SITE DE BOURGOIN;Rhône Alpes;ESPIC/EBNL;Oui
2013;380005918;CENTRE DE SOINS DE SUITE LES GRANGES;Rhône Alpes;Privé;Oui
2013;380009928;CENTRE MEDICAL ROCHEPLANE LES ANGUISSES;Rhône Alpes;ESPIC/EBNL;Oui
2013;380017095;CRF ST VINCENT DE PAUL;Rhône Alpes;Privé;Oui
2013;380780023;HOPITAL RHUMATOLOGIQUE URIAGE;Rhône Alpes;CH;Oui
2013;380780031;CENTRE HOSPITALIER DE LA MURE;Rhône Alpes;CH;Oui
2013;380780056;CTRE HOSPITALIER PONT BEAUVOISIN;Rhône Alpes;CH;Oui
2013;380780080;CHU GRENOBLE;Rhône Alpes;CHU;Oui
2013;380780098;CENTRE HOSPITALIER  DE TULLINS;Rhône Alpes;CH;Oui
2013;380780171;CENTRE HOSPITALIER SAINT-MARCELLIN;Rhône Alpes;CH;Oui
2013;380780213;CENTRE HOSPITALIER  ST LAURENT DU PONT;Rhône Alpes;CH;Oui
2013;380780239;HOPITAL LOCAL DE ST.GEOIRE EN VALDAINE;Rhône Alpes;CH;Oui
2013;380780312;CLINIQUE DU GRESIVAUDAN;Rhône Alpes;ESPIC/EBNL;Oui
2013;380780379;CENTRE HENRI BAZIRE;Rhône Alpes;ESPIC/EBNL;Oui
2013;380781138;CENTRE DE SOINS DE VIRIEU - SITE DE VIRIEU;Rhône Alpes;ESPIC/EBNL;Oui
2013;380781369;LE MAS DES CHAMPS - ST PRIM;Rhône Alpes;ESPIC/EBNL;Oui
2013;380781435;CENTRE HOSPITALIER DE VIENNE;Rhône Alpes;CH;Oui
2013;380782698;HOPITAL LOCAL LA TOUR DU PIN;Rhône Alpes;CH;Oui
2013;380782771;HOPITAL LOCAL DE MORESTEL;Rhône Alpes;CH;Oui
2013;390000172;CENTRE MEDICAL LA GRANGE/MONT;Franche Comté;ESPIC/EBNL;Oui
2013;390780146;CH LONS;Franche Comté;CH;Oui
2013;390780161;CH ST CLAUDE;Franche Comté;CH;Oui
2013;390780179;CH SALINS LES BAINS;Franche Comté;CH;Oui
2013;390780591;CH CHAMPAGNOLE;Franche Comté;CH;Oui
2013;390780609;CH PASTEUR DOLE;Franche Comté;CH;Oui
2013;390781193;CENTRE DE POST CURE BLETTERANS;Franche Comté;ESPIC/EBNL;Oui
2013;400000261;INSTITUT HÉLIO-MARIN LABENNE;Aquitaine;ESPIC/EBNL;Oui
2013;400011177;CH DE MONT DE MARSAN;Aquitaine;CH;Oui
2013;400780102;CTRE REEDUC. FONCTION. NAPOLEON;Aquitaine;Privé;Oui
2013;400780193;CENTRE HOSPITALIER DAX;Aquitaine;CH;Oui
2013;400780268;HOPITAL SAINT SEVER;Aquitaine;CH;Oui
2013;400780383;MAISON SAINT LOUIS;Aquitaine;ESPIC/EBNL;Oui
2013;400780425;S.A.R.L    PRIMEROSE;Aquitaine;Privé;Oui
2013;400780466;LE BELVEDERE;Aquitaine;Privé;Oui
2013;400780482;CENTRE MED.INFANTILE MONTPRIBAT;Aquitaine;Privé;Oui
2013;400782769;POLYCLINIQUE LES CHENES;Aquitaine;Privé;Oui
2013;400791018;CENTRE EUROPEEN DE REEDUCATION DU SPORTIF (CERS);Aquitaine;Privé;Oui
2013;410000087;C. H. DE BLOIS;Centre;CH;Oui
2013;410000095;C. H. VENDOME;Centre;CH;Oui
2013;410000103;C. H. ROMORANTIN LANTHENAY;Centre;CH;Oui
2013;410000111;H. L. ST AIGNAN SUR CHER;Centre;CH;Oui
2013;410000418;INSTITUT MEDICAL DE SOLOGNE;Centre;Privé;Oui
2013;410000442;"CENTRE MEDICAL ""LA MENAUDIERE""";Centre;ESPIC/EBNL;Oui
2013;420000192;CLINIQUE MEDICALE BUISSONNIERE;Rhône Alpes;ESPIC/EBNL;Oui
2013;420000325;HOPITAL LOCAL ST PIERRE DE BOEUF;Rhône Alpes;CH;Oui
2013;420002495;HOPITAL DU GIER;Rhône Alpes;CH;Oui
2013;420002677;CENTRE MUTUALISTE D'ADDICTOLOGIE;Rhône Alpes;ESPIC/EBNL;Oui
2013;420011512;LE CLOS CHAMPIROL;Rhône Alpes;Privé;Oui
2013;420013831;CENTRE HOSPITALIER DU FOREZ;Rhône Alpes;CH;Oui
2013;420780033;CENTRE HOSPITALIER DE ROANNE;Rhône Alpes;CH;Oui
2013;420780058;HOPITAL LOCAL DE CHARLIEU;Rhône Alpes;CH;Oui
2013;420780348;CENTRE MEDICAL DE CHAVANNE;Rhône Alpes;ESPIC/EBNL;Oui
2013;420780579;MAISON DE CONVALESCENCE GRAVENAND;Rhône Alpes;ESPIC/EBNL;Oui
2013;420780652;CENTRE HOSPITALIER DE FIRMINY;Rhône Alpes;CH;Oui
2013;420780660;CENTRE HOSPITALIER G. CLAUDINON;Rhône Alpes;CH;Oui
2013;420780736;HOPITAL LOCAL DE PELUSSIN;Rhône Alpes;CH;Oui
2013;420782096;CENTRE MEDICAL DES 7 COLLINES;Rhône Alpes;ESPIC/EBNL;Oui
2013;420782591;CLINIQUE NOUVELLE DU FOREZ;Rhône Alpes;Privé;Oui
2013;420784878;CHU SAINT ETIENNE;Rhône Alpes;CHU;Oui
2013;420793697;ALMA SANTE;Rhône Alpes;Privé;Oui
2013;430000018;C.H. EMILE ROUX LE PUY;Auvergne;CH;Oui
2013;430000034;CENTRE HOSPITALIER  BRIOUDE;Auvergne;CH;Oui
2013;430000141;MS CONV. ST JOSEPH - ROSIERS;Auvergne;Privé;Oui
2013;430000158;MS REP. BEAUREGARD - CHADRAC;Auvergne;Privé;Oui
2013;430000166;MS REP.  JALAVOUX - AIGUILHE;Auvergne;Privé;Oui
2013;430000182;MS REP. HORT MELLEYR-MONASTIER;Auvergne;Privé;Oui
2013;430000216;CENTRE MEDICAL D'OUSSOULX;Auvergne;ESPIC/EBNL;Oui
2013;430007450;CENTRE MEDICAL SPECIALISE LE CHAMBON SUR LIGNON;Auvergne;Privé;Oui
2013;440000057;CENTRE HOSPITALIER   ST-NAZAIRE;Pays de la Loire;CH;Oui
2013;440000065;CENTRE HOSPITALIER DE MAUBREUIL;Pays de la Loire;CH;Oui
2013;440000255;CRFF LA TOURMALINE;Pays de la Loire;ESPIC/EBNL;Oui
2013;440000289;C.H.U. DE NANTES;Pays de la Loire;CHU;Oui
2013;440000297;CENTRE HOSPITALIER ANCENIS;Pays de la Loire;CH;Oui
2013;440000313;CENTRE HOSPITALIER CHATEAUBRIANT;Pays de la Loire;CH;Oui
2013;440000347;HOPITAL LOCAL CORCOUE;Pays de la Loire;CH;Oui
2013;440000362;HOPITAL LOCAL DE NOZAY;Pays de la Loire;CH;Oui
2013;440000412;CLINIQUE BRETECHE VIAUD;Pays de la Loire;Privé;Oui
2013;440000693;CENTRE DE CONVALESCENCE SAINT SEBASTIEN;Pays de la Loire;ESPIC/EBNL;Oui
2013;440000701;ETAB. DE CONVAL.ROZ ARVOR;Pays de la Loire;Privé;Oui
2013;440000719;CENTRE THERAPEUTIQUE ALCOOLIQUE LA BARONNAIS;Pays de la Loire;ESPIC/EBNL;Oui
2013;440001188;CENTRE REEDUCATION FONCTIONNELLE PEN-BRON;Pays de la Loire;ESPIC/EBNL;Oui
2013;440002459;CENTRE DE CONVALESCENCE SOINS DE SUITE LE BODIO;Pays de la Loire;ESPIC/EBNL;Oui
2013;440024669;CENTRE DE SOINS DE SUITE LE BOIX RIGNOUX;Pays de la Loire;ESPIC/EBNL;Oui
2013;440028538;HIC DE LA PRESQU'ILE;Pays de la Loire;CH;Oui
2013;440042141;H INTERCOMMUNAL SEVRE ET LOIRE;Pays de la Loire;CH;Oui
2013;440044451;CENTRE DE SOINS SUITE SITE SAINT HENRI;Pays de la Loire;Privé;Oui
2013;440048239;CENTRE DE CONVALESCENCE - OQN;Pays de la Loire;Privé;Oui
2013;440048676;CENTRE DE RÉADAPTATION DU CONFLUENT;Pays de la Loire;ESPIC/EBNL;Oui
2013;440050433;CLINIQUE MUTUALISTE DE L'ESTUAIRE;Pays de la Loire;ESPIC/EBNL;Oui
2013;450000088;C.H.R. ORLEANS;Centre;CHU;Oui
2013;450000096;"C.H. "" P. DEZARNAULD"" DE GIEN";Centre;CH;Oui
2013;450000104;C.H. AGGLOMERATION MONTARGOISE;Centre;CH;Oui
2013;450000112;C.H. DE PITHIVIERS;Centre;CH;Oui
2013;450000286;ASSOCIATION LES BUISSONNETS;Centre;Privé;Oui
2013;450000336;"H. PRIVE ""SAINT JEAN"" DE BRIARE";Centre;ESPIC/EBNL;Oui
2013;450000526;CMPR L'A.D.A.P.T. LOIRET;Centre;ESPIC/EBNL;Oui
2013;450002456;MAISON  READ. FONCT.LE COTEAU;Centre;ESPIC/EBNL;Oui
2013;450012968;CLINIQUE DE MONTARGIS;Centre;Privé;Oui
2013;450013081;S.A. LA CIGOGNE;Centre;Privé;Oui
2013;450013669;LA REINE BLANCHE CONVALESCENCE;Centre;Privé;Oui
2013;450014956;"M. R. ET C. "" LES SABLONS""";Centre;ESPIC/EBNL;Oui
2013;450015144;M.C. DOMAINE DE LONGUEVE;Centre;Privé;Oui
2013;460000060;CENTRE MEDICAL LA ROSERAIE;Midi Pyrénées;ESPIC/EBNL;Oui
2013;460006083;CSSR NOTRE DAME;Midi Pyrénées;ESPIC/EBNL;Oui
2013;460780042;CLINIQUE DU QUERCY BELLEVUE;Midi Pyrénées;Privé;Oui
2013;460780083;CH FIGEAC;Midi Pyrénées;CH;Oui
2013;460780091;CH SAINT-CERE;Midi Pyrénées;CH;Oui
2013;460780208;CH GOURDON;Midi Pyrénées;CH;Oui
2013;460785900;CLINIQUE DU RELAIS;Midi Pyrénées;Privé;Oui
2013;470000027;CLINIQUE ESQUIROL - SAINT-HILAIRE;Aquitaine;Privé;Oui
2013;470000175;CENTRE DELESTRAINT-FABIEN;Aquitaine;ESPIC/EBNL;Oui
2013;470000308;CENTRE DE RÉÉDUCATION FONCTIONNELLE L'ADAPT VIRAZEIL;Aquitaine;ESPIC/EBNL;Oui
2013;470000316;CENTRE HOSPITALIER AGEN;Aquitaine;CH;Oui
2013;470000324;C. H. SAINT CYR VILLENEUVE/LOT;Aquitaine;CH;Oui
2013;470000357;HOPITAL LOCAL CASTELJALOUX;Aquitaine;CH;Oui
2013;470000365;HÔPITAL LOCAL DE PENNE D'AGENAIS;Aquitaine;CH;Oui
2013;470001660;CH MARMANDE TONNEINS;Aquitaine;CH;Oui
2013;470010364;M DE REPOS ET CONV LA PALOUMERE;Aquitaine;Privé;Oui
2013;480000793;CENTRE CONVALESCENCE CCA ANTRENAS;Languedoc Roussillon;ESPIC/EBNL;Oui
2013;480000835;MAISON STE MARIE;Languedoc Roussillon;Privé;Oui
2013;480780097;CH MENDE;Languedoc Roussillon;CH;Oui
2013;480780212;"CENTRE POST CURE ALCOOLIQUE ""LE BOY""";Languedoc Roussillon;ESPIC/EBNL;Oui
2013;480783034;CENTRE DE MONTRODAT;Languedoc Roussillon;ESPIC/EBNL;Oui
2013;490000031;C.H.R.U.    ANGERS;Pays de la Loire;CHU;Oui
2013;490000395;HOPITAL LOCAL CHALONNES;Pays de la Loire;CH;Oui
2013;490000403;HOPITAL LOCAL DOUE LA FONTAINE;Pays de la Loire;CH;Oui
2013;490000411;HOPITAL LOCAL LONGUE JUMELLES;Pays de la Loire;CH;Oui
2013;490000429;HOPITAL LOCAL  MARTIGNE-BRIAND;Pays de la Loire;CH;Oui
2013;490000437;HOPITAL LOCAL POUANCE;Pays de la Loire;CH;Oui
2013;490000601;MAISON DE CONVALESCENCE LES RECOLLETS;Pays de la Loire;ESPIC/EBNL;Oui
2013;490000643;CENTRE MEDICAL DU CHILLON;Pays de la Loire;ESPIC/EBNL;Oui
2013;490000676;CENTRE HOSPITALIER CHOLET;Pays de la Loire;CH;Oui
2013;490000817;MAISON DE CONVALESCENCE;Pays de la Loire;ESPIC/EBNL;Oui
2013;490004256;HOPITAL PRIVE BEAUPREAU;Pays de la Loire;ESPIC/EBNL;Oui
2013;490007689;HOPITAL LOCAL LYS HYROME;Pays de la Loire;CH;Oui
2013;490009248;CENTRE DE SOINS DE SUITE SAINT CLAUDE;Pays de la Loire;ESPIC/EBNL;Oui
2013;490015765;H INTERCOMMUNAL DU BAUGEOIS ET DE LA VALLEE;Pays de la Loire;CH;Oui
2013;490528452;CENTRE HOSPITALIER SAUMUR;Pays de la Loire;CH;Oui
2013;490531910;CENTRE REGIONAL DE REEDUCATION ET READAPTATION FONCTIONNELLES;Pays de la Loire;ESPIC/EBNL;Oui
2013;490534922;CENTRE DE CONVALESCENCE JEAN JAURES;Pays de la Loire;Privé;Oui
2013;490543675;MAISON DE CONVAL. DE L'ANJOU;Pays de la Loire;Privé;Oui
2013;500000013;CENTRE HOSPITALIER PUBLIC DU COTENTIN;Basse Normandie;CH;Oui
2013;500000039;HOPITAL LOCAL CARENTAN;Basse Normandie;CH;Oui
2013;500000054;CH AVRANCHES GRANVILLE;Basse Normandie;CH;Oui
2013;500000146;POLYCLINIQUE DE LA BAIE-ST MARTIN;Basse Normandie;Privé;Oui
2013;500000203;POLYCLINIQUE DE LA MANCHE - SAINT-LO;Basse Normandie;Privé;Oui
2013;500000229;CRRF LE NORMANDY (GRANVILLE);Basse Normandie;Privé;Oui
2013;500000393;CENTRE HOSPITALIER DE COUTANCES;Basse Normandie;CH;Oui
2013;500000419;CRF SIOUVILLE;Basse Normandie;Privé;Oui
2013;500002357;POLYCLINIQUE DU COTENTIN;Basse Normandie;Privé;Oui
2013;500012687;CRF WILLIAM HARVEY;Basse Normandie;Privé;Oui
2013;500021423;CRF LE NORMANDY II;Basse Normandie;Privé;Oui
2013;510000029;CHR DE REIMS;Champagne Ardenne;CHU;Oui
2013;510000037;CH CHALONS EN CHAMPAGNE;Champagne Ardenne;CH;Oui
2013;510000201;CLINIQUE JEAN D'ORBAIS;Champagne Ardenne;ESPIC/EBNL;Oui
2013;510012040;POLYCLINIQUE LES BLEUETS - REIMS;Champagne Ardenne;Privé;Oui
2013;520780024;HOPITAL LOCAL DE BOURBONNE;Champagne Ardenne;CH;Oui
2013;520780032;CENTRE HOSPITALIER DE CHAUMONT;Champagne Ardenne;CH;Oui
2013;520780040;HOPITAL LOCAL JOINVILLE;Champagne Ardenne;CH;Oui
2013;520780065;HOPITAL LOCAL DE MONTIER EN DER;Champagne Ardenne;CH;Oui
2013;520780081;CH DE LA HAUTE MARNE;Champagne Ardenne;CH;Oui
2013;520780099;HOPITAL LOCAL DE WASSY;Champagne Ardenne;CH;Oui
2013;530000025;CH INTERCOMMUNAL DU HAUT-ANJOU;Pays de la Loire;CH;Oui
2013;530000058;HOPITAL LOCAL  ERNEE;Pays de la Loire;CH;Oui
2013;530000074;CENTRE HOSPITALIER  NORD-MAYENNE;Pays de la Loire;CH;Oui
2013;530000371;CENTRE HOSPITALIER  LAVAL;Pays de la Loire;CH;Oui
2013;530002591;HOPITAL LOCAL VILLAINES LA JUHEL;Pays de la Loire;CH;Oui
2013;530007202;HOPITAL LOCAL DU SUD MAYENNAIS;Pays de la Loire;CH;Oui
2013;530031509;CENTRE DE SOINS  LA BREHONNIERE;Pays de la Loire;Privé;Oui
2013;540000106;CENTRE HOSPITALIER  -  PONT A MOUSSON;Lorraine;CH;Oui
2013;540000114;CH ST NICOLAS DE PORT;Lorraine;CH;Oui
2013;540000288;SA LES ELIEUX SEICHAMPS;Lorraine;Privé;Oui
2013;540000395;HOPITAL SAINT CHARLES NANCY;Lorraine;ESPIC/EBNL;Oui
2013;540000585;MAISON CONVALESCENCE FLAVIGNY;Lorraine;ESPIC/EBNL;Oui
2013;540000668;CTRE JACQUES PARISOT BAINVILLE S MADON;Lorraine;ESPIC/EBNL;Oui
2013;540000767;CENTRE HOSPITALIER - BRIEY;Lorraine;CH;Oui
2013;540000858;ST ELOI NEUVES MAISONS;Lorraine;ESPIC/EBNL;Oui
2013;540002078;C.H.U. DE NANCY;Lorraine;CHU;Oui
2013;540003399;HOPITAL LOCAL  - POMPEY;Lorraine;CH;Oui
2013;540005196;MAISON DE CONV. BACCARAT;Lorraine;Privé;Oui
2013;540009701;CENTRE LOUIS PIERQUIN;Lorraine;ESPIC/EBNL;Oui
2013;540020146;CENTRE DE REEDUCATION FLORENTIN;Lorraine;ESPIC/EBNL;Oui
2013;550000020;CENTRE HOSPITALIER VERDUN/SAINT MIHIEL;Lorraine;CH;Oui
2013;550000046;CENTRE HOSPITALIER - COMMERCY;Lorraine;CH;Oui
2013;550003354;CENTRE HOSPITALIER - BAR LE DUC;Lorraine;CH;Oui
2013;560000077;HÔPITAL LOCAL JOSSELIN;Bretagne;CH;Oui
2013;560000184;CLINIQUE DES AUGUSTINES MALESTROIT;Bretagne;ESPIC/EBNL;Oui
2013;560000259;HÔPITAL LOCAL GUEMENE SUR SCORFF;Bretagne;CH;Oui
2013;560000424;MRC KERALIGUEN LANESTER;Bretagne;ESPIC/EBNL;Oui
2013;560002024;CRRF KERPAPE;Bretagne;ESPIC/EBNL;Oui
2013;560002065;HÔPITAL LOCAL MALESTROIT;Bretagne;CH;Oui
2013;560002198;HÔPITAL LOCAL LE FAOUET;Bretagne;CH;Non
2013;560002214;CENTRE HOSPITALIER PORT LOUIS;Bretagne;CH;Oui
2013;560002222;CENTRE HOSPITALIER DE BASSE-VILAINE;Bretagne;CH;Oui
2013;560002974;MAISON DE SANTÉ SPÉCIALISÉE LE DIVIT;Bretagne;ESPIC/EBNL;Oui
2013;560003055;MRC COLPO;Bretagne;ESPIC/EBNL;Oui
2013;560005746;CENTRE HOSPITALIER BRETAGNE SUD LORIENT;Bretagne;CH;Oui
2013;560014748;CENTRE HOSPITALIER DU CENTRE BRETAGNE;Bretagne;CH;Oui
2013;560023210;CENTRE HOSPITALIER BRETAGNE ATLANTIQUE VANNES;Bretagne;CH;Oui
2013;570000026;HOPITAL  - SARRALBE;Lorraine;ESPIC/EBNL;Oui
2013;570000034;CRS ST LUC ABRESCHVILLER;Lorraine;CH;Oui
2013;570000091;HOPITAL DE FREYMING MERLEBACH;Lorraine;ESPIC/EBNL;Oui
2013;570000158;CENTRE HOSPITALIER ROBERT PAX;Lorraine;CH;Oui
2013;570000166;HOSPITALOR  -  FORBACH;Lorraine;ESPIC/EBNL;Oui
2013;570000356;CLINIQUE CHIR. AMBROISE PARE;Lorraine;Privé;Oui
2013;570000430;CENTRE HOSPITALIER  -   BOULAY;Lorraine;CH;Oui
2013;570000455;HOPITAL CHATEAU SALINS;Lorraine;ESPIC/EBNL;Oui
2013;570000547;MRC LONGEVILLE;Lorraine;ESPIC/EBNL;Oui
2013;570000828;CMP MAIZEROY;Lorraine;ESPIC/EBNL;Oui
2013;570003103;LE HOEBERG SARREGUEMINES;Lorraine;ESPIC/EBNL;Oui
2013;570005165;C. H. R. - METZ THIONVILLE;Lorraine;CHU;Oui
2013;570009670;HOPITAL  - MOYEUVRE GRANDE;Lorraine;ESPIC/EBNL;Oui
2013;570010181;ALPHA SANTE;Lorraine;ESPIC/EBNL;Oui
2013;570012633;L'ALLUMAT SCY CHAZELLES;Lorraine;ESPIC/EBNL;Oui
2013;570023630;HOPITAUX PRIVES DE METZ;Lorraine;ESPIC/EBNL;Oui
2013;570025254;CENTRE HOSPITALIER INTERCOMMUNAL UNISANTE;Lorraine;CH;Oui
2013;580780039;C.H. DE L'AGGLOMÉRATION DE NEVERS;Bourgogne;CH;Oui
2013;580780088;HOPITAL DE COSNE-COURS/LOIRE;Bourgogne;CH;Oui
2013;580780096;CENTRE HOSPITALIER DECIZE;Bourgogne;CH;Oui
2013;580780187;CLINIQUE DU MORVAN SA;Bourgogne;Privé;Oui
2013;580780203;CENTRE MEDICAL DE LA VENERIE;Bourgogne;Privé;Oui
2013;580781136;CENTRE HOSPITALIER HENRI DUNANT;Bourgogne;CH;Oui
2013;580971349;LE RECONFORT;Bourgogne;Privé;Oui
2013;580972008;C.R.F. PASORI;Bourgogne;Privé;Oui
2013;590001749;POLYCLINIQUE DE GRANDE SYNTHE;Nord Pas de Calais;ESPIC/EBNL;Oui
2013;590008041;POLYCLINIQUE VAUBAN;Nord Pas de Calais;Privé;Oui
2013;590034732;CENTRE LA ROUGEVILLE;Nord Pas de Calais;Privé;Oui
2013;590053120;GROUPE HOSPITALIER LOOS HAUBOURDIN;Nord Pas de Calais;CH;Oui
2013;590780052;CENTRE HOSPITALIER SOMAIN;Nord Pas de Calais;CH;Oui
2013;590780128;"CENTRE DE RÉÉDUCATION FONCTIONNELLE ""HÉLÈNE BOREL"" RAIMBEAUCOURT";Nord Pas de Calais;ESPIC/EBNL;Oui
2013;590780185;ETABLISSEMENT PUBLIC DE SANTÉ LES ERABLES - LA BASSEE;Nord Pas de Calais;CH;Oui
2013;590780193;C.H.R.U. DE LILLE;Nord Pas de Calais;CHU;Oui
2013;590780227;HÔPITAL DE SECLIN;Nord Pas de Calais;CH;Oui
2013;590780284;CENTRE HOSPITALIER ST PHILIBERT;Nord Pas de Calais;ESPIC/EBNL;Oui
2013;590781605;CENTRE HOSPITALIER DE CAMBRAI;Nord Pas de Calais;CH;Oui
2013;590781621;CENTRE HOSPITALIER DE LE CATEAU;Nord Pas de Calais;CH;Oui
2013;590781647;CENTRE HOSPITALIER HAUTMONT;Nord Pas de Calais;CH;Oui
2013;590781670;CENTRE HOSPITALIER LE QUESNOY;Nord Pas de Calais;CH;Oui
2013;590781795;CENTRE HOSPITALIER D'AVESNES;Nord Pas de Calais;CH;Oui
2013;590781811;CENTRE HOSPITALIER FELLERIES LIESSIES;Nord Pas de Calais;CH;Oui
2013;590781902;CENTRE HOSPITALIER DE TOURCOING;Nord Pas de Calais;CH;Oui
2013;590781951;CLINIQUE DU CROISE LAROCHE  SA;Nord Pas de Calais;Privé;Oui
2013;590782165;CENTRE HOSPITALIER DE DENAIN;Nord Pas de Calais;CH;Oui
2013;590782207;CENTRE HOSPITALIER DE SAINT - AMAND;Nord Pas de Calais;CH;Oui
2013;590782215;CENTRE HOSPITALIER VALENCIENNES;Nord Pas de Calais;CH;Oui
2013;590782280;CLINIQUE VILLARS;Nord Pas de Calais;Privé;Oui
2013;590782421;CENTRE HOSPITALIER DE ROUBAIX;Nord Pas de Calais;CH;Oui
2013;590782439;CENTRE HOSPITALIER WATTRELOS;Nord Pas de Calais;CH;Oui
2013;590782496;CLINIQUE SAINT JEAN;Nord Pas de Calais;Privé;Oui
2013;590782546;CLINIQUE DE VILLENEUVE D'ASCQ;Nord Pas de Calais;Privé;Oui
2013;590782637;CENTRE HOSPITALIER ARMENTIERES;Nord Pas de Calais;CH;Oui
2013;590782645;CENTRE HOSPITALIER DE BAILLEUL;Nord Pas de Calais;CH;Oui
2013;590782652;CENTRE HOSPITALIER D'HAZEBROUCK;Nord Pas de Calais;CH;Oui
2013;590783171;CENTRE DE SSR LES ABEILLES;Nord Pas de Calais;ESPIC/EBNL;Oui
2013;590783189;S.A.S CLINIQUE SAINT ROCH;Nord Pas de Calais;Privé;Oui
2013;590783239;CENTRE HOSPITALIER DE DOUAI;Nord Pas de Calais;CH;Oui
2013;590784245;CENTRE HOSPITALIER ZUYDCOOTE;Nord Pas de Calais;CH;Oui
2013;590785663;CENTRE HOSPITALIER WASQUEHAL;Nord Pas de Calais;CH;Oui
2013;590786984;UNITÉ LOCALE DE SOINS ESCAUDAIN;Nord Pas de Calais;ESPIC/EBNL;Oui
2013;590790473;MAISON DE CONVALESCENCE LALLAING;Nord Pas de Calais;ESPIC/EBNL;Oui
2013;590791109;SA CLINIQUE LES BRUYERES;Nord Pas de Calais;Privé;Oui
2013;590797346;UNITÉ LOCALE DE SOINS POUR PERSONNES ÂGÉES FRESNES / ESCAUT;Nord Pas de Calais;ESPIC/EBNL;Oui
2013;590797387;CENTRE DE REEDUCATION L'ESPOIR;Nord Pas de Calais;Privé;Oui
2013;590806360;CLINIQUE DE LA MITTERIE;Nord Pas de Calais;Privé;Oui
2013;590809703;CLINIQUE SAINT ROCH;Nord Pas de Calais;Privé;Oui
2013;590810784;CLINIQUE ST ROCH CONVALESCENCE;Nord Pas de Calais;Privé;Oui
2013;590813507;POLYCLINIQUE VAL DE SAMBRE;Nord Pas de Calais;Privé;Oui
2013;590815056;CLINIQUE DE FLANDRE;Nord Pas de Calais;Privé;Oui
2013;590817441;ETAB HOPALE - CENTRE CLAIR SEJOUR;Nord Pas de Calais;ESPIC/EBNL;Oui
2013;600100085;HOP LOCAL CREPY EN VALOIS;Picardie;CH;Oui
2013;600100101;GROUPE HOSPITALIER PAUL DOUMER;Ile de France;CHU;Oui
2013;600100127;CTRE HOSP GEORGES DECROZE;Picardie;CH;Oui
2013;600100184;CLINIQUE LE VALOIS;Picardie;Privé;Oui
2013;600100275;MAISON CONV SPEC CHATEAU DU TILLET;Picardie;ESPIC/EBNL;Oui
2013;600100283;FONDATION ALPHONSE DE ROTHSCHILD;Picardie;ESPIC/EBNL;Oui
2013;600100291;MAISON REPOS ET CONVALESCENCE;Picardie;Privé;Oui
2013;600100572;CTRE HOSP DE CHAUMONT EN VEXIN;Picardie;CH;Oui
2013;600100580;HOPITAL LOCAL DE CREVECOEUR LE GRAND;Picardie;CH;Non
2013;600100671;CRF LE BELLOY;Picardie;ESPIC/EBNL;Oui
2013;600100713;CTRE HOSP DE BEAUVAIS;Picardie;CH;Oui
2013;600100721;CTRE HOSP DE COMPIEGNE;Picardie;CH;Oui
2013;600100754;POLYCLINIQUE SAINT-COME S. A.;Picardie;Privé;Oui
2013;600100796;CENTRE MEDICAL LEOPOLD BELLAN;Picardie;ESPIC/EBNL;Oui
2013;600100861;MAISON DE CONVALESCENCE L'OASIS;Picardie;Privé;Oui
2013;600101679;CRF ST LAZARE;Picardie;ESPIC/EBNL;Oui
2013;600101687;MAISON CONV PAVILLON DE LA CHAUSSEE;Picardie;ESPIC/EBNL;Oui
2013;600101943;CTRE READAPTATION CARDIAQUE L BELLAN;Picardie;ESPIC/EBNL;Oui
2013;600101984;GROUPE HOSPITALIER PUBLIC DU SUD DE L'OISE;Picardie;CH;Oui
2013;600111124;MAIS DE CONVALESCENCE FONDATION CONDE MOYEN SEJOUR;Picardie;ESPIC/EBNL;Oui
2013;610006371;SSR CLINIQUE ST DOMINIQUE - FLERS;Basse Normandie;Privé;Oui
2013;610006421;CLINIQUE D'ALENCON;Basse Normandie;Privé;Oui
2013;610780074;CENTRE HOSPITALIER DE L'AIGLE;Basse Normandie;CH;Oui
2013;610780082;CENTRE HOSPITALIER ALENCON;Basse Normandie;CH;Oui
2013;610780090;CENTRE HOSPITALIER ARGENTAN;Basse Normandie;CH;Oui
2013;610780124;CENTRE HOSPITALIER MORTAGNE;Basse Normandie;CH;Oui
2013;610780371;CENTRE DE SOINS DE SUITE LE PARC;Basse Normandie;ESPIC/EBNL;Oui
2013;610784423;CMPR DE BAGNOLES DE L'ORNE;Basse Normandie;ESPIC/EBNL;Oui
2013;610790594;C. H. INTERCOMMUNAL DES ANDAINES;Basse Normandie;CH;Oui
2013;620000026;ETAB HOPALE CTRE CALOT/HELIO;Nord Pas de Calais;ESPIC/EBNL;Oui
2013;620003350;POLYCLINIQUE RIAUMONT DE LIEVIN;Nord Pas de Calais;ESPIC/EBNL;Oui
2013;620012948;CLINIQUE MAHAUT DE TERMONDE;Nord Pas de Calais;Privé;Oui
2013;620025346;POLYCLINIQUE DE DIVION;Nord Pas de Calais;ESPIC/EBNL;Oui
2013;620026401;HOPALE REEDUCATION-CENTRE ARRAS;Nord Pas de Calais;Privé;Oui
2013;620027664;ETABLISSEMENT HOPALE-CENTRE CALVÉ;Nord Pas de Calais;ESPIC/EBNL;Oui
2013;620100016;MARITIME DE BERCK;Ile de France;CHU;Oui
2013;620100057;CENTRE HOSPITALIER D'ARRAS;Nord Pas de Calais;CH;Oui
2013;620100073;CENTRE HOSPITALIER BAPAUME;Nord Pas de Calais;CH;Oui
2013;620100081;HOP. LOCAL DE ST POL S/ TERNOISE;Nord Pas de Calais;CH;Oui
2013;620100099;HOPITAL PRIVE ARRAS LES BONNETTES;Nord Pas de Calais;Privé;Oui
2013;620100487;CLINIQUE DES ACACIAS;Nord Pas de Calais;Privé;Oui
2013;620100495;CLINIQUE LES DRAGS CONVALESCENCE;Nord Pas de Calais;Privé;Oui
2013;620100651;CTRE HOSPITALIER BETHUNE-BEUVRY;Nord Pas de Calais;CH;Oui
2013;620100669;CENTRE HOSPITALIER CARVIN;Nord Pas de Calais;CH;Oui
2013;620100685;CENTRE HOSPITALIER DE LENS;Nord Pas de Calais;CH;Oui
2013;620100842;CENTRE DE RÉADAPTATION FONCTIONNELLE OIGNIES;Nord Pas de Calais;ESPIC/EBNL;Oui
2013;620101311;CLINIQUE DES 2 CAPS;Nord Pas de Calais;Privé;Oui
2013;620101337;CENTRE HOSPITALIER DE CALAIS;Nord Pas de Calais;CH;Oui
2013;620101360;C.H. REGION DE SAINT-OMER;Nord Pas de Calais;CH;Oui
2013;620102954;"UNIRÉ DE GÉRONTOLOGIE ""LE SURGEON"" BULLY LES MINES";Nord Pas de Calais;ESPIC/EBNL;Oui
2013;620103432;CH ARRONDISSEMENT DE MONTREUIL;Nord Pas de Calais;CH;Oui
2013;620103440;CENTRE HOSPITALIER DE BOULOGNE;Nord Pas de Calais;CH;Oui
2013;620105940;POLYCLINIQUE DU TERNOIS;Nord Pas de Calais;Privé;Oui
2013;620106203;"UNITÉ DE CONVALESCENCE ET DE SOINS ""LA ROSERAIE"" BRUAY LABUISSIERE";Nord Pas de Calais;ESPIC/EBNL;Oui
2013;620117606;"CENTRE ""LA MANAIE"" AUCHEL";Nord Pas de Calais;ESPIC/EBNL;Oui
2013;630000131;CLINIQUE CARDIO PNEUMOLOGIE;Auvergne;ESPIC/EBNL;Oui
2013;630000487;CENTRE NOTRE DAME;Auvergne;ESPIC/EBNL;Oui
2013;630010510;CLINIQUE DES 6 LACS;Auvergne;Privé;Oui
2013;630180032;CENTRE MEDICO THERMAL;Auvergne;CH;Oui
2013;630780179;CENTRE D'HOSPITALISATION DE CHANAT;Auvergne;ESPIC/EBNL;Oui
2013;630780302;CENTRE MEDICAL ETIENNE CLEMENTEL;Auvergne;CH;Oui
2013;630780526;CENTRE MEDICAL LES SAPINS;Auvergne;ESPIC/EBNL;Oui
2013;630780997;CENTRE HOSPITALIER AMBERT;Auvergne;CH;Oui
2013;630781029;CENTRE HOSPITALIER THIERS;Auvergne;CH;Oui
2013;630783348;CMPR MAURICE GANTCHOULA;Auvergne;ESPIC/EBNL;Oui
2013;630785756;CRF MICHEL BARBAT;Auvergne;ESPIC/EBNL;Oui
2013;640005591;L.M.C.  LES JEUNES CHENES;Aquitaine;Privé;Oui
2013;640010518;CENTRE MEDICAL LEON DIEUDONNE;Aquitaine;Privé;Oui
2013;640780185;LES EMBRUNS;Aquitaine;ESPIC/EBNL;Oui
2013;640780227;LA NIVE;Aquitaine;ESPIC/EBNL;Oui
2013;640780417;CENTRE HOSPITALIER COTE BASQUE;Aquitaine;CH;Oui
2013;640780557;CENTRE MEDICAL TOKI-EDER;Aquitaine;ESPIC/EBNL;Oui
2013;640780581;CTRE PNEUMOLOGIE LES TERRASSES;Aquitaine;Privé;Oui
2013;640780607;LA MAISON BASQUE;Aquitaine;Privé;Oui
2013;640780623;CENTRE ANNIE ENIA;Aquitaine;Privé;Oui
2013;640780631;CENTRE GRANCHER-CYRANO;Aquitaine;Privé;Oui
2013;640780649;CENTRE PNEUMOLOGIE  LANDOUZY;Aquitaine;Privé;Oui
2013;640780672;CTRE READAP FONCT MARIENIA;Aquitaine;Privé;Oui
2013;640780714;MAISON SAINT VINCENT VILLA CONCHA;Aquitaine;ESPIC/EBNL;Oui
2013;640780813;HOPITAL ORTHEZ;Aquitaine;CH;Oui
2013;640781225;CLINIQUE CARDIOLOGIQUE ARESSY (SNECCA);Aquitaine;Privé;Oui
2013;640781290;CENTRE HOSPITALIER PAU;Aquitaine;CH;Oui
2013;640781340;MAIS REPOS ET CONV STE ODILE;Aquitaine;Privé;Oui
2013;640787149;CRF EN MILIEU THERMAL;Aquitaine;Privé;Oui
2013;640787156;CLINIQUE FONDATION LURO;Aquitaine;Privé;Oui
2013;640789426;MAIS REPOS CONVAL LES ACACIAS;Aquitaine;Privé;Oui
2013;640790150;MARIN DE HENDAYE;Ile de France;CHU;Oui
2013;650780158;CH LOURDES;Midi Pyrénées;CH;Oui
2013;650780166;CH BAGNERES-DE-BIGORRE;Midi Pyrénées;CH;Oui
2013;650780190;HOPITAL LE MONTAIGU;Midi Pyrénées;CH;Oui
2013;650780398;CENTRE MEDICAL L'ARBIZON;Midi Pyrénées;ESPIC/EBNL;Oui
2013;650783160;CH DE BIGORRE;Midi Pyrénées;CH;Oui
2013;660000605;CENTRE DOCTEUR BOUFFARD-VERCELLI;Languedoc Roussillon;ESPIC/EBNL;Oui
2013;660005166;CENTRE CONVALESCENCE ST CHRISTOPHE;Languedoc Roussillon;Privé;Oui
2013;660007006;CENTRE LES ESCALDES;Languedoc Roussillon;ESPIC/EBNL;Oui
2013;660780099;MAISON CONVALESCENCE ET REPOS AL SOLA;Languedoc Roussillon;Privé;Oui
2013;660780156;CENTRE LE VALLESPIR;Languedoc Roussillon;ESPIC/EBNL;Oui
2013;660780172;CENTRE HELIO MARIN BANYULS SUR MER;Languedoc Roussillon;ESPIC/EBNL;Oui
2013;660780180;CH PERPIGNAN;Languedoc Roussillon;CH;Oui
2013;660780271;HL PRADES;Languedoc Roussillon;CH;Oui
2013;660780347;CLINIQUE DU SOUFFLE LA SOLANE;Languedoc Roussillon;Privé;Oui
2013;660780370;MAISON DE REPOS ET DE CONVALESCENCE LE CHATEAU BLEU;Languedoc Roussillon;ESPIC/EBNL;Oui
2013;660780636;C.R.F. MER AIR SOLEIL;Languedoc Roussillon;Privé;Oui
2013;660780743;SAINT JOSEPH DE SUPERVALTECH;Languedoc Roussillon;Privé;Oui
2013;660780800;SOLEIL CERDAN;Languedoc Roussillon;Privé;Oui
2013;660780842;VAL PYRENE;Languedoc Roussillon;Privé;Oui
2013;660781097;M.S.M SUNNY COTTAGE;Languedoc Roussillon;Privé;Oui
2013;660781287;C.R.F. LE FLORIDE;Languedoc Roussillon;Privé;Oui
2013;660790163;C.R.F LA PINEDE;Languedoc Roussillon;Privé;Oui
2013;670000215;HOPITAL-MAISON DE RETRAITE LE NEUENBERG;Alsace;ESPIC/EBNL;Oui
2013;670002278;CLINIQUE DU RIED SCHILTIGHEIM;Alsace;Privé;Oui
2013;670014992;ETAB. DE SOINS DE SUITE AMRESO BETHEL;Alsace;ESPIC/EBNL;Oui
2013;670016153;CRF MUESBERG SITE OBERNAI;Alsace;ESPIC/EBNL;Oui
2013;670016237;CLINIQUE SAINTE ODILE STRASBOURG;Alsace;Privé;Oui
2013;670780055;HOPITAUX UNIVERSITAIRES DE STRASBOURG;Alsace;CHU;Oui
2013;670780121;UGECAM-C.R.F. CLEMENCEAU  STRASBOURG;Alsace;ESPIC/EBNL;Oui
2013;670780188;CLINIQUE SAINTE-BARBE - GHSV;Alsace;ESPIC/EBNL;Oui
2013;670780337;CENTRE HOSPITALIER DE HAGUENAU;Alsace;CH;Oui
2013;670780345;CENTRE HOSPITALIER DE SAVERNE;Alsace;CH;Oui
2013;670780493;"CENTRE DE POSTCURE ""CHÂTEAU WALK""";Alsace;ESPIC/EBNL;Oui
2013;670780501;CENTRE DE SOINS DE SUITE OU DE READAPTATION DE MARIENBRONN;Alsace;ESPIC/EBNL;Oui
2013;670780543;CENTRE HOSPITALIER  WISSEMBOURG;Alsace;CH;Oui
2013;670780550;CENTRE DE READAPTATION FONCTIONNELLE DE MORSBRONN LES BAINS;Alsace;ESPIC/EBNL;Oui
2013;670780584;ETS HOSPITAL. DEP. BISCHWILLER;Alsace;CH;Oui
2013;670780592;CENTRE MEDICAL DE NIEDERBRONN LES BAINS;Alsace;ESPIC/EBNL;Oui
2013;670780600;ETABLISSEMENT MEDICAL DE LIEBFRAUENTHAL;Alsace;ESPIC/EBNL;Oui
2013;670780675;HÔPITAL DE ROSHEIM;Alsace;CH;Oui
2013;670780717;HÔPITAL LOCAL D'ERSTEIN;Alsace;CH;Oui
2013;670780873;UGECAM-CENTRE MEDICAL DE SAALES;Alsace;ESPIC/EBNL;Oui
2013;670780915;CENTRE DE READAPTATION DE SCHIRMECK;Alsace;ESPIC/EBNL;Oui
2013;680000072;UGECAM-C. M. LE SCHIMMEL MASEVAUX;Alsace;ESPIC/EBNL;Oui
2013;680000130;CENTRE DE READAPTATION DE MULHOUSE;Alsace;ESPIC/EBNL;Oui
2013;680000171;HÔPTAL DE SIERENTZ;Alsace;CH;Oui
2013;680000189;MAISON REPOS CONV. SENTHEIM;Alsace;Privé;Oui
2013;680000197;POLYCLIN. 3 FRONTIERES ST-LOUIS;Alsace;Privé;Oui
2013;680000221;HÔPITAL SAINT VINCENT ODEREN;Alsace;ESPIC/EBNL;Oui
2013;680000247;"UGECAM-CENTRE MEDICAL ""LALANCE"" DE LUTTERBACH";Alsace;ESPIC/EBNL;Oui
2013;680000296;CENTRE MEDICAL DE LUPPACH;Alsace;ESPIC/EBNL;Oui
2013;680000312;CLINIQUE SAINT DAMIEN MULHOUSE;Alsace;ESPIC/EBNL;Oui
2013;680000346;CENTRE HOSPITALIER DE CERNAY;Alsace;CH;Oui
2013;680000486;CENTRE HOSPITALIER DE MULHOUSE;Alsace;CH;Oui
2013;680000973;CENTRE HOSPITALIER DE COLMAR;Alsace;CH;Oui
2013;680000981;EPS DR THUET ENSISHEIM;Alsace;CH;Oui
2013;680001005;CENTRE HOSPITALIER DE GUEBWILLER;Alsace;CH;Oui
2013;680001088;HÔPITAL LOCAL DE SOULTZ;Alsace;CH;Oui
2013;680001112;HOPITAL LOCAL  LOEWEL MUNSTER;Alsace;CH;Oui
2013;680001138;HÔPITAL LOCAL DE RIBEAUVILLE;Alsace;CH;Oui
2013;680001195;GROUPE HOSPITALIER PRIVE CENTRE ALSACE DE COLMAR;Alsace;ESPIC/EBNL;Oui
2013;680001237;"UGECAM-CRF ""LE MUESBERG""";Alsace;ESPIC/EBNL;Oui
2013;680001310;CENTRE MEDICAL SAINTE ANNE  JUNGHOLTZ;Alsace;ESPIC/EBNL;Oui
2013;680001328;CENTRE MEDICAL NATIONAL DE LA MGEN;Alsace;ESPIC/EBNL;Oui
2013;680012648;HL INTERCOM. KAYSERSBERG & AMMERSCHWIHR;Alsace;CH;Oui
2013;690000245;HOPITAL DE FOURVIERE;Rhône Alpes;ESPIC/EBNL;Oui
2013;690000401;CENTRE MEDICAL DE L'ARGENTIERE;Rhône Alpes;ESPIC/EBNL;Oui
2013;690000419;NOTRE DAME DU GRAND PORT;Rhône Alpes;ESPIC/EBNL;Oui
2013;690000427;C.M.C.R DES MASSUES;Rhône Alpes;ESPIC/EBNL;Oui
2013;690001524;CENTRE GERMAINE REVEL;Rhône Alpes;ESPIC/EBNL;Oui
2013;690010749;H L INTERCOMMUNAL THIZY BOURG DE THIZY COURS LA VILLE;Rhône Alpes;CH;Oui
2013;690010848;CENTRE SSR IRIS SAINT PRIEST;Rhône Alpes;Privé;Oui
2013;690012109;CENTRE BAYARD;Rhône Alpes;Privé;Oui
2013;690025366;CRF  I.R.I.S. LYON 8;Rhône Alpes;Privé;Oui
2013;690030119;CLINIQUE LA MAJOLANE;Rhône Alpes;Privé;Oui
2013;690030283;CRF LES LILAS;Rhône Alpes;Privé;Oui
2013;690780036;CENTRE HOSPITALIER GIVORS;Rhône Alpes;CH;Oui
2013;690780069;HOPITAL LOCAL DE CONDRIEU;Rhône Alpes;CH;Oui
2013;690780077;HOPITAL LOCAL DE NEUVILLE SUR SAONE;Rhône Alpes;CH;Oui
2013;690780150;HOPITAL DE L'ARBRESLE;Rhône Alpes;ESPIC/EBNL;Oui
2013;690780200;CLINIQUE EMILIE DE VIALAR;Rhône Alpes;Privé;Oui
2013;690780481;CENTRE MED.DE GERIATRIE PRESLES;Rhône Alpes;Privé;Oui
2013;690780655;HÔPITAL PRIVE DE L'EST LYONNAIS;Rhône Alpes;Privé;Oui
2013;690781026;CLYRESS CRF VAL ROSAY;Rhône Alpes;ESPIC/EBNL;Oui
2013;690781737;POLE GERONTO CROIX ROUGE - CHARMETTES;Rhône Alpes;ESPIC/EBNL;Oui
2013;690782222;HOPITAL NORD OUEST - VILLEFRANCHE;Rhône Alpes;CH;Oui
2013;690782230;H.L  DE BELLEVILLE;Rhône Alpes;CH;Oui
2013;690782248;HOPITAL LOCAL BEAUJEU;Rhône Alpes;CH;Oui
2013;690782420;CENTRE MEDICAL DE BAYERE;Rhône Alpes;ESPIC/EBNL;Oui
2013;690782925;CENTRE HOSPITALIER  GERIATRIQUE DU MONT D'OR;Rhône Alpes;CH;Oui
2013;690783154;HOPITAL EDOUARD HERRIOT;Rhône Alpes;CHU;Oui
2013;690784137;GROUPEMENT HOSPITALIER SUD;Rhône Alpes;CHU;Oui
2013;690784244;POLE GERONTOLOGIQUE CROIX ROUGE - PINEDE;Rhône Alpes;ESPIC/EBNL;Oui
2013;690787478;GROUPEMENT HOSPITALIER GERIATRIQUE;Rhône Alpes;CHU;Oui
2013;690791082;CENTRE SPECIALISE LES BRUYERES;Rhône Alpes;Privé;Oui
2013;690803044;CRF  I.R.I.S. MARCY;Rhône Alpes;Privé;Oui
2013;700000045;CLINIQUE MÉDICALE BRUGNON AGACHE BEAUJEU;Franche Comté;ESPIC/EBNL;Oui
2013;700004591;CHI DE LA HAUTE-SAÔNE;Franche Comté;CH;Oui
2013;700780042;CRF BRETEGNIER HERICOURT;Franche Comté;Privé;Oui
2013;700784887;CRF DE NAVENNE;Franche Comté;Privé;Oui
2013;710002569;CENTRE SSR DU CHALONNAIS;Bourgogne;Privé;Oui
2013;710006859;POLYCLINIQUE DU VAL DE SAONE;Bourgogne;Privé;Oui
2013;710780081;SARL LA ROSERAIE;Bourgogne;Privé;Oui
2013;710780156;CH CENTRE MÉDICAL LA GUICHE;Bourgogne;CH;Oui
2013;710780214;HOPITAL LOCAL LOUHANS;Bourgogne;CH;Oui
2013;710780263;"C.H.G. ""LES CHANAUX""";Bourgogne;CH;Oui
2013;710780644;CENTRE HOSPITALIER DE PARAY;Bourgogne;CH;Oui
2013;710780958;CENTRE HOSPITALIER WILLIAM MOREY;Bourgogne;CH;Oui
2013;710781014;CENTRE HOSPITALIER DE CHAROLLES;Bourgogne;CH;Oui
2013;710781089;HOPITAL LOCAL CLUNY;Bourgogne;CH;Oui
2013;710781139;CMPR MARDOR;Bourgogne;Privé;Oui
2013;710781345;CENTRE DE CONVALESCENCE TOULON-SUR-ARROUX;Bourgogne;CH;Oui
2013;710781360;HOPITAL LOCAL BELNAY;Bourgogne;CH;Oui
2013;710781386;HOPITAL LOCAL DE TRAMAYES;Bourgogne;CH;Oui
2013;710781535;CRF LE BOURBONNAIS;Bourgogne;ESPIC/EBNL;Oui
2013;710781568;C. H. ALIGRE BOURBON-LANCY;Bourgogne;CH;Oui
2013;710781824;CTRE ORTHOPEDIQUE MEDICO-CHIR;Bourgogne;Privé;Oui
2013;710976705;SIH CH MONTCEAU-LES-MINES;Bourgogne;CH;Oui
2013;710977075;MAISON REPOS ET CONVALESCENCE;Bourgogne;Privé;Oui
2013;710977307;LA VARENNE;Bourgogne;Privé;Oui
2013;710978347;HOTEL-DIEU DU CREUSOT;Bourgogne;ESPIC/EBNL;Oui
2013;720000025;CENTRE HOSPITALIER LE MANS;Pays de la Loire;CH;Oui
2013;720000066;CTRE HOSPITALIER CHATEAU DU LOIR;Pays de la Loire;CH;Oui
2013;720000090;HOPITAL LOCAL LE LUDE;Pays de la Loire;CH;Oui
2013;720000140;CENTRE HOSPITALIER SAINT-CALAIS;Pays de la Loire;CH;Oui
2013;720000389;CENTRE MEDICAL GEORGES COULON;Pays de la Loire;ESPIC/EBNL;Oui
2013;720000413;CENTRE MEDICAL F. GALLOUEDEC;Pays de la Loire;ESPIC/EBNL;Oui
2013;720000744;CENTRE READAPT FONCT L'ARCHE;Pays de la Loire;ESPIC/EBNL;Oui
2013;720006022;CTRE HOSPITALIER  FERTE BERNARD;Pays de la Loire;CH;Oui
2013;720012509;CENTRE DE SOINS DE SUITE DE ROUGEMONT;Pays de la Loire;Privé;Oui
2013;720016724;POLE SANTE SARTHE ET LOIR;Pays de la Loire;CH;Oui
2013;730000015;CENTRE HOSPITALIER CHAMBERY;Rhône Alpes;CH;Oui
2013;730002839;C.H.I. ALBERTVILLE MOUTIERS;Rhône Alpes;CH;Oui
2013;730004298;HOPITAL PRIVE MEDIPOLE DE SAVOIE;Rhône Alpes;Privé;Oui
2013;730780103;CENTRE HOSPITALIER  ST JEAN DE MAURIENNE;Rhône Alpes;CH;Oui
2013;730780111;CENTRE HOSPITALIER  AIX LES BAINS;Rhône Alpes;CH;Oui
2013;730780475;CENTRE SSR TRESSERVE ARC EN CIEL;Rhône Alpes;ESPIC/EBNL;Oui
2013;730780558;HOPITAL LOCAL ST PIERRE D'ALBIGNY;Rhône Alpes;CH;Oui
2013;730780988;CTRE READAPT FONCT LE ZANDER;Rhône Alpes;Privé;Oui
2013;740000062;VSHA MARTEL DE JANVILLE;Rhône Alpes;ESPIC/EBNL;Oui
2013;740004148;CRF DU MONT VEYRIER - GROUPE KORIAN;Rhône Alpes;Privé;Oui
2013;740014683;VSHA CH ALPES LÉMAN;Rhône Alpes;ESPIC/EBNL;Oui
2013;740780135;CENTRE MEDICAL SANCELLEMOZ;Rhône Alpes;Privé;Oui
2013;740780143;CENTRE MEDICAL ALEXIS LEAUD;Rhône Alpes;ESPIC/EBNL;Oui
2013;740780176;CLINIQUE KORIAN LES DEUX LYS;Rhône Alpes;Privé;Oui
2013;740780952;MAISON DE REPOS LA MARTERAYE;Rhône Alpes;ESPIC/EBNL;Oui
2013;740780986;CTRE CONVAL CHATEAU BON ATTRAIT;Rhône Alpes;Privé;Oui
2013;740781182;HOPITAL LOCAL ANDREVETAN;Rhône Alpes;CH;Oui
2013;740781208;CENTRE HOSPITALIER RUMILLY;Rhône Alpes;CH;Oui
2013;740781216;H.I. SUD LEMAN VALSERINE;Rhône Alpes;CH;Oui
2013;750000507;CENTRE DE REEDUCATION SAINTE MARIE;Ile de France;ESPIC/EBNL;Oui
2013;750003378;CLINIQUE DU CANAL DE L'OURCQ;Ile de France;Privé;Oui
2013;750014128;CLINIQUE DES BUTTES CHAUMONT;Ile de France;Privé;Oui
2013;750014169;CLINIQUE DE LA JONQUIERE;Ile de France;Privé;Oui
2013;750038739;CTRE DE RÉÉDUC. FCTIONNELLE PORT-ROYAL;Ile de France;Privé;Oui
2013;750041543;HOPITAL BRETONNEAU;Ile de France;CHU;Oui
2013;750042830;CENTRE DE SOINS DE SUITE ROTHSCHILD;Ile de France;Privé;Oui
2013;750047128;CLINIQUE DU PARC DE BELLEVILLE;Ile de France;Privé;Oui
2013;750100042;GROUPE HOSPITALIER  LARIBOISIERE/F. WIDAL;Ile de France;CHU;Oui
2013;750100083;HOPITAL ROTHSCHILD;Ile de France;CHU;Oui
2013;750100216;HOPITAL VAUGIRARD;Ile de France;CHU;Oui
2013;750100299;GROUPE HOSPITALIER  STE PERINE LAGACHE;Ile de France;CHU;Oui
2013;750150088;HOPITAL DES GARDIENS DE LA PAIX;Ile de France;ESPIC/EBNL;Oui
2013;750150146;HOPITAL LEOPOLD BELLAN;Ile de France;ESPIC/EBNL;Oui
2013;750150252;CLINIQUE EDOUARD RIST;Ile de France;ESPIC/EBNL;Oui
2013;750150286;HÔPITAL JEAN JAURÈS;Ile de France;ESPIC/EBNL;Oui
2013;750150344;HOPITAL PRIVE COGNACQ-JAY;Ile de France;ESPIC/EBNL;Oui
2013;750150377;HOPITAL HENRY DUNANT;Ile de France;ESPIC/EBNL;Oui
2013;750300360;HOPITAL DES PEUPLIERS CRF;Ile de France;Privé;Oui
2013;750300766;CLINIQUE BIZET;Ile de France;Privé;Oui
2013;750801441;HOPITAL BROCA/LA ROCHEFOUCAULT;Ile de France;CHU;Oui
2013;760017079;CENTRE DE REEDUCATION DE LA HEVE;Haute Normandie;Privé;Oui
2013;760024042;CHI ELBEUF LOUVIERS;Haute Normandie;CH;Oui
2013;760780049;HOPITAL LOCAL DE GOURNAY EN BRAY;Haute Normandie;CH;Oui
2013;760780064;C.H. DE NEUFCHATEL EN BRAY;Haute Normandie;CH;Oui
2013;760780213;HOPITAL LOCAL DE BARENTIN;Haute Normandie;CH;Oui
2013;760780239;C H U ROUEN;Haute Normandie;CHU;Oui
2013;760780619;CLINIQUE SAINT HILAIRE;Haute Normandie;Privé;Oui
2013;760780676;RÉSIDENCE CLINIQUE DU CHÂTEAU BLANC;Haute Normandie;ESPIC/EBNL;Oui
2013;760780692;CRMPR LES HERBIERS BOIS GUILLAUME;Haute Normandie;ESPIC/EBNL;Oui
2013;760780726;CH DU HAVRE;Haute Normandie;CH;Oui
2013;760780734;CENTRE HOSPITALIER DE FECAMP;Haute Normandie;CH;Oui
2013;760780742;CHI CAUX VALLEE DE SEINE;Haute Normandie;CH;Oui
2013;760780981;M.REPOS ET CONVA. LES JONQUILLES;Haute Normandie;Privé;Oui
2013;760781054;CENTRE SSR ASS LADAPT HAUTE NORMANDIE;Haute Normandie;ESPIC/EBNL;Oui
2013;760782227;CENTRE HOSPITALIER DURECU LAVOISIER DARNETAL;Haute Normandie;CH;Oui
2013;760782425;CENTRE HOSPITALIER DU BOIS PETIT;Haute Normandie;CH;Oui
2013;760783035;HOPITAL & IFSI CROIX-ROUGE;Haute Normandie;ESPIC/EBNL;Oui
2013;760783159;CLINIQUE DES ESSARTS;Haute Normandie;Privé;Oui
2013;760920603;CENTRE CONVALESCENCE LA ROSERAIE;Haute Normandie;Privé;Oui
2013;760920918;CENTRE SSR MÉRIDIENNE;Haute Normandie;Privé;Oui
2013;770016467;CENTRE DE SOINS DE SUITE CLINEA;Ile de France;Privé;Oui
2013;770016491;CLINIQUE SOLIS;Ile de France;Privé;Oui
2013;770110013;CH DE COULOMMIERS;Ile de France;CH;Oui
2013;770110021;CH DE FONTAINEBLEAU;Ile de France;CH;Oui
2013;770110054;CH DE MELUN;Ile de France;CH;Oui
2013;770110062;CENTRE HOSPITALIER DE MONTEREAU;Ile de France;CH;Oui
2013;770110070;CH DE PROVINS;Ile de France;CH;Oui
2013;770130052;CH DE NEMOURS;Ile de France;CH;Oui
2013;770150019;CENTRE MEDICAL DE FORCILLES;Ile de France;ESPIC/EBNL;Oui
2013;770150043;CTRE MEDICAL BTP RETRAITE;Ile de France;ESPIC/EBNL;Oui
2013;770300218;INSTITUT MÉDICAL DE SERRIS;Ile de France;Privé;Oui
2013;770300259;CLINIQUE LES TROIS SOLEILS;Ile de France;Privé;Oui
2013;770420024;ETABLISSEMENT DE SANTE LE PRIEURE;Ile de France;ESPIC/EBNL;Oui
2013;770700011;CENTRE READAPTATION FONCT COUBERT;Ile de France;ESPIC/EBNL;Oui
2013;770700185;CH DE MEAUX;Ile de France;CH;Oui
2013;770803989;CTRE DE REEDUCATION CARDIAQUE;Ile de France;Privé;Oui
2013;780001236;CHI DE POISSY ST-GERMAIN;Ile de France;CH;Oui
2013;780002697;CHI DE MEULAN LES MUREAUX;Ile de France;CH;Oui
2013;780008298;CLINIQUE ST REMY;Ile de France;Privé;Oui
2013;780018727;CLINIQUE SAINT GERMAIN;Ile de France;Privé;Oui
2013;780110011;CH DE MANTES LA JOLIE;Ile de France;CH;Oui
2013;780110037;HOPITAL PLAISIR GRIGNON;Ile de France;CH;Oui
2013;780110078;CH DE VERSAILLES;Ile de France;CH;Oui
2013;780110094;HOPITAL DU VESINET;Ile de France;CH;Oui
2013;780140075;CENTRE GILBERT RABY;Ile de France;ESPIC/EBNL;Oui
2013;780150017;CESSRIN DE MAISONS LAFFITTE;Ile de France;ESPIC/EBNL;Oui
2013;780150058;RESIDENCE DENIS FORESTIER;Ile de France;ESPIC/EBNL;Oui
2013;780150066;CLINIQUE MEDICALE PORTE VERTE;Ile de France;ESPIC/EBNL;Oui
2013;780300083;CLINIQUE MEDICALE GOUSSONVILLE;Ile de France;Privé;Oui
2013;780300109;CLINIQUE DU VAL DE SEINE;Ile de France;Privé;Oui
2013;780300166;CLINIQUE DU MESNIL;Ile de France;Privé;Oui
2013;780300224;CENTRE DE SOINS DE SUITE SARTROUVILE;Ile de France;Privé;Oui
2013;780300448;CLINIQUE DE L'OUEST;Ile de France;Privé;Oui
2013;780420022;"ETAB. DE SUITE & DE READ.""LE TERRIER""";Ile de France;ESPIC/EBNL;Oui
2013;780420048;CENTRE DE SOINS DE SUITE L'OASIS;Ile de France;Privé;Oui
2013;780530010;CENTRE DE BULLION;Ile de France;CH;Oui
2013;780700027;CTR READP FONC CLIN BAZINCOURT;Ile de France;Privé;Oui
2013;780700050;CENTRE DE REEDUCATION FONCTIONNELLE APARC;Ile de France;Privé;Oui
2013;790000012;CENTRE HOSPITALIER DE NIORT;Poitou Charentes;CH;Oui
2013;790000046;HOPITAL LOCAL DE SAINT MAIXENT;Poitou Charentes;CH;Oui
2013;790000079;HOPITAL LOCAL DE MAULEON;Poitou Charentes;CH;Oui
2013;790000186;MRC CHATEAU DE PARSAY;Poitou Charentes;Privé;Oui
2013;790000681;CRRF LE GRAND FEU;Poitou Charentes;ESPIC/EBNL;Oui
2013;790006654;CTRE HOSPIT. NORD DEUX-SEVRES;Poitou Charentes;CH;Oui
2013;790008064;LE LOGIS DES FRANCS;Poitou Charentes;ESPIC/EBNL;Oui
2013;800000028;CTRE HOSP D'ABBEVILLE;Picardie;CH;Oui
2013;800000036;CTRE HOSP D'ALBERT;Picardie;CH;Oui
2013;800000044;C.H.U. D'AMIENS;Picardie;CHU;Oui
2013;800000051;CTRE HOSP DE CORBIE;Picardie;CH;Oui
2013;800000069;CTRE HOSP DE DOULLENS;Picardie;CH;Oui
2013;800000077;CTRE HOSP DE HAM;Picardie;CH;Oui
2013;800000085;CH INTERCOMMUNAL MONTDIDIER-ROYE;Picardie;CH;Oui
2013;800000135;CTRE HOSP INTERCOM DE LA BAIE DE SOMME;Picardie;CH;Non
2013;800000150;CLINIQUE DU VAL D'ANCRE;Picardie;Privé;Oui
2013;800012528;CENTRE DE REEDUCATION DES 3 VALLEES;Picardie;Privé;Oui
2013;800016727;SOINS DE SUITE POLYVALENTS PAUCHET;Picardie;Privé;Oui
2013;810000158;REFUGE PROTESTANT;Midi Pyrénées;ESPIC/EBNL;Oui
2013;810000232;CENTRE MUTUALISTE REEDUCATION FONCTIONNELLE;Midi Pyrénées;ESPIC/EBNL;Oui
2013;810000331;CH ALBI;Midi Pyrénées;CH;Oui
2013;810000349;CH GAILLAC;Midi Pyrénées;CH;Oui
2013;810000380;CHIC CASTRES-MAZAMET;Midi Pyrénées;CH;Oui
2013;810000398;HOPITAL GRAULHET;Midi Pyrénées;CH;Oui
2013;810000455;CH LAVAUR;Midi Pyrénées;CH;Oui
2013;810003954;CTR RÉADAPTATION PERSONNES AGEES;Midi Pyrénées;ESPIC/EBNL;Oui
2013;810004200;MCR CHATEAU DE CAHUZAC;Midi Pyrénées;Privé;Oui
2013;810101170;CLINIQUE TOULOUSE LAUTREC;Midi Pyrénées;Privé;Oui
2013;820000016;CH MONTAUBAN;Midi Pyrénées;CH;Oui
2013;820000412;CHATEAU DE LONGUES-AYGUES;Midi Pyrénées;Privé;Oui
2013;820002350;CRF MIDI GASCOGNE;Midi Pyrénées;Privé;Oui
2013;820003218;CLINIQUE LA PINEDE;Midi Pyrénées;Privé;Oui
2013;820004950;CHIC CASTELSARRASIN-MOISSAC;Midi Pyrénées;CH;Oui
2013;830000303;HOPITAL LEON BERARD;PACA;ESPIC/EBNL;Oui
2013;830008819;HOPITAL LOCAL DÉPARTEMENTAL LE LUC EN PROVENCE;PACA;CH;Oui
2013;830016556;CL LES ESPERELS;PACA;ESPIC/EBNL;Oui
2013;830017372;CTRE BEAUSEJOUR;PACA;ESPIC/EBNL;Oui
2013;830100012;SAN SALVADOUR;Ile de France;CHU;Oui
2013;830100087;CENTRE LA CHENEVIERE;PACA;Privé;Oui
2013;830100137;CENTRE DE LA SAINTE BAUME;PACA;Privé;Oui
2013;830100517;CH DE BRIGNOLES;PACA;CH;Oui
2013;830100558;HOPITAL RENE SABRAN;Rhône Alpes;CHU;Oui
2013;830100566;CHI FREJUS;PACA;CH;Oui
2013;830100616;CHI TOULON;PACA;CH;Oui
2013;830100624;INSTITUT HELIO-MARIN COTE D'AZUR;PACA;Privé;Oui
2013;830100632;INSTITUT REED. FONCT. POMPONIANA OLBIA;PACA;ESPIC/EBNL;Oui
2013;830100681;CTRE MGEN CHATEAUBRIAND;PACA;ESPIC/EBNL;Oui
2013;830100756;MAISON CONV. LA SALVATE;PACA;Privé;Oui
2013;830100764;INSTITUT MEDICALISE DE MAR VIVO;PACA;Privé;Oui
2013;830100806;CTRE REED FONCT DU BESSILLON;PACA;Privé;Oui
2013;830100814;CENTRE DE CONVALESCENCE HELIADES;PACA;Privé;Oui
2013;830100855;CENTRE DE GERONTO.ST.FRANCOIS;PACA;Privé;Oui
2013;830100863;MAISON DE REGIME SAINT JEAN;PACA;Privé;Oui
2013;830100871;MAIS.CONVAL.STE MARIE DES ANGES;PACA;Privé;Oui
2013;830101408;CENTRE GERIATRIE STE THERESE;PACA;Privé;Oui
2013;830200507;MAIS DE SANTE JEAN LACHENAUD;PACA;ESPIC/EBNL;Oui
2013;840000012;CH DU PAYS D'APT;PACA;CH;Oui
2013;840000038;HL LOUIS PASTEUR BOLLENE;PACA;CH;Oui
2013;840000061;HL DE GORDES;PACA;CH;Oui
2013;840000079;HL DE L' ISLE SUR SORGUE;PACA;CH;Oui
2013;840000087;CH LOUIS GIORGI D'ORANGE;PACA;CH;Oui
2013;840000111;CH  VAISON LA ROMAINE;PACA;CH;Oui
2013;840000129;CH DE VALREAS;PACA;CH;Oui
2013;840000202;MAISON DE REPOS ET CONV. SARRIANS;PACA;ESPIC/EBNL;Oui
2013;840004659;CHI CAVAILLON-LAURIS;PACA;CH;Oui
2013;840006597;CH HENRI DUFFAUT AVIGNON;PACA;CH;Oui
2013;840014088;CTRE DE CONV ET DE READ FONCT LES CYPRES;PACA;Privé;Oui
2013;840014849;CENTRE DE CONVALESCENCE ET DE REEDUCATION DU LAVARIN;PACA;Privé;Oui
2013;840017214;CENTRE MEDICAL DU VENTOUX;PACA;Privé;Oui
2013;850000019;CENTRE HOSPITALIER LA ROCHE/YON - MONTAIGU - LUCON;Pays de la Loire;CH;Oui
2013;850000035;CENTRE HOSPITALIER FONTENAY;Pays de la Loire;CH;Oui
2013;850000084;CTRE HOSPITALIER LES SABLES D'O.;Pays de la Loire;CH;Oui
2013;850000118;CLINIQUE SAINT CHARLES;Pays de la Loire;Privé;Oui
2013;850000357;ASSOCIATION VILLA NOTRE DAME;Pays de la Loire;ESPIC/EBNL;Oui
2013;850000399;CENTRE NATIONAL GERIATRIQUE;Pays de la Loire;ESPIC/EBNL;Oui
2013;850002395;MAISON CONVALESCENCE MARIE NOEL;Pays de la Loire;Privé;Oui
2013;850002403;CENTRE DE MEDECINE PHYSIQUE ET READAPTATION;Pays de la Loire;ESPIC/EBNL;Oui
2013;850009010;CHI LOIRE VENDEE OCEAN;Pays de la Loire;CH;Oui
2013;850011453;HOPITAL LOCAL LA CHATAIGNERAIE;Pays de la Loire;CH;Oui
2013;860009208;CENTRE DE READAPTATION MOULIN VERT;Poitou Charentes;Privé;Oui
2013;860013077;CTRE HOSP. UNIVERSITAIRE DE POITIERS;Poitou Charentes;CHU;Oui
2013;860780063;CENTRE HOSPITALIER DE CHATELLERAULT;Poitou Charentes;CH;Oui
2013;860780071;CENTRE HOSPITALIER DE LOUDUN (RENAUDOT);Poitou Charentes;CH;Oui
2013;860780097;CENTRE HOSPITALIER DE MONTMORILLON;Poitou Charentes;CH;Oui
2013;860780436;LA COLLINE ENSOLEILLEE (UGECAM);Poitou Charentes;ESPIC/EBNL;Oui
2013;860790419;MAISON DE CONVALESCENCE SAINT CHARLES;Poitou Charentes;Privé;Oui
2013;860791268;S.A. L'OREGON;Poitou Charentes;Privé;Oui
2013;860793405;LA GANDILLONNERIE;Poitou Charentes;ESPIC/EBNL;Oui
2013;870000015;CHU  LIMOGES;Limousin;CHU;Oui
2013;870000023;CENTRE HOSPITALIER  ST JUNIEN;Limousin;CH;Oui
2013;870000031;CENTRE HOSPITALIER  ST YRIEIX;Limousin;CH;Oui
2013;870000171;CTRE CONVALESCENCE ET READAPTATION LA CHENAIE;Limousin;ESPIC/EBNL;Oui
2013;870014248;HL INTERCOMMUNAL MONTS ET BARRAGES;Limousin;CH;Oui
2013;870014503;HOPITAL INTERCOMMUNAL DU HAUT-LIMOUSIN;Limousin;CH;Oui
2013;870016631;CTRE PRISE EN CHARGE OBESITE;Limousin;Privé;Oui
2013;880001409;SIREV GOLBEY;Lorraine;CH;Oui
2013;880006325;HOPITAL LOCAL VAL DU MADON;Lorraine;CH;Oui
2013;880007059;CHI EMILE DURKHEIM EPINAL;Lorraine;CH;Oui
2013;880780069;CENTRE HOSPITALIER - GERARDMER;Lorraine;CH;Oui
2013;880780077;CENTRE HOSPITALIER - SAINT DIE;Lorraine;CH;Oui
2013;880780093;CENTRE HOSPITALIER - REMIREMONT;Lorraine;CH;Oui
2013;880780259;HOPITAL LOCAL -  BRUYERES;Lorraine;CH;Oui
2013;880780267;HOPITAL LOCAL CHATEL SUR MOSELLE;Lorraine;CH;Oui
2013;880780291;HOPITAL LOCAL - RAON L'ETAPE;Lorraine;CH;Oui
2013;880780507;MAISON REPOS & CONV SENONES;Lorraine;Privé;Oui
2013;890000037;CH AUXERRE;Bourgogne;CH;Oui
2013;890000250;CROIX ROUGE FRANCAISE MIGENNES;Bourgogne;ESPIC/EBNL;Oui
2013;890000292;MAISON DE REPOS STE COLOMBE;Bourgogne;Privé;Oui
2013;890000409;HOPITAL D'AVALLON;Bourgogne;CH;Oui
2013;890000417;CENTRE HOSPITALIER DE JOIGNY;Bourgogne;CH;Oui
2013;890000433;HOPITAL DE TONNERRE;Bourgogne;CH;Oui
2013;890002389;POLYCLINIQUE STE MARGUERITE;Bourgogne;Privé;Oui
2013;890970569;CENTRE HOSPITALIER SENS;Bourgogne;CH;Oui
2013;900000035;S.A CLINIQUE LA MIOTTE;Franche Comté;Privé;Oui
2013;900000365;CH de Belfort-Montbelliard;Franche Comté;CH;Oui
2013;910002773;CH SUD-FRANCILIEN;Ile de France;CH;Oui
2013;910009919;CENTRE DE RÉÉDUCATION FONCTIONNELLE CHAMPS-ELYSÉES;Ile de France;Privé;Oui
2013;910015965;CLINIQUE LE MOULIN DE VIRY;Ile de France;Privé;Oui
2013;910019447;CHI SUD ESSONNE-DOURDAN-ETAMPES;Ile de France;CH;Oui
2013;910100015;HOPITAL GEORGES CLEMENCEAU;Ile de France;CHU;Oui
2013;910100023;HOPITAL JOFFRE/DUPUYTREN;Ile de France;CHU;Oui
2013;910110014;CH D'ARPAJON;Ile de France;CH;Oui
2013;910110055;CH DE LONGJUMEAU;Ile de France;CH;Oui
2013;910110063;CH D'ORSAY;Ile de France;CH;Oui
2013;910150010;CH F.H. MANHES;Ile de France;ESPIC/EBNL;Oui
2013;910150028;CENTRE MEDICAL DE BLIGNY;Ile de France;ESPIC/EBNL;Oui
2013;910150069;HOPITAL LES MAGNOLIAS;Ile de France;ESPIC/EBNL;Oui
2013;910150085;GROUPE HOSPITALIER LES CHEMINOTS;Ile de France;ESPIC/EBNL;Oui
2013;910300029;CLINIQUE CHIRURGICALE D'ATHIS;Ile de France;Privé;Oui
2013;910300045;CLINIQUE LES JARDINS DE BRUNOY;Ile de France;Privé;Oui
2013;910300060;CLIN GERIATRIQUE LES  VALLEES;Ile de France;Privé;Oui
2013;910300151;CLINIQUE MEDICALE SAINT CÔME;Ile de France;Privé;Oui
2013;910300235;CLINIQUE DE SACLAS;Ile de France;Privé;Oui
2013;910300276;CLINIQUE DE REEDUCATION FONCTIONNELLE DE VILLIERS;Ile de France;Privé;Oui
2013;910811322;MAISON DE SANTE GERIAT LA MARTINIERE;Ile de France;ESPIC/EBNL;Oui
2013;920000635;HOPITAL SUISSE DE PARIS;Ile de France;ESPIC/EBNL;Oui
2013;920005238;CLINIQUE DU PONT DE SEVRES;Ile de France;Privé;Oui
2013;920009909;CENTRE HOSPITALIER DES QUATRE VILLES;Ile de France;CH;Oui
2013;920014099;CTRE REEDUC FONCTIONNELLE PARIS NORD;Ile de France;Privé;Oui
2013;920016698;CMPR DU SUD PARISIEN;Ile de France;ESPIC/EBNL;Oui
2013;920026374;CHI COURBEVOIE-NEUILLY-PUTEAUX;Ile de France;CH;Oui
2013;920100062;HOPITAL CORENTIN CELTON;Ile de France;CHU;Oui
2013;920110020;CASH DE NANTERRE;Ile de France;CH;Oui
2013;920110053;CH DEPARTEMENTAL STELL;Ile de France;CH;Oui
2013;920150018;HOPITAL GOUIN;Ile de France;ESPIC/EBNL;Oui
2013;920150075;HÔPITAL CITE DES FLEURS;Ile de France;ESPIC/EBNL;Oui
2013;920300258;CENTRE DE SOINS DE SUITE ET READAPTATION CARDIO-VASCULAIRE;Ile de France;Privé;Oui
2013;920300266;CLINIQUE DU PLATEAU;Ile de France;Privé;Oui
2013;920300381;CLINIQUE DE SOINS DE SUITE REPOTEL;Ile de France;Privé;Oui
2013;920300423;CLINIQUE VILLA MARIE LOUISE;Ile de France;Privé;Oui
2013;920300464;HOPITAL SAINT-JEAN DES GRESILLONS;Ile de France;ESPIC/EBNL;Oui
2013;920300480;CLINIQUE DU PARC DE VANVES;Ile de France;Privé;Oui
2013;920300563;CLINIQUE LAENNEC;Ile de France;Privé;Oui
2013;920300886;CLINIQUE DU MONT VALERIEN;Ile de France;Privé;Oui
2013;920300985;HOPITAL NORD 92;Ile de France;ESPIC/EBNL;Oui
2013;920420023;CLINIQUE DE L'ERMITAGE;Ile de France;Privé;Oui
2013;920710654;FONDATION ROGUET DE CLICHY;Ile de France;CH;Oui
2013;920711512;CLINIQUE DE SOINS DE SUITE L'AMANDIER;Ile de France;Privé;Oui
2013;920808037;"CENTRE DE GÉRONTOLOGIE ""LES ABONDANCES""";Ile de France;CH;Oui
2013;930006648;CENTRE DE MEDECINE PHYSIQUE ET DE READAPTATION DE BOBIGNY;Ile de France;Privé;Oui
2013;930009188;CLINIQUE DE READAPTATION DE PIERREFITTE;Ile de France;Privé;Oui
2013;930011788;CENTRE DE SOINS DE SUITE DU BOIS D'AMOUR;Ile de France;Privé;Oui
2013;930013818;CLINIQUE DU GRAND STADE;Ile de France;Privé;Oui
2013;930017512;CENTRE SSR DU BOURGET;Ile de France;Privé;Oui
2013;930019203;CLINIQUE DU PRE SAINT GERVAIS;Ile de France;Privé;Oui
2013;930020987;CLINIQUE DES PLATANES;Ile de France;Privé;Oui
2013;930021001;INSTITUT MÉDICALISÉ DE ROMAINVILLE;Ile de France;Privé;Oui
2013;930021480;GHI LE RAINCY-MONTFERMEIL;Ile de France;CH;Oui
2013;930023692;CRF CLINEA LIVRY;Ile de France;Privé;Oui
2013;930100011;HOPITAL RENE MURET;Ile de France;CHU;Oui
2013;930110051;CH DE ST DENIS;Ile de France;CH;Oui
2013;930150057;MAISON SANTE MEDICALE LES FLORALIES;Ile de France;ESPIC/EBNL;Oui
2013;930300140;CLINIQUE AMBROISE PARE;Ile de France;Privé;Oui
2013;930300280;CLINIQUE LIVRY-SULLY;Ile de France;Privé;Oui
2013;930300546;CLINIQUE DE LA PORTE DE PARIS;Ile de France;Privé;Oui
2013;930300553;CLINIQUE DE L'ESTREE;Ile de France;Privé;Oui
2013;930300678;CLINIQUE DE NOISY-LE-SEC;Ile de France;Privé;Oui
2013;930300686;CLINIQUE DE L'AURORE;Ile de France;Privé;Oui
2013;930500012;ETAB. HOSPITALIER STE-MARIE;Ile de France;ESPIC/EBNL;Oui
2013;940008139;CLINIQUE MONET;Ile de France;Privé;Oui
2013;940016819;LES HOPITAUX DE SAINT-MAURICE;Ile de France;CH;Oui
2013;940100035;HOPITAL CHARLES FOIX;Ile de France;CHU;Oui
2013;940100050;HOPITAL EMILE ROUX;Ile de France;CHU;Oui
2013;940100068;HOPITAL PAUL BROUSSE;Ile de France;CHU;Oui
2013;940110018;CHI DE CRETEIL;Ile de France;CH;Oui
2013;940140023;CENTRE HOSPITALIER LES MURETS;Ile de France;CH;Oui
2013;940300080;CLINIQUE DE CHOISY LE ROI;Ile de France;Privé;Oui
2013;940300163;CLINIQUE LES TOURNELLES;Ile de France;Privé;Oui
2013;940300452;POLYCLINIQUE DIETETIQUE DE VILLECRESNES;Ile de France;Privé;Oui
2013;940300502;CLINIQUE DU DOCTEUR BOYER;Ile de France;Privé;Oui
2013;940300577;CLINIQUE DU PERREUX;Ile de France;Privé;Oui
2013;940700032;CRF ET D'APPAREILLAGE VALENTON;Ile de France;ESPIC/EBNL;Oui
2013;940700040;CTRE READAPT FONCT DE VILLIERS;Ile de France;ESPIC/EBNL;Oui
2013;940813090;SA NOUVELLE CLINIQUE LA CONCORDE;Ile de France;Privé;Oui
2013;950000406;HOPITAL DE L'ISLE-ADAM;Ile de France;ESPIC/EBNL;Oui
2013;950013870;CHI D'EAUBONNE-MONTMORENCY;Ile de France;CH;Oui
2013;950015289;GROUPEMENT HOSP INTERCOMMUNAL DU VEXIN;Ile de France;CH;Oui
2013;950100016;HOPITAL CHARLES RICHET;Ile de France;CHU;Oui
2013;950110015;CH D'ARGENTEUIL;Ile de France;CH;Oui
2013;950110049;CH DE GONESSE;Ile de France;CH;Oui
2013;950110080;CH DE PONTOISE;Ile de France;CH;Oui
2013;950150011;CL DIETETIQUE GERONTOLOGIQUE ENNERY;Ile de France;ESPIC/EBNL;Oui
2013;950300087;CENTRE DE SOINS DE SUITE BELLOY;Ile de France;Privé;Oui
2013;950300103;CLINIQUE DE SOINS DE SUITE DE BEZONS;Ile de France;Privé;Oui
2013;950300152;CLINIQUE MIRABEAU MONTD'EAUBONNE;Ile de France;Privé;Oui
2013;950300194;CLINIQUE DU CHATEAU D'HERBLAY;Ile de France;Privé;Oui
2013;950300277;HOPITAL PRIVE NORD PARISIEN;Ile de France;Privé;Oui
2013;950300301;CLINIQUE MEDICALE DU PARC;Ile de France;Privé;Oui
2013;950300327;CENTRE DE REEDUCATION FONCTIONNELLE CHAMP NOTRE DAME;Ile de France;Privé;Oui
2013;950300376;CLINIQUE DES SOURCES;Ile de France;Privé;Oui
2013;950420042;CLINIQUE DE L'OSERAIE;Ile de France;Privé;Oui
2013;950500033;CENTRE HOSPITALIER DE CARNELLE;Ile de France;CH;Oui
2013;950500041;LE PARC HOPITAL DE TAVERNY;Ile de France;CH;Oui
2013;950700021;CTRE READAPT CHATAIGNERAIE MENUCOURT;Ile de France;ESPIC/EBNL;Oui
2013;970100111;LES NOUVELLES EAUX VIVES;Guadeloupe;Privé;Oui
2013;970100129;CLINIQUE LA VIOLETTE;Guadeloupe;Privé;Oui
2013;970100194;CH BEAUPERTHUY;Guadeloupe;CH;Oui
2013;970100285;CENTRE HOSPITALIER  M.SELBONNE;Guadeloupe;CH;Oui
2013;970102596;CLINIQUE DE CHOISY;Guadeloupe;Privé;Oui
2013;970104477;CLINIQUE MANIOUKANI;Guadeloupe;Privé;Oui
2013;970202156;HOPITAL DU MARIN;Martinique;CH;Oui
2013;970202222;HOPITAL LOCAL DU FRANCOIS;Martinique;CH;Non
2013;970203303;LA VALERIANE;Martinique;Privé;Oui
2013;970208104;CENTRE DE RÉÉDUCATION FONCTIONNELLE ET SOINS DE SUITE ANSE COLAS;Martinique;Privé;Oui
2013;970208906;CHI DE LORRAIN/BASSE-POINTE;Martinique;CH;Oui
2013;970211157;CENTRE HOSPITALIER NORD CARAIBE;Martinique;CH;Oui
2013;970404109;INSTITUT ROBERT DEBRÉ;Océan Indien;Privé;Oui
2013;970404588;CLINIQUE LES TAMARINS (C.R.F.);Océan Indien;Privé;Oui
2013;970406203;CLINIQUE DE LA PAIX;Océan Indien;Privé;Oui
2013;970406245;CLINIQUE DE SAINT JOSEPH;Océan Indien;Privé;Oui
2013;970408589;CENTRE HOSPITALIER REGIONAL REUNION;Océan Indien;CHU;Oui
2013;970463113;MAISON DES OLIVIERS;Océan Indien;Privé;Oui
