Raison_sociale;Libelle_region;cat;finess;Sources;rcp2_c2_den_etbt;rcp2_c2_etbt;rcp2_c2_icbas_etbt;rcp2_c2_ichaut_etbt
CENTRE HOSPITALIER BOURG EN BRESSE;Rhône Alpes;CH;010780054;2013;60;98.33;91;99
CENTRE HOSPITALIER DE BELLEY;Rhône Alpes;CH;010780062;2013;33;72.73;54;87
CLINIQUE CONVERT BOURG-EN-B.;Rhône Alpes;Privé;010780195;2013;60;51.67;38;65
CLINIQUE MUTUALISTE - AMBERIEU-EN-B.;Rhône Alpes;Privé;010780203;2013;22;45.45;24;68
CTRE  HOSP DE SAINT QUENTIN;Picardie;CH;020000063;2013;60;55;42;68
CTRE HOSP DE LAON;Picardie;CH;020000253;2013;60;98.33;91;99
CTRE HOSP DE SOISSONS;Picardie;CH;020000261;2013;60;80;68;89
CENTRE HOSPITALIER DE CHAUNY;Picardie;CH;020000287;2013;13;69.23;39;91
CLINIQUE SAINT CHRISTOPHE;Picardie;Privé;020000360;2013;44;54.55;39;70
POLICLINIQUE ST CLAUDE;Picardie;Privé;020010047;2013;60;98.33;91;99
CTRE HOSPITALIER MOULINS YZEURE;Auvergne;CH;030780092;2013;60;76.67;64;87
CENTRE HOSPITALIER MONTLUCON;Auvergne;CH;030780100;2013;60;51.67;38;65
CENTRE HOSPITALIER VICHY;Auvergne;CH;030780118;2013;60;71.67;59;83
POLYCL PERGOLA - VICHY;Auvergne;Privé;030780548;2013;60;65;52;77
CL ST-FRANC ST ANT -DESERTINE;Auvergne;Privé;030781116;2013;60;86.67;75;94
POLYCL ST-ODILON - MOULINS;Auvergne;Privé;030785430;2013;50;90;78;97
CH MANOSQUE;PACA;CH;040780215;2013;37;83.78;68;94
CLINIQUE CHIR. TOUTES AURES;PACA;Privé;040780470;2013;14;92.86;66;99
CH DIGNE;PACA;CH;040788879;2013;8;62.5;;
CLINIQUE DES HAUTES-ALPES;PACA;Privé;050000090;2013;60;81.67;70;91
CH DE BRIANCON;PACA;CH;050000116;2013;13;76.92;46;95
CHICAS GAP-SISTERON;PACA;CH;050002948;2013;60;93.33;84;98
CTRE ANTOINE LACASSAGNE;PACA;CLCC;060000528;2013;60;78.33;66;88
HOPITAL PRIVE CANNES OXFORD;PACA;Privé;060021417;2013;60;86.67;75;94
CLINIQUE SAINT FRANCOIS;PACA;Privé;060780442;2013;4;75;;
INSTITUT ARNAULT TZANCK;PACA;Privé;060780491;2013;60;75;62;85
POLYCLINIQUE SAINT-JEAN;PACA;Privé;060780517;2013;60;85;73;93
CLINIQUE DU PALAIS;PACA;Privé;060780590;2013;57;92.98;83;98
CLINIQUE LE MERIDIEN;PACA;Privé;060780665;2013;2;50;;
CLINIQUE SAINT GEORGE;PACA;Privé;060780715;2013;60;100;100;100
CLINIQUE DU PARC IMPERIAL;PACA;Privé;060780723;2013;60;90;79;96
CLINIQUE SANTA MARIA;PACA;Privé;060780756;2013;60;73.33;60;84
CH DE GRASSE;PACA;CH;060780897;2013;60;91.67;82;97
C.H ANTIBES-JUAN LES PINS;PACA;CH;060780954;2013;60;98.33;91;99
CH DE CANNES;PACA;CH;060780988;2013;60;90;79;96
CLINIQUE SAINT ANTOINE;PACA;Privé;060781200;2013;42;100;100;100
C.H.U.  DE  NICE;PACA;CHU;060785011;2013;60;8.33;3;18
CLINIQUE PLEIN CIEL;PACA;Privé;060785219;2013;3;66.67;;
CLINIQUE DE L'ESPERANCE;PACA;Privé;060800166;2013;60;85;73;93
CENTRE HOSPITALIER DES VALS D'ARDECH;Rhône Alpes;CH;070002878;2013;54;88.89;77;96
CH D'ARDECHE MERIDIONALE;Rhône Alpes;CH;070005566;2013;35;62.86;45;79
CLINIQUE DU VIVARAIS;Rhône Alpes;Privé;070780168;2013;60;93.33;84;98
CH D'ARDECHE NORD;Rhône Alpes;CH;070780358;2013;51;94.12;84;99
CLINIQUE DES CEVENNES;Rhône Alpes;Privé;070780408;2013;30;26.67;12;46
CLINIQUE PASTEUR;Rhône Alpes;Privé;070780424;2013;60;63.33;50;75
CH CHARLEVILLE MEZIERES;Champagne Ardenne;CH;080000615;2013;60;53.33;40;66
GCS TERRITORIAL ARDENNE NORD;Champagne Ardenne;ESPIC;080010267;2013;49;10.2;3;22
C H I DU VAL D ARIEGE;Midi Pyrénées;CH;090781774;2013;60;88.33;77;95
CENTRE HOSPITALIER DE TROYES;Champagne Ardenne;CH;100000017;2013;60;58.33;45;71
POLYCL MONTIER LA CELLE;Champagne Ardenne;Privé;100000124;2013;60;73.33;60;84
CLINIQUE DE CHAMPAGNE - TROYES;Champagne Ardenne;Privé;100002351;2013;60;81.67;70;91
CH CARCASSONNE;Languedoc Roussill;CH;110780061;2013;60;95;86;99
CH NARBONNE;Languedoc Roussill;CH;110780137;2013;31;74.19;55;88
POLYCLINIQUE LE LANGUEDOC;Languedoc Roussill;Privé;110780228;2013;60;63.33;50;75
CLINIQUE MONTREAL;Languedoc Roussill;Privé;110780483;2013;60;91.67;82;97
CENTRE HOSPITALIER DE MILLAU;Midi Pyrénées;CH;120004528;2013;60;75;62;85
CH RODEZ;Midi Pyrénées;CH;120780044;2013;60;91.67;82;97
CH VILLEFRANCHE-DE-ROUERGUE;Midi Pyrénées;CH;120780069;2013;60;95;86;99
INSTITUT PAOLI - CALMETTES;PACA;CLCC;130001647;2013;60;83.33;71;92
CLINIQUE DE VITROLLES;PACA;Privé;130008253;2013;22;100;100;100
HPC RESIDENCE DU PARC;PACA;Privé;130037922;2013;57;47.37;34;61
CH DU PAYS D'AIX CHI AIX PERTUIS;PACA;CH;130041916;2013;60;85;73;93
HOP EUROPEEN DESBIEF AMBROISE PARE;PACA;ESPIC;130043664;2013;60;76.67;64;87
APHM HOPITAL NORD;PACA;CHU;130780521;2013;60;93.33;84;98
POLYCLINIQUE DU PARC RAMBOT LA PROVE;PACA;Privé;130781289;2013;60;81.67;70;91
CLINIQUE JEANNE D'ARC;PACA;Privé;130781370;2013;29;68.97;49;85
CH D'AUBAGNE;PACA;CH;130781446;2013;4;50;;
CLINIQUE LA CASAMANCE;PACA;Privé;130781479;2013;60;91.67;82;97
CLINIQUE DE L'ETANG DE L'OLIVIER;PACA;Privé;130782071;2013;43;86.05;72;95
CLINIQUE GENERALE DE MARIGNANE;PACA;Privé;130782147;2013;57;92.98;83;98
CLINIQUE CHIRURGICALE DE MARTIGUES;PACA;Privé;130782162;2013;33;72.73;54;87
CH DE SALON;PACA;CH;130782634;2013;47;82.98;69;92
CL. CHIRURGICALE DU DR VIGNOLI;PACA;Privé;130782675;2013;41;90.24;77;97
APHM HOPITAL LA CONCEPTION;PACA;CHU;130783236;2013;60;93.33;84;98
APHM TIMONE ADULTES;PACA;CHU;130783293;2013;31;96.77;83;99
CLINIQUE BOUCHARD;PACA;Privé;130783327;2013;60;76.67;64;87
CLINIQUE  DE BONNEVEINE;PACA;ESPIC;130783665;2013;4;75;;
CLINIQUE JUGE;PACA;Privé;130783723;2013;2;50;;
CLINIQUE MONTICELLI;PACA;Privé;130783772;2013;1;100;;
POLYCLINIQUE CLAIRVAL;PACA;Privé;130784051;2013;60;80;68;89
CLINIQUE BEAUREGARD;PACA;Privé;130784713;2013;60;98.33;91;99
CLINIQUE CHANTECLER;PACA;Privé;130785389;2013;12;91.67;62;99
HOPITAL SAINT JOSEPH;PACA;ESPIC;130785652;2013;60;86.67;75;94
CLINIQUE VERT COTEAU;PACA;Privé;130785678;2013;31;96.77;83;99
POLYCLINIQUE DU PARC RAMBOT;PACA;Privé;130786361;2013;60;85;73;93
ETOILE MATERNITE CATHOLIQUE;PACA;ESPIC;130786445;2013;43;95.35;84;99
HÔPITAL D'INSTRUCTION DES ARMÉES LAV;Service de santé d;CH;130786742;2013;33;66.67;48;82
CH D'ARLES;PACA;CH;130789274;2013;60;81.67;70;91
CH  DE  MARTIGUES;PACA;CH;130789316;2013;60;78.33;66;88
APHM TIMONE ENFANTS;PACA;CHU;130804297;2013;31;100;100;100
CLINIQUE AXIUM;PACA;Privé;130810740;2013;49;87.76;75;95
CENTRE HOSPITALIER DE LISIEUX;Basse Normandie;CH;140000035;2013;37;32.43;18;50
CENTRE HOSPITALIER DE BAYEUX;Basse Normandie;CH;140000092;2013;45;82.22;68;92
CHU COTE DE NACRE CAEN;Basse Normandie;CHU;140000100;2013;60;76.67;64;87
CENTRE HOSPITALIER DE FALAISE;Basse Normandie;CH;140000118;2013;34;52.94;35;70
CLINIQUE NOTRE-DAME (VIRE);Basse Normandie;Privé;140000290;2013;40;42.5;27;59
CENTRE DE LUTTE CONTRE LE CANCER - F;Basse Normandie;CLCC;140000555;2013;60;51.67;38;65
POLYCLINIQUE DU PARC;Basse Normandie;Privé;140016759;2013;60;85;73;93
CHP ST MARTIN CAEN;Basse Normandie;Privé;140017237;2013;60;71.67;59;83
POLYCLINIQUE DE LISIEUX;Basse Normandie;Privé;140018730;2013;60;43.33;31;57
POLYCLINIQUE DE DEAUVILLE-CRICQUEBOE;Basse Normandie;Privé;140026709;2013;28;14.29;4;33
CENTRE HOSPITALIER ST-FLOUR;Auvergne;CH;150780088;2013;21;85.71;64;97
C.H. HENRI MONDOR AURILLAC;Auvergne;CH;150780096;2013;60;81.67;70;91
C MC - AURILLAC;Auvergne;Privé;150780732;2013;60;88.33;77;95
CLINIQUE SAINT JOSEPH S.A.;Poitou Charentes;Privé;160000170;2013;23;100;100;100
CLINIQUE DE COGNAC;Poitou Charentes;Privé;160000279;2013;49;97.96;89;99
CENTRE HOSPITALIER  ANGOULEME;Poitou Charentes;CH;160000451;2013;60;85;73;93
CENTRE CLINICAL;Poitou Charentes;Privé;160013207;2013;60;76.67;64;87
CTRE HOSP INTERCOMM DU PAYS DE COGNA;Poitou Charentes;CH;160014411;2013;10;60;26;88
GROUPE HOSP. DE LA ROCHELLE-RE-AUNIS;Poitou Charentes;CH;170023279;2013;60;93.33;84;98
CENTRE HOSPITALIER DE JONZAC;Poitou Charentes;CH;170780050;2013;10;100;100;100
CENTRE HOSPITALIER DE SAINT-JEAN-D'A;Poitou Charentes;CH;170780167;2013;16;43.75;20;70
CENTRE HOSPITALIER  DE SAINTES (ST L;Poitou Charentes;CH;170780175;2013;60;90;79;96
CENTRE HOSPITALIER DE ROYAN;Poitou Charentes;CH;170780191;2013;5;100;;
C. H. ROCHEFORT-SUR-MER;Poitou Charentes;CH;170780225;2013;60;91.67;82;97
CLINIQUE PASTEUR;Poitou Charentes;Privé;170780563;2013;60;56.67;43;69
SA CLINIQUE DU MAIL;Poitou Charentes;Privé;170780613;2013;60;88.33;77;95
POLYCLINIQUE SAINT-GEORGES;Poitou Charentes;Privé;170780621;2013;44;54.55;39;70
SA CLINIQUE  RICHELIEU;Poitou Charentes;Privé;170780647;2013;20;30;12;54
CENTRE MEDICO-CHIRURGICAL DE L'ATLAN;Poitou Charentes;Privé;170780662;2013;21;80.95;58;95
C. H. J. COEUR  BOURGES;Centre;CH;180000028;2013;60;68.33;55;80
CLINIQUE DES GRAINETIERES;Centre;Privé;180000358;2013;36;52.78;35;70
HOPITAL PRIVE GUILLAUME DE VARYE;Centre;Privé;180004145;2013;60;61.67;48;74
CENTRE HOSPITALIER  BRIVE;Limousin;CH;190000042;2013;60;66.67;53;78
CENTRE HOSPITALIER  TULLE;Limousin;CH;190000059;2013;60;91.67;82;97
CENTRE HOSPITALIER  USSEL;Limousin;CH;190000075;2013;38;73.68;57;87
CMC LES CEDRES BRIVE;Limousin;Privé;190000224;2013;60;80;68;89
"CLINIQUE ""SAINT-GERMAIN""  BRIVE";Limousin;Privé;190000257;2013;60;91.67;82;97
POLYCLINIQUE LA RESIDENCE;Corse;Privé;200200145;2013;32;53.13;35;71
POLYCLINIQUE DU PARC DREVON;Bourgogne;Privé;210011847;2013;60;63.33;50;75
CLINIQUE SAINTE MARTHE;Bourgogne;Privé;210780110;2013;10;40;12;74
CLINIQUE MEDICO CHIR DE CHENÔVE;Bourgogne;Privé;210780136;2013;60;5;1;14
C.H.U. DE DIJON;Bourgogne;CHU;210780581;2013;60;71.67;59;83
CENTRE HOSPITALIER ROBERT MORLEVAT S;Bourgogne;CH;210780706;2013;9;88.89;;
CENTRE HOSPITALIER DE BEAUNE;Bourgogne;CH;210780714;2013;60;56.67;43;69
CLINIQUE MEDICO-CHIRURGICALE;Bourgogne;Privé;210780789;2013;60;60;47;72
CLINIQUE DE FONTAINE;Bourgogne;Privé;210780979;2013;35;0;0;0
CENTRE GEORGES-FRANCOIS LECLERC;Bourgogne;CLCC;210987731;2013;60;66.67;53;78
CENTRE HOSPITALIER ST BRIEUC;Bretagne;CH;220000020;2013;60;85;73;93
CENTRE HOSPITALIER GUINGAMP;Bretagne;CH;220000079;2013;49;61.22;46;75
CENTRE HOSPITALIER LANNION;Bretagne;CH;220000103;2013;32;71.88;53;86
POLYCLINIQUE DU TREGOR;Bretagne;Privé;220000111;2013;60;41.67;29;55
CLINIQUE ARMORICAINE  RADIOLOGIE;Bretagne;Privé;220000269;2013;60;68.33;55;80
CHP ST-BRIEUC - SITE STE-THERESE;Bretagne;Privé;220000301;2013;60;76.67;64;87
POLYCLINIQUE DU PAYS DE RANCE;Bretagne;Privé;220005599;2013;60;68.33;55;80
CENTRE HOSPITALIER DE GUERET;Limousin;CH;230780041;2013;51;96.08;86;99
CTRE MEDICAL NATIONAL  STE FEYRE;Limousin;ESPIC;230780082;2013;15;93.33;68;99
CLINIQUE DE LA MARCHE;Limousin;Privé;230780157;2013;20;85;62;97
CTRE HOSPITALIER BERGERAC;Aquitaine;CH;240000059;2013;28;67.86;48;84
CENTRE HOSPITALIER PERIGUEUX;Aquitaine;CH;240000117;2013;60;71.67;59;83
POLYCLINIQUE FRANCHEVILLE;Aquitaine;Privé;240000190;2013;60;98.33;91;99
CLINIQUE PASTEUR;Aquitaine;Privé;240000208;2013;60;81.67;70;91
CHU BESANCON;Franche Comté;CHU;250000015;2013;60;70;57;81
CLINIQUE SAINT-VINCENT;Franche Comté;Privé;250000270;2013;60;85;73;93
CHI DE HAUTE-COMTÉ;Franche Comté;CH;250000452;2013;60;98.33;91;99
CLINIQUE DE MONTBÉLIARD;Franche Comté;Privé;250011723;2013;18;100;100;100
POLYCLINIQUE DE FRANCHE COMTE;Franche Comté;Privé;250011848;2013;60;88.33;77;95
CENTRE HOSPITALIER DE VALENCE;Rhône Alpes;CH;260000021;2013;60;65;52;77
CENTRE HOSPITALIER MONTELIMAR;Rhône Alpes;CH;260000047;2013;60;98.33;91;99
CLINIQUE LA PARISIERE;Rhône Alpes;Privé;260000260;2013;60;96.67;88;99
SA CLINIQUE KENNEDY;Rhône Alpes;Privé;260003017;2013;60;81.67;70;91
CLINIQUE GENERALE;Rhône Alpes;Privé;260006267;2013;19;52.63;29;76
HOPITAUX DROME NORD;Rhône Alpes;CH;260016910;2013;60;16.67;8;29
CLINIQUE PASTEUR;Haute Normandie;Privé;270000326;2013;60;80;68;89
CHI EURE SEINE HÔPITAUX EVREUX-VERNO;Haute Normandie;CH;270023724;2013;60;56.67;43;69
CH CHARTRES;Centre;CH;280000134;2013;60;95;86;99
CLINI NOTRE DAME DE BON SECOURS;Centre;Privé;280000159;2013;60;38.33;26;52
"C.H. ""VICTOR JOUSSELIN""";Centre;CH;280000183;2013;60;66.67;53;78
NOUVELLE CLINIQUE SAINT FRANCOIS;Centre;Privé;280505777;2013;60;76.67;64;87
C.H.U.  BREST;Bretagne;CHU;290000017;2013;60;78.33;66;88
CLINIQUE PASTEUR-SAINT ESPRIT;Bretagne;Privé;290000140;2013;60;66.67;53;78
CLINIQUE ST MICHEL ET STE ANNE;Bretagne;Privé;290000207;2013;60;86.67;75;94
POLYCLINIQUE QUIMPER SUD;Bretagne;Privé;290000215;2013;60;95;86;99
HÔPITAL D'INSTRUCTION DES ARMÉES CLE;Service de santé d;CH;290000728;2013;37;89.19;75;97
HÔTEL DIEU PONT-L'ABBE;Bretagne;ESPIC;290000785;2013;26;100;100;100
CLINIQUE DU GRAND LARGE;Bretagne;Privé;290004142;2013;60;78.33;66;88
POLYCLINIQUE DE KERAUDREN;Bretagne;Privé;290019777;2013;60;65;52;77
CENTRE HOSPITALIER INTERCOMMUNAL DE;Bretagne;CH;290020700;2013;60;100;100;100
CENTRE HOSPITALIER DES PAYS DE MORLA;Bretagne;CH;290021542;2013;60;70;57;81
CMC BAIE DE MORLAIX;Bretagne;Privé;290023431;2013;55;69.09;55;81
CENTRE HOSPITALIER GAL D'AJACCIO;Corse;CH;2A0000014;2013;60;71.67;59;83
SA CLINISUD;Corse;Privé;2A0000139;2013;60;46.67;34;60
C.H.S. DE CASTELLUCCIO;Corse;CH;2A0000386;2013;46;69.57;54;82
CENTRE HOSPITALIER BASTIA;Corse;CH;2B0000020;2013;60;60;47;72
CLINIQUE ST ANTOINE;Corse;Privé;2B0000160;2013;14;71.43;42;92
POLYCLINIQUE DE FURIANI;Corse;Privé;2B0000392;2013;34;100;100;100
CHU NIMES;Languedoc Roussill;CHU;300780038;2013;60;81.67;70;91
CH ALES;Languedoc Roussill;CH;300780046;2013;60;56.67;43;69
CH BAGNOLS SUR CEZE;Languedoc Roussill;CH;300780053;2013;44;86.36;73;95
NOUVELLE CLINIQUE BONNEFON;Languedoc Roussill;Privé;300780137;2013;60;60;47;72
HOPITAL PRIVE LES FRANCISCAINES;Languedoc Roussill;Privé;300780152;2013;60;73.33;60;84
CLINIQUE VALDEGOUR;Languedoc Roussill;Privé;300780285;2013;28;92.86;76;99
CLINIQUE KENNEDY;Languedoc Roussill;Privé;300781465;2013;60;60;47;72
POLYCLINIQUE DU GRAND SUD;Languedoc Roussill;Privé;300788502;2013;60;71.67;59;83
CLINIQUE SAINT JEAN LANGUEDOC;Midi Pyrénées;Privé;310780101;2013;60;70;57;81
CLINIQUE SARRUS-TEINTURIERS;Midi Pyrénées;Privé;310780135;2013;60;96.67;88;99
CLINIQUE MEDIPOLE GARONNE;Midi Pyrénées;Privé;310780150;2013;57;96.49;88;99
S.A. CLINIQUE PASTEUR;Midi Pyrénées;Privé;310780259;2013;60;76.67;64;87
NOUVELLE CLINIQUE DE L'UNION;Midi Pyrénées;Privé;310780283;2013;60;83.33;71;92
POLYCLINIQUE DU PARC;Midi Pyrénées;Privé;310780309;2013;60;86.67;75;94
CLINIQUE AMBROISE PARE;Midi Pyrénées;Privé;310780382;2013;60;91.67;82;97
CH SAINT-GAUDENS;Midi Pyrénées;CH;310780671;2013;35;17.14;7;34
CLINIQUE DES CEDRES;Midi Pyrénées;Privé;310781000;2013;60;86.67;75;94
HOPITAL JOSEPH DUCUING;Midi Pyrénées;ESPIC;310781067;2013;24;87.5;68;97
CHR TOULOUSE;Midi Pyrénées;CHU;310781406;2013;60;86.67;75;94
CLINIQUE D'OCCITANIE;Midi Pyrénées;Privé;310781505;2013;60;98.33;91;99
INSTITUT CLAUDIUS REGAUD;Midi Pyrénées;CLCC;310782347;2013;60;75;62;85
CLINIQUE DU DR CARLIER;Midi Pyrénées;Privé;320780067;2013;45;88.89;76;96
CH AUCH;Midi Pyrénées;CH;320780117;2013;40;95;83;99
M.S.P.B. BAGATELLE;Aquitaine;ESPIC;330000340;2013;60;93.33;84;98
INSTITUT BERGONIE;Aquitaine;CLCC;330000662;2013;60;93.33;84;98
CTRE HOSP INTERCOMMUNAL SUD GIRONDE;Aquitaine;CH;330027509;2013;27;70.37;50;86
CLINIQUE SAINT AUGUSTIN;Aquitaine;Privé;330780081;2013;60;51.67;38;65
CLINIQUE TIVOLI-DUCOS;Aquitaine;Privé;330780115;2013;60;93.33;84;98
CLINIQUE CHIRURGICALE BEL AIR;Aquitaine;Privé;330780149;2013;60;30;19;43
CLINIQUE D'ARCACHON;Aquitaine;Privé;330780206;2013;60;76.67;64;87
CLINIQUE DU LIBOURNAIS;Aquitaine;Privé;330780255;2013;23;73.91;52;90
POLYCLINIQUE BORDEAUX RIVE DROITE;Aquitaine;Privé;330780263;2013;60;70;57;81
POLYCLINIQUE BX-NORD AQUITAINE;Aquitaine;Privé;330780479;2013;60;55;42;68
CLINIQUE MUTUALISTE DU MEDOC;Aquitaine;ESPIC;330780495;2013;24;91.67;73;99
POLYCLINIQUE SAINT MARTIN;Aquitaine;Privé;330780503;2013;23;86.96;66;97
CLINIQUE SAINTE ANNE;Aquitaine;Privé;330780511;2013;48;81.25;67;91
CLINIQUE MUTUALISTE;Aquitaine;ESPIC;330780529;2013;56;75;62;86
CLINIQUE WALLERSTEIN;Aquitaine;ESPIC;330780537;2013;56;82.14;70;91
C.H.U. DE BORDEAUX;Aquitaine;CHU;330781196;2013;60;88.33;77;95
CENTRE HOSPITALIER D'ARCACHON;Aquitaine;CH;330781204;2013;26;61.54;41;80
CENTRE HOSPITALIER DE LIBOURNE;Aquitaine;CH;330781253;2013;60;83.33;71;92
HÔPITAL D'INSTRUCTION DES ARMÉES ROB;Service de santé d;CH;330781303;2013;47;63.83;48;77
POLYCLINIQUE JEAN VILLAR;Aquitaine;Privé;330782582;2013;60;75;62;85
ICM INSTITUT DU CANCER DE MONTPELLIE;Languedoc Roussill;CLCC;340000207;2013;60;86.67;75;94
POLYCLINIQUE CHAMPEAU;Languedoc Roussill;Privé;340009885;2013;60;85;73;93
LES HOPITAUX DU BASSIN DE THAU;Languedoc Roussill;CH;340011295;2013;60;46.67;34;60
CLINIQUE LE MILLENAIRE;Languedoc Roussill;Privé;340015502;2013;60;45;32;58
SAS POLYCLINIQUE SAINT PRIVAT;Languedoc Roussill;Privé;340015965;2013;60;78.33;66;88
CH BEZIERS;Languedoc Roussill;CH;340780055;2013;60;75;62;85
CLINIQUE DU DR. CAUSSE;Languedoc Roussill;Privé;340780139;2013;10;70;35;93
CHU MONTPELLIER;Languedoc Roussill;CHU;340780477;2013;60;83.33;71;92
POLYCLINIQUE  SAINT-JEAN;Languedoc Roussill;Privé;340780634;2013;31;80.65;62;93
CLINIQUE BEAU SOLEIL;Languedoc Roussill;ESPIC;340780642;2013;60;85;73;93
CLINIQUE DU PARC;Languedoc Roussill;Privé;340780667;2013;60;66.67;53;78
CLINIQUE CLEMENTVILLE;Languedoc Roussill;Privé;340780675;2013;60;91.67;82;97
POLYCLINIQUE SAINT ROCH;Languedoc Roussill;Privé;340780683;2013;15;46.67;21;73
CLINIQUE SAINT- LOUIS;Languedoc Roussill;Privé;340780717;2013;38;71.05;54;85
POLYCLINIQUE SAINTE THERESE;Languedoc Roussill;Privé;340780741;2013;49;59.18;44;73
CENTRE HOSPITALIER ST MALO;Bretagne;CH;350000022;2013;60;96.67;88;99
CENTRE HOSPITALIER FOUGERES;Bretagne;CH;350000030;2013;14;85.71;57;98
CENTRE HOSPITALIER VITRE;Bretagne;CH;350000055;2013;25;80;59;93
CHP ST-GREGOIRE;Bretagne;Privé;350000121;2013;60;91.67;82;97
CLINIQUE MUTUALISTE LA SAGESSE RENNE;Bretagne;ESPIC;350000139;2013;60;100;100;100
CLINIQUE DE LA COTE D'EMERAUDE;Bretagne;Privé;350000196;2013;60;78.33;66;88
POLYCLINIQUE SAINT LAURENT;Bretagne;Privé;350002192;2013;24;95.83;79;99
CRLCC E. MARQUIS;Bretagne;CLCC;350002812;2013;60;93.33;84;98
POLYCLINIQUE SEVIGNE;Bretagne;Privé;350005146;2013;60;81.67;70;91
CHRU DE RENNES;Bretagne;CHU;350005179;2013;60;85;73;93
C.H. DE CHATEAUROUX;Centre;CH;360000053;2013;60;88.33;77;95
"CLINIQUE ""ST FRANCOIS""";Centre;Privé;360000129;2013;60;41.67;29;55
CLINIQUE JEANNE D ARC;Centre;Privé;370000051;2013;40;75;59;87
CLINIQUE SAINT-GATIEN SA;Centre;Privé;370000085;2013;23;82.61;61;95
CLINIQUE DE L'ALLIANCE;Centre;Privé;370000093;2013;60;86.67;75;94
C.H.U. DE TOURS;Centre;CHU;370000481;2013;60;86.67;75;94
CH DE LOCHES;Centre;CH;370000614;2013;11;0;0;0
PÔLE SANTÉ LÉONARD DE VINCI;Centre;Privé;370007569;2013;60;75;62;85
GROUPE HOSPIT. MUTUALISTE DE GRENOBL;Rhône Alpes;ESPIC;380012658;2013;60;58.33;45;71
CENTRE HOSPITALIER  BOURGOIN JALLIEU;Rhône Alpes;CH;380780049;2013;60;63.33;50;75
CHU GRENOBLE;Rhône Alpes;CHU;380780080;2013;60;81.67;70;91
CLINIQUE SAINT VINCENT DE PAUL;Rhône Alpes;Privé;380780197;2013;58;67.24;54;79
"CLINIQUE DE CHARTREUSE""";Rhône Alpes;Privé;380780288;2013;43;88.37;75;96
CENTRE HOSPITALIER DE VIENNE;Rhône Alpes;CH;380781435;2013;42;85.71;71;95
CLINIQUE ST CHARLES ROUSSILLON;Rhône Alpes;Privé;380781450;2013;26;92.31;75;99
CENTRE HOSPITALIER VOIRON;Rhône Alpes;CH;380784751;2013;35;31.43;17;49
CLINIQUE DES CEDRES;Rhône Alpes;Privé;380785956;2013;60;85;73;93
CLINIQUE BELLEDONNE;Rhône Alpes;Privé;380786442;2013;60;88.33;77;95
CH LONS;Franche Comté;CH;390780146;2013;60;95;86;99
POLYCLINIQUE DU PARC;Franche Comté;Privé;390780575;2013;60;86.67;75;94
CH PASTEUR DOLE;Franche Comté;CH;390780609;2013;35;97.14;85;99
CH DE MONT DE MARSAN;Aquitaine;CH;400011177;2013;60;90;79;96
CENTRE HOSPITALIER DAX;Aquitaine;CH;400780193;2013;60;90;79;96
CLINIQUE ST-VINCENT DE PAUL;Aquitaine;Privé;400780284;2013;60;70;57;81
CLINIQUE DES LANDES;Aquitaine;Privé;400780359;2013;60;61.67;48;74
POLYCLINIQUE LES CHENES;Aquitaine;Privé;400782769;2013;22;72.73;50;89
C. H. DE BLOIS;Centre;CH;410000087;2013;60;73.33;60;84
C. H. ROMORANTIN LANTHENAY;Centre;CH;410000103;2013;15;93.33;68;99
POLYCLINIQUE DE BLOIS;Centre;Privé;410000202;2013;60;86.67;75;94
CLINIQUE DU SAINT COEUR;Centre;Privé;410004998;2013;60;60;47;72
HOPITAL DU GIER;Rhône Alpes;CH;420002495;2013;47;76.6;62;88
CLINIQUE MUTUALISTE DE LA LOIRE;Rhône Alpes;ESPIC;420010050;2013;60;73.33;60;84
CHPL;Rhône Alpes;Privé;420011413;2013;60;90;79;96
INSTITUT DE CANCEROLOGIE DE LA LOIRE;Rhône Alpes;CH;420013492;2013;60;75;62;85
CENTRE HOSPITALIER DU FOREZ;Rhône Alpes;CH;420013831;2013;60;78.33;66;88
CENTRE HOSPITALIER DE ROANNE;Rhône Alpes;CH;420780033;2013;60;78.33;66;88
CLINIQUE DU PARC;Rhône Alpes;Privé;420780504;2013;60;80;68;89
CENTRE HOSPITALIER DE FIRMINY;Rhône Alpes;CH;420780652;2013;41;73.17;57;86
CLINIQUE DU RENAISON;Rhône Alpes;Privé;420782310;2013;60;78.33;66;88
CHU SAINT ETIENNE;Rhône Alpes;CHU;420784878;2013;60;85;73;93
C.H. EMILE ROUX LE PUY;Auvergne;CH;430000018;2013;60;50;37;63
CL BON SECOURS - LE PUY;Auvergne;Privé;430000109;2013;44;65.91;50;80
CENTRE HOSPITALIER   ST-NAZAIRE;Pays de la Loire;CH;440000057;2013;60;73.33;60;84
C.H.U. DE NANTES;Pays de la Loire;CHU;440000289;2013;60;75;62;85
CLINIQUE CHIRURG.STE-MARIE;Pays de la Loire;Privé;440000404;2013;28;82.14;63;94
CLINIQUE BRETECHE VIAUD;Pays de la Loire;Privé;440000412;2013;18;83.33;59;96
CLINIQUE UROLOGIQUE NANTES ATLANTIS;Pays de la Loire;Privé;440000487;2013;60;83.33;71;92
CLINIQUE SOURDILLE S.A.;Pays de la Loire;Privé;440000651;2013;0;;;
C.R.L.C.C. RENE GAUDUCHEAU;Pays de la Loire;CLCC;440001113;2013;60;58.33;45;71
POLYCLINIQUE DE L'EUROPE;Pays de la Loire;Privé;440002020;2013;60;85;73;93
CENTRE CATHERINE DE SIENNE;Pays de la Loire;Privé;440023364;2013;18;22.22;6;48
AHO CLINIQUE SAINT AUGUSTIN;Pays de la Loire;Privé;440024982;2013;60;71.67;59;83
CLINIQUE MUTUALISTE JULES VERNE;Pays de la Loire;ESPIC;440029338;2013;60;55;42;68
CLINIQUE JULES VERNE;Pays de la Loire;Privé;440029379;2013;34;79.41;62;91
POLYCLINIQUE DE L'ATLANTIQUE;Pays de la Loire;Privé;440033819;2013;60;81.67;70;91
NOUVELLES CLINIQUES NANTAISES;Pays de la Loire;Privé;440041580;2013;60;46.67;34;60
CLINIQUE MUTUALISTE DE L'ESTUAIRE;Pays de la Loire;ESPIC;440050433;2013;60;80;68;89
C.H.R. ORLEANS;Centre;CHU;450000088;2013;60;60;47;72
C.H. AGGLOMERATION MONTARGOISE;Centre;CH;450000104;2013;60;90;79;96
CLINIQUE JEANNE D'ARC - GIEN;Centre;Privé;450000237;2013;46;45.65;31;61
"CLINIQUE ""L'ARCHETTE""";Centre;Privé;450000245;2013;60;78.33;66;88
"POLYCLINIQUE ""LONGUES ALLEES""";Centre;Privé;450010079;2013;60;16.67;8;29
CH FIGEAC;Midi Pyrénées;CH;460780083;2013;39;7.69;2;21
CH CAHORS;Midi Pyrénées;CH;460780216;2013;60;93.33;84;98
CLINIQUE ESQUIROL - SAINT-HILAIRE;Aquitaine;Privé;470000027;2013;60;91.67;82;97
CLINIQUE DE VILLENEUVE;Aquitaine;Privé;470000142;2013;37;94.59;82;99
CENTRE HOSPITALIER AGEN;Aquitaine;CH;470000316;2013;44;75;60;87
C. H. SAINT CYR VILLENEUVE/LOT;Aquitaine;CH;470000324;2013;34;82.35;65;93
CH MARMANDE TONNEINS;Aquitaine;CH;470001660;2013;24;91.67;73;99
CH MENDE;Languedoc Roussill;CH;480780097;2013;35;22.86;10;40
C.H.R.U.    ANGERS;Pays de la Loire;CHU;490000031;2013;60;76.67;64;87
CTRE REGIONAL DE LUTTE C/CANCER;Pays de la Loire;CLCC;490000155;2013;60;95;86;99
CLINIQUE SAINT-JOSEPH;Pays de la Loire;Privé;490000262;2013;53;92.45;82;98
CENTRE HOSPITALIER CHOLET;Pays de la Loire;CH;490000676;2013;60;46.67;34;60
SA POLYCLINIQUE DU PARC;Pays de la Loire;Privé;490002037;2013;60;95;86;99
CLINIQUE CHIRURGICALE DE LA LOIRE;Pays de la Loire;Privé;490007929;2013;60;56.67;43;69
CLINIQUE DE L'ANJOU;Pays de la Loire;Privé;490014909;2013;60;65;52;77
CENTRE HOSPITALIER SAUMUR;Pays de la Loire;CH;490528452;2013;11;63.64;31;89
CENTRE HOSPITALIER PUBLIC DU COTENTI;Basse Normandie;CH;500000013;2013;60;80;68;89
CH AVRANCHES GRANVILLE;Basse Normandie;CH;500000054;2013;60;88.33;77;95
HOPITAL MEMORIAL ST LO;Basse Normandie;CH;500000112;2013;34;76.47;59;89
POLYCLINIQUE DE LA BAIE-ST MARTIN;Basse Normandie;Privé;500000146;2013;60;78.33;66;88
POLYCLINIQUE DE LA MANCHE - SAINT-LO;Basse Normandie;Privé;500000203;2013;60;80;68;89
POLYCLINIQUE DU COTENTIN;Basse Normandie;Privé;500002357;2013;60;98.33;91;99
CHR DE REIMS;Champagne Ardenne;CHU;510000029;2013;60;76.67;64;87
CH CHÂLONS EN CHAMPAGNE;Champagne Ardenne;CH;510000037;2013;49;85.71;73;94
POLYCLINIQUE COURLANCY - REIMS;Champagne Ardenne;Privé;510000185;2013;60;78.33;66;88
POLYCLINIQUE SAINT-ANDRE;Champagne Ardenne;Privé;510000193;2013;60;81.67;70;91
INSTITUT JEAN GODINOT;Champagne Ardenne;CLCC;510000516;2013;60;93.33;84;98
POLYCLINIQUE LES BLEUETS - REIMS;Champagne Ardenne;Privé;510012040;2013;53;41.51;28;56
CENTRE HOSPITALIER DE LANGRES;Champagne Ardenne;CH;520780057;2013;2;100;;
CENTRE HOSPITALIER DE ST DIZIER;Champagne Ardenne;CH;520780073;2013;60;95;86;99
CLINIQUE FRANCOIS 1ER;Champagne Ardenne;Privé;520780180;2013;60;90;79;96
CH INTERCOMMUNAL DU HAUT-ANJOU;Pays de la Loire;CH;530000025;2013;47;57.45;42;72
CENTRE HOSPITALIER  NORD-MAYENNE;Pays de la Loire;CH;530000074;2013;16;37.5;15;65
CENTRE HOSPITALIER  LAVAL;Pays de la Loire;CH;530000371;2013;46;54.35;39;69
POLYCLINIQUE DU MAINE;Pays de la Loire;Privé;530031962;2013;60;83.33;71;92
C.H.U. DE NANCY;Lorraine;CHU;540000031;2013;60;81.67;70;91
CENTRE HOSPITALIER - TOUL;Lorraine;CH;540000049;2013;17;82.35;57;96
CENTRE HOSPITALIER - LUNEVILLE;Lorraine;CH;540000080;2013;18;55.56;31;78
CLINIQUE JEANNE D'ARC - LUNEVILL;Lorraine;Privé;540000361;2013;42;83.33;69;93
POLYCLINIQUE LOUIS PASTEUR;Lorraine;Privé;540000478;2013;60;73.33;60;84
POLYCLINIQUE DE GENTILLY;Lorraine;Privé;540000486;2013;60;66.67;53;78
CENTRE HOSPITALIER - BRIEY;Lorraine;CH;540000767;2013;16;81.25;54;96
INSTITUT DE CANCEROLOGIE DE LORRAINE;Lorraine;CLCC;540001286;2013;60;91.67;82;97
POLYCLINIQUE MAJORELLE;Lorraine;Privé;540013224;2013;60;96.67;88;99
SINCAL - NANCY;Lorraine;CH;540020112;2013;11;100;100;100
CENTRE HOSPITALIER VERDUN/SAINT MIHI;Lorraine;CH;550000053;2013;60;73.33;60;84
POLYCLINIQUE DU PARC - BAR-LE-DU;Lorraine;Privé;550000178;2013;32;93.75;79;99
CENTRE HOSPITALIER - BAR LE DUC;Lorraine;CH;550003354;2013;16;56.25;30;80
CENTRE HOSPITALIER PLOERMEL;Bretagne;CH;560000044;2013;29;55.17;36;74
CLINIQUE DU TER;Bretagne;Privé;560002511;2013;60;83.33;71;92
CLINIQUE MUTUALISTE PORTE DE L'ORIEN;Bretagne;ESPIC;560002933;2013;60;76.67;64;87
CENTRE HOSPITALIER BRETAGNE SUD LORI;Bretagne;CH;560005746;2013;60;76.67;64;87
POLYCLINIQUE DE PONTIVY;Bretagne;Privé;560007510;2013;60;13.33;6;25
CLINIQUE OCEANE;Bretagne;Privé;560008799;2013;60;61.67;48;74
CENTRE HOSPITALIER DU CENTRE BRETAGN;Bretagne;CH;560014748;2013;58;74.14;61;85
CENTRE HOSPITALIER BRETAGNE ATLANTIQ;Bretagne;CH;560023210;2013;60;93.33;84;98
CLINIQUE SAINT NABOR;Lorraine;Privé;570000083;2013;14;100;100;100
HOPITAL DE FREYMING MERLEBACH;Lorraine;ESPIC;570000091;2013;1;100;;
CENTRE HOSPITALIER ROBERT PAX;Lorraine;CH;570000158;2013;60;70;57;81
HOSPITALOR - SAINT-AVOLD;Lorraine;ESPIC;570000216;2013;60;95;86;99
CLINIQUE CHIR. AMBROISE PARE;Lorraine;Privé;570000356;2013;60;91.67;82;97
HÔPITAL D'INSTRUCTION DES ARMÉES LEG;Service de santé d;CH;570000596;2013;41;90.24;77;97
HOPITAL CLINIQUE CLAUDE BERNARD;Lorraine;Privé;570000646;2013;60;96.67;88;99
C. H. R. - METZ THIONVILLE;Lorraine;CHU;570005165;2013;60;85;73;93
HOTEL DIEU DE MONT SAINT MARTIN;Lorraine;ESPIC;570010181;2013;7;14.29;;
CENTRE HOSPITALIER - SARREBOURG;Lorraine;CH;570015099;2013;20;30;12;54
HOPITAUX PRIVES DE METZ;Lorraine;ESPIC;570023630;2013;60;70;57;81
CENTRE HOSPITALIER INTERCOMMUNAL UNI;Lorraine;CH;570025254;2013;23;73.91;52;90
C.H. DE L'AGGLOMÉRATION DE NEVERS;Bourgogne;CH;580780039;2013;60;83.33;71;92
POLYCLINIQUE DU VAL DE LOIRE;Bourgogne;Privé;580780138;2013;60;70;57;81
CLINIQUE DE COSNE-SUR-LOIRE;Bourgogne;Privé;580780195;2013;17;17.65;4;43
CLCC OSCAR LAMBRET LILLE;Nord Pas de Calais;CLCC;590000188;2013;60;91.67;82;97
POLYCLINIQUE DE LA THIERACHE;Nord Pas de Calais;Privé;590006896;2013;39;97.44;86;99
POLYCLINIQUE VAUBAN;Nord Pas de Calais;Privé;590008041;2013;60;68.33;55;80
GCS GHICL CLINIQUE STE MARIE;Nord Pas de Calais;ESPIC;590052056;2013;60;65;52;77
CENTRE LEONARD DE VINCI;Nord Pas de Calais;Privé;590780094;2013;46;91.3;79;98
C.H.R.U. DE LILLE;Nord Pas de Calais;CHU;590780193;2013;60;83.33;71;92
HÔPITAL DE SECLIN;Nord Pas de Calais;CH;590780227;2013;54;48.15;34;62
POLYCLINIQUE DU BOIS;Nord Pas de Calais;Privé;590780268;2013;60;83.33;71;92
CENTRE HOSPITALIER ST PHILIBERT;Nord Pas de Calais;ESPIC;590780284;2013;60;96.67;88;99
POLYCLINIQUE DE LA LOUVIERE;Nord Pas de Calais;Privé;590780383;2013;60;93.33;84;98
CENTRE HOSPITALIER DE DUNKERQUE;Nord Pas de Calais;CH;590781415;2013;28;60.71;41;79
CTRE HOSPITALIER SAMBRE-AVESNOIS;Nord Pas de Calais;CH;590781803;2013;16;68.75;41;89
CENTRE HOSPITALIER DE TOURCOING;Nord Pas de Calais;CH;590781902;2013;49;59.18;44;73
CENTRE HOSPITALIER DE DENAIN;Nord Pas de Calais;CH;590782165;2013;23;91.3;72;99
CENTRE HOSPITALIER VALENCIENNES;Nord Pas de Calais;CH;590782215;2013;60;85;73;93
CLINIQUE DU PARC;Nord Pas de Calais;Privé;590782298;2013;60;88.33;77;95
CENTRE HOSPITALIER DE ROUBAIX;Nord Pas de Calais;CH;590782421;2013;60;78.33;66;88
SA CLINIQUE DU PARC;Nord Pas de Calais;Privé;590782553;2013;60;96.67;88;99
CENTRE HOSPITALIER ARMENTIERES;Nord Pas de Calais;CH;590782637;2013;17;88.24;64;99
CENTRE HOSPITALIER D'HAZEBROUCK;Nord Pas de Calais;CH;590782652;2013;19;84.21;60;97
CENTRE HOSPITALIER DE DOUAI;Nord Pas de Calais;CH;590783239;2013;38;71.05;54;85
CLINIQUE TEISSIER;Nord Pas de Calais;ESPIC;590785374;2013;5;80;;
POLYCLINIQUE  DU  PARC;Nord Pas de Calais;Privé;590788964;2013;60;98.33;91;99
ES SAINT VINCENT DE PAUL - LILLE;Nord Pas de Calais;ESPIC;590797353;2013;43;95.35;84;99
CLINIQUE DES HETRES;Nord Pas de Calais;Privé;590813176;2013;20;85;62;97
S.A NOUVELLE CLINIQUE VILLETTE;Nord Pas de Calais;Privé;590813382;2013;59;96.61;88;99
POLYCLINIQUE VAL DE SAMBRE;Nord Pas de Calais;Privé;590813507;2013;60;41.67;29;55
CLINIQUE DE FLANDRE;Nord Pas de Calais;Privé;590815056;2013;60;83.33;71;92
CLINIQUE ST AME;Nord Pas de Calais;Privé;590816310;2013;60;68.33;55;80
CLINIQUE DE LA VICTOIRE;Nord Pas de Calais;Privé;590817458;2013;60;98.33;91;99
CENTRE MEDICO-CHIRURGICAL;Picardie;ESPIC;600100168;2013;54;87.04;75;95
CTRE HOSP DE BEAUVAIS;Picardie;CH;600100713;2013;60;90;79;96
CTRE HOSP DE COMPIEGNE;Picardie;CH;600100721;2013;60;85;73;93
POLYCLINIQUE SAINT-COME S. A.;Picardie;Privé;600100754;2013;60;93.33;84;98
GROUPE HOSPITALIER PUBLIC DU SUD DE;Picardie;CH;600101984;2013;60;91.67;82;97
CLINIQUE DU PARC SAINT LAZARE;Picardie;Privé;600110175;2013;60;91.67;82;97
CLINIQUE D'ALENCON;Basse Normandie;Privé;610006421;2013;25;76;55;91
CENTRE HOSPITALIER ALENCON;Basse Normandie;CH;610780082;2013;60;86.67;75;94
CENTRE HOSPITALIER ARGENTAN;Basse Normandie;CH;610780090;2013;20;80;56;94
CENTRE HOSPITALIER - FLERS;Basse Normandie;CH;610780165;2013;60;86.67;75;94
CLINIQUE ST DOMINIQUE;Basse Normandie;Privé;610780199;2013;60;90;79;96
POLYCLINIQUE RIAUMONT DE LIEVIN;Nord Pas de Calais;ESPIC;620003350;2013;8;100;;
POLYCLINIQUE MED CHIR D'HENIN-BEAUMO;Nord Pas de Calais;ESPIC;620003376;2013;60;81.67;70;91
CLINIQUE DE ST OMER;Nord Pas de Calais;Privé;620006049;2013;60;70;57;81
POLYCLINIQUE DE DIVION;Nord Pas de Calais;ESPIC;620025346;2013;31;90.32;74;98
CENTRE HOSPITALIER D'ARRAS;Nord Pas de Calais;CH;620100057;2013;60;71.67;59;83
HOPITAL PRIVE ARRAS LES BONNETTES;Nord Pas de Calais;Privé;620100099;2013;60;93.33;84;98
CLINIQUE DES ACACIAS;Nord Pas de Calais;Privé;620100487;2013;60;90;79;96
CTRE HOSPITALIER BETHUNE-BEUVRY;Nord Pas de Calais;CH;620100651;2013;54;94.44;85;99
CENTRE HOSPITALIER DE LENS;Nord Pas de Calais;CH;620100685;2013;60;48.33;35;62
POLYCLINIQUE DE L'ARTOIS;Nord Pas de Calais;Privé;620100735;2013;60;80;68;89
CLINIQUE AMBROISE PARE;Nord Pas de Calais;Privé;620100750;2013;52;94.23;84;99
CLINIQUE DES 2 CAPS;Nord Pas de Calais;Privé;620101311;2013;60;85;73;93
CENTRE HOSPITALIER DE CALAIS;Nord Pas de Calais;CH;620101337;2013;60;83.33;71;92
C.H. REGION DE SAINT-OMER;Nord Pas de Calais;CH;620101360;2013;26;84.62;65;96
POLYCLINIQUE DE BOIS-BERNARD S.A;Nord Pas de Calais;Privé;620101501;2013;60;85;73;93
CH ARRONDISSEMENT DE MONTREUIL;Nord Pas de Calais;CH;620103432;2013;60;88.33;77;95
CH BOULOGNE-SUR-MER;Nord Pas de Calais;CH;620103440;2013;60;71.67;59;83
CLINIQUE MEDICO CHIRURGICALE;Nord Pas de Calais;Privé;620106088;2013;39;100;100;100
CENTRE MCO COTE D'OPALE;Nord Pas de Calais;Privé;620118513;2013;60;86.67;75;94
CENTRE REGIONAL JEAN PERRIN;Auvergne;CLCC;630000479;2013;60;90;79;96
POLE SANTE REPUBLIQUE - CLERMONT;Auvergne;Privé;630780211;2013;60;90;79;96
CL DE LA PLAINE - CLERMONT;Auvergne;Privé;630780369;2013;42;95.24;84;99
C.H.U. CLERMONT-FERRAND;Auvergne;CHU;630780989;2013;60;51.67;38;65
CENTRE HOSPITALIER THIERS;Auvergne;CH;630781029;2013;28;32.14;16;52
CL CHATAIGNERAIE - BEAUMONT;Auvergne;Privé;630781839;2013;60;53.33;40;66
CENTRE HOSPITALIER COTE BASQUE;Aquitaine;CH;640780417;2013;60;53.33;40;66
CLINIQUE SAINT ETIENNE;Aquitaine;Privé;640780433;2013;60;66.67;53;78
CLINIQUE LAFOURCADE;Aquitaine;Privé;640780482;2013;60;80;68;89
POLYCLINIQUE AGUILERA;Aquitaine;Privé;640780490;2013;51;50.98;37;65
POLYCLINIQUE COTE BASQUE SUD;Aquitaine;Privé;640780748;2013;34;73.53;56;87
CLINIQUE CHIRURGICALE PAULMY;Aquitaine;Privé;640780789;2013;6;100;;
CENTRE HOSPITALIER OLORON;Aquitaine;CH;640780821;2013;32;68.75;50;84
CLINIQUE CHIRURGICALE MARZET;Aquitaine;Privé;640780938;2013;60;88.33;77;95
POLYCLINIQUE DE NAVARRE;Aquitaine;Privé;640780946;2013;60;61.67;48;74
CLINIQUE D'ORTHEZ;Aquitaine;Privé;640780987;2013;14;85.71;57;98
CENTRE HOSPITALIER PAU;Aquitaine;CH;640781290;2013;60;78.33;66;88
CLINIQUE ORMEAU PYRENEES;Midi Pyrénées;Privé;650002579;2013;60;81.67;70;91
CH LOURDES;Midi Pyrénées;CH;650780158;2013;26;92.31;75;99
POLYCLINIQUE DE L ORMEAU;Midi Pyrénées;Privé;650780679;2013;60;96.67;88;99
CH DE BIGORRE;Midi Pyrénées;CH;650783160;2013;60;95;86;99
LA CLINIQUE MUTUALISTE CATALANE;Languedoc Roussill;Privé;660006305;2013;38;55.26;38;71
CH PERPIGNAN;Languedoc Roussill;CH;660780180;2013;60;75;62;85
CLINIQUE SAINT MICHEL;Languedoc Roussill;Privé;660780776;2013;6;100;;
CLINIQUE SAINT PIERRE;Languedoc Roussill;Privé;660780784;2013;60;68.33;55;80
POLYCLINIQUE SAINT ROCH;Languedoc Roussill;Privé;660790387;2013;60;53.33;40;66
C.R.L.C.C. PAUL STRAUSS DE STRASBOUR;Alsace;CLCC;670000033;2013;60;88.33;77;95
CLINIQUE ADASSA DE STRASBOURG;Alsace;ESPIC;670000082;2013;60;58.33;45;71
CLINIQUE SAINTE ODILE STRASBOURG;Alsace;Privé;670016237;2013;60;81.67;70;91
HOPITAUX UNIVERSITAIRES DE STRASBOUR;Alsace;CHU;670780055;2013;60;50;37;63
ETS DES DIACONESSES STRASBOURG;Alsace;Privé;670780162;2013;18;72.22;46;90
CLINIQUE DE L'ORANGERIE STRASB.;Alsace;Privé;670780170;2013;60;91.67;82;97
CLINIQUE SAINTE-BARBE - GHSV;Alsace;ESPIC;670780188;2013;60;75;62;85
CENTRE HOSPITALIER DE HAGUENAU;Alsace;CH;670780337;2013;60;95;86;99
CENTRE HOSPITALIER DE SAVERNE;Alsace;CH;670780345;2013;54;79.63;66;89
CLINIQUE SAINT-FRANCOIS HAGUENAU;Alsace;Privé;670780378;2013;60;88.33;77;95
CLINIQUE SAINTE ODILE HAGUENAU;Alsace;Privé;670780386;2013;60;81.67;70;91
CENTRE HOSPITALIER DE SELESTAT;Alsace;CH;670780691;2013;37;91.89;78;98
POLYCLIN. 3 FRONTIERES ST-LOUIS;Alsace;Privé;680000197;2013;44;79.55;65;90
CLINIQUE DIACONAT FONDERIE;Alsace;Privé;680000320;2013;47;95.74;85;99
CENTRE HOSPITALIER DE MULHOUSE;Alsace;CH;680000486;2013;60;81.67;70;91
CLINIQUE DIACONAT ROOSEVELT;Alsace;Privé;680000494;2013;60;93.33;84;98
CENTRE HOSPITALIER DE COLMAR;Alsace;CH;680000973;2013;60;80;68;89
GROUPE HOSPITALIER PRIVE CENTRE ALSA;Alsace;ESPIC;680001195;2013;28;89.29;72;98
CENTRE LEON BERARD;Rhône Alpes;CLCC;690000880;2013;60;83.33;71;92
HOP PRIVE MERE ENFANT NATECIA;Rhône Alpes;Privé;690022959;2013;43;97.67;88;99
HOPITAL PRIVE JEAN MERMOZ;Rhône Alpes;Privé;690023411;2013;60;68.33;55;80
HÔPITAL D'INSTRUCTION DES ARMÉES DES;Service de santé d;CH;690780093;2013;30;90;73;98
CLINIQUE DU VAL D'OUEST-VENDOME;Rhône Alpes;Privé;690780358;2013;60;71.67;59;83
CLINIQUE CHARCOT;Rhône Alpes;Privé;690780366;2013;60;98.33;91;99
CLINIQUE DU GRAND LARGE;Rhône Alpes;Privé;690780382;2013;60;96.67;88;99
POLYCLINIQUE DE RILLIEUX;Rhône Alpes;Privé;690780390;2013;60;93.33;84;98
"GPE HOSP MUT ""LES PORTES DU SUD""";Rhône Alpes;ESPIC;690780416;2013;60;58.33;45;71
CLINIQUE DE LA SAUVEGARDE;Rhône Alpes;Privé;690780648;2013;60;68.33;55;80
HÔPITAL PRIVE DE L'EST LYONNAIS;Rhône Alpes;Privé;690780655;2013;17;58.82;33;82
CLINIQUE TRENEL;Rhône Alpes;Privé;690780663;2013;60;40;28;53
CLINIQUE MUTUALISTE EUGENE ANDRE;Rhône Alpes;ESPIC;690781836;2013;50;90;78;97
HOPITAL NORD OUEST - VILLEFRANCHE;Rhône Alpes;CH;690782222;2013;60;96.67;88;99
CLINIQUE DU TONKIN;Rhône Alpes;Privé;690782834;2013;60;86.67;75;94
HOPITAL EDOUARD HERRIOT;Rhône Alpes;CHU;690783154;2013;60;86.67;75;94
CH LYON SUD;Rhône Alpes;CHU;690784137;2013;60;85;73;93
HOPITAL DE LA CROIX-ROUSSE;Rhône Alpes;CHU;690784152;2013;60;83.33;71;92
HOPITAL NEURO PIERRE WERTHEIMER;Rhône Alpes;CHU;690784178;2013;60;88.33;77;95
INFIRMERIE PROTESTANTE DE LYON;Rhône Alpes;Privé;690793468;2013;60;88.33;77;95
CENTRE HOSPITALIER  ST JOSEPH ST LUC;Rhône Alpes;ESPIC;690805361;2013;60;75;62;85
POLYCLINIQUE DU BEAUJOLAIS;Rhône Alpes;Privé;690807367;2013;60;48.33;35;62
CHI DE LA HAUTE-SAÔNE;Franche Comté;CH;700004591;2013;60;71.67;59;83
POLYCLINIQUE DU VAL DE SAONE;Bourgogne;Privé;710006859;2013;60;60;47;72
"C.H.G. ""LES CHANAUX""";Bourgogne;CH;710780263;2013;60;83.33;71;92
CENTRE HOSPITALIER DE PARAY;Bourgogne;CH;710780644;2013;60;50;37;63
SA CLINIQUE SAINTE MARIE;Bourgogne;Privé;710780917;2013;41;85.37;71;95
CENTRE HOSPITALIER WILLIAM MOREY;Bourgogne;CH;710780958;2013;60;83.33;71;92
SIH CH MONTCEAU-LES-MINES;Bourgogne;CH;710976705;2013;7;85.71;;
HOTEL-DIEU DU CREUSOT;Bourgogne;ESPIC;710978347;2013;60;81.67;70;91
CENTRE HOSPITALIER LE MANS;Pays de la Loire;CH;720000025;2013;60;86.67;75;94
SA CLINIQUE CHIR. LE PRE-PASTEUR;Pays de la Loire;Privé;720000199;2013;60;85;73;93
CLINIQUE DU TERTRE ROUGE;Pays de la Loire;Privé;720000231;2013;60;78.33;66;88
CLINIQUE VICTOR HUGO;Pays de la Loire;Privé;720000249;2013;60;73.33;60;84
POLE SANTE SARTHE ET LOIR;Pays de la Loire;CH;720016724;2013;18;61.11;36;83
POLE SANTE SUD SITE CMCM;Pays de la Loire;Privé;720017748;2013;60;53.33;40;66
CENTRE HOSPITALIER CHAMBERY;Rhône Alpes;CH;730000015;2013;60;88.33;77;95
C.H.I. ALBERTVILLE MOUTIERS;Rhône Alpes;CH;730002839;2013;20;85;62;97
HOPITAL PRIVE MEDIPOLE DE SAVOIE;Rhône Alpes;Privé;730004298;2013;60;68.33;55;80
CENTRE HOSPITALIER  AIX LES BAINS;Rhône Alpes;CH;730780111;2013;1;100;;
CHI DES HOPITAUX DU PAYS DU MONT BLA;Rhône Alpes;CH;740001839;2013;60;73.33;60;84
HOPITAL PRIVE PAYS DE SAVOIE;Rhône Alpes;Privé;740014345;2013;60;21.67;12;34
CENTRE MEDICAL DE PRAZ COUTANT;Rhône Alpes;ESPIC;740780192;2013;48;93.75;83;99
CLINIQUE DU LAC ET D'ARGONAY;Rhône Alpes;Privé;740780416;2013;60;90;79;96
CLINIQUE GENERALE ANNECY;Rhône Alpes;Privé;740780424;2013;60;98.33;91;99
CH ANNECY-GENEVOIS;Rhône Alpes;CH;740781133;2013;60;65;52;77
CHI SUD LEMAN VALSERINE;Rhône Alpes;CH;740781216;2013;14;71.43;42;92
CENTRE HOSPITALIER ALPES-LEMAN;Rhône Alpes;CH;740790258;2013;60;73.33;60;84
C.H.I. DU LEMAN;Rhône Alpes;CH;740790381;2013;60;93.33;84;98
GROUPE HOSPITALIER PARIS SAINT-JOSEP;Ile de France;ESPIC;750000523;2013;60;90;79;96
FONDATION OPHTALMOLOGIQUE ROTHSCHILD;Ile de France;ESPIC;750000549;2013;32;62.5;44;79
GROUPE HOSPITALIER DIACONESSES-CROIX;Ile de France;ESPIC;750006728;2013;60;76.67;64;87
GROUPE HOSPITALIER  LARIBOISIERE/F.;Ile de France;CHU;750100042;2013;31;93.55;79;99
HOPITAL SAINT-LOUIS;Ile de France;CHU;750100075;2013;31;93.55;79;99
HOPITAL SAINT-ANTOINE;Ile de France;CHU;750100091;2013;31;83.87;66;95
HOPITAL TROUSSEAU;Ile de France;CHU;750100109;2013;31;54.84;36;73
GROUPE HOSPITALIER  PITIE-SALPETRIER;Ile de France;CHU;750100125;2013;60;91.67;82;97
HOPITAL COCHIN/ST VINCENT DE PAUL;Ile de France;CHU;750100166;2013;60;65;52;77
HOPITAL NECKER ENFANTS MALADES;Ile de France;CHU;750100208;2013;60;86.67;75;94
GIH BICHAT/CLAUDE BERNARD;Ile de France;CHU;750100232;2013;31;70.97;52;86
HOPITAL TENON;Ile de France;CHU;750100273;2013;31;67.74;49;83
CNO QUINZE VINGTS;Ile de France;CH;750110025;2013;0;;;
HÔPITAL D'INSTRUCTION DES ARMÉES DU;Service de santé d;CH;750120016;2013;60;53.33;40;66
CENTRE HOSPITALIER SAINTE-ANNE;Ile de France;CH;750140014;2013;60;100;100;100
INSTITUT MUTUALISTE MONTSOURIS;Ile de France;ESPIC;750150104;2013;60;91.67;82;97
INSTITUT CURIE;Ile de France;CLCC;750160012;2013;60;86.67;75;94
SA CLINIQUE DU LOUVRE;Ile de France;Privé;750300014;2013;0;;;
CLINIQUE GEOFFROY ST HILAIRE;Ile de France;Privé;750300071;2013;60;80;68;89
MAISON SANTE ST JEAN DE DIEU;Ile de France;Privé;750300121;2013;60;83.33;71;92
CLINIQUE TURIN;Ile de France;Privé;750300154;2013;60;100;100;100
HOPITAL DES PEUPLIERS CRF;Ile de France;Privé;750300360;2013;60;71.67;59;83
CLINIQUE ARAGO;Ile de France;Privé;750300493;2013;0;;;
CLINIQUE SAINTE GENEVIEVE;Ile de France;Privé;750300550;2013;6;100;;
CLINIQUE BLOMET;Ile de France;Privé;750300592;2013;34;88.24;73;97
CLINIQUE BIZET;Ile de France;Privé;750300766;2013;60;95;86;99
CLINIQUE DE LA MUETTE;Ile de France;Privé;750300840;2013;34;73.53;56;87
CLINIQUE DU TROCADERO;Ile de France;Privé;750300881;2013;38;94.74;82;99
CLINIQUE INTERNATIONALE PARC MONCEAU;Ile de France;Privé;750300915;2013;39;100;100;100
CLINIQUE ALLERAY LABROUSTE;Ile de France;Privé;750301137;2013;60;60;47;72
CLINIQUE DU MONT LOUIS;Ile de France;Privé;750301145;2013;8;50;;
HOPITAL EUROPEEN G. POMPIDOU/BROUSSA;Ile de France;CHU;750803447;2013;60;73.33;60;84
HOPITAL ROBERT DEBRE;Ile de France;CHU;750803454;2013;46;84.78;71;94
CRLCC HENRI BECQUEREL;Haute Normandie;CLCC;760000166;2013;60;98.33;91;99
HOPITAL PRIVE DE L'ESTUAIRE;Haute Normandie;Privé;760021329;2013;60;70;57;81
CHI ELBEUF LOUVIERS;Haute Normandie;CH;760024042;2013;60;50;37;63
CLINIQUE MATHILDE;Haute Normandie;Privé;760025312;2013;60;83.33;71;92
POLYCLINIQUE MEGIVAL;Haute Normandie;Privé;760027292;2013;36;80.56;64;92
CENTRE HOSPITALIER DE DIEPPE;Haute Normandie;CH;760780023;2013;60;78.33;66;88
CLINIQUE LES AUBEPINES;Haute Normandie;Privé;760780197;2013;39;94.87;83;99
CLINIQUE SAINT ANTOINE;Haute Normandie;Privé;760780205;2013;60;100;100;100
C H U ROUEN;Haute Normandie;CHU;760780239;2013;60;71.67;59;83
CLINIQUE DU CEDRE;Haute Normandie;Privé;760780510;2013;60;95;86;99
CLINIQUE SAINT HILAIRE;Haute Normandie;Privé;760780619;2013;60;95;86;99
CH DU HAVRE;Haute Normandie;CH;760780726;2013;60;68.33;55;80
CLINIQUE TOUS VENTS;Haute Normandie;Privé;760780783;2013;7;71.43;;
CLINIQUE DES ORMEAUX;Haute Normandie;Privé;760780791;2013;60;70;57;81
CLINIQUE DE L'ABBAYE;Haute Normandie;Privé;760780825;2013;32;53.13;35;71
CLINIQUE DE L'EUROPE;Haute Normandie;Privé;760921809;2013;60;85;73;93
CH DE COULOMMIERS;Ile de France;CH;770110013;2013;28;100;100;100
CH DE FONTAINEBLEAU;Ile de France;CH;770110021;2013;60;90;79;96
CH DE MELUN;Ile de France;CH;770110054;2013;22;50;28;72
CENTRE HOSPITALIER DE MONTEREAU;Ile de France;CH;770110062;2013;20;90;68;99
CENTRE MEDICAL DE FORCILLES;Ile de France;ESPIC;770150019;2013;60;100;100;100
CH  MARNE LA VALLEE;Ile de France;CH;770170017;2013;60;100;100;100
CLINIQUE CHANTEREINE;Ile de France;Privé;770300010;2013;60;86.67;75;94
POLYCLINIQUE SAINT JEAN;Ile de France;Privé;770300143;2013;60;91.67;82;97
CLINIQUE ST BRICE;Ile de France;Privé;770300192;2013;36;97.22;85;99
POLYCLINIQUE DE LA FORET;Ile de France;Privé;770300275;2013;60;96.67;88;99
CLINIQUE CHIRURGICALE   ERMITAGE;Ile de France;Privé;770300283;2013;60;90;79;96
CH DE MEAUX;Ile de France;CH;770700185;2013;60;93.33;84;98
CLINIQUE DE TOURNAN;Ile de France;Privé;770790707;2013;40;32.5;19;49
CLINIQUE SAINT FARON;Ile de France;Privé;770813400;2013;60;93.33;84;98
CH DES COURSES;Ile de France;ESPIC;780000436;2013;25;48;28;69
CHI DE POISSY ST-GERMAIN;Ile de France;CH;780001236;2013;60;91.67;82;97
CHI DE MEULAN LES MUREAUX;Ile de France;CH;780002697;2013;60;76.67;64;87
CLINIQUE SAINT GERMAIN;Ile de France;Privé;780018727;2013;48;97.92;89;99
CH DE MANTES LA JOLIE;Ile de France;CH;780110011;2013;60;83.33;71;92
CH DE RAMBOUILLET;Ile de France;CH;780110052;2013;32;78.13;60;91
CH DE VERSAILLES;Ile de France;CH;780110078;2013;60;90;79;96
CLINIQUE MEDICALE PORTE VERTE;Ile de France;ESPIC;780150066;2013;5;100;;
POLYCLINIQUE LA REGION MANTAISE;Ile de France;Privé;780300125;2013;54;83.33;71;92
CLINIQUE SAINT LOUIS;Ile de France;Privé;780300208;2013;38;7.89;2;21
CLINIQUE DES FRANCISCAINES;Ile de France;Privé;780300323;2013;60;88.33;77;95
CLINIQUE DU CHATEAU DE LA MAYE;Ile de France;Privé;780300364;2013;2;50;;
CTRE MEDICO CHIRUR. DE PARLY II;Ile de France;Privé;780300406;2013;49;79.59;66;90
CTRE MEDICO-CHIRURGICAL EUROPE;Ile de France;Privé;780300414;2013;60;85;73;93
HOPITAL PRIVE OUEST;Ile de France;Privé;780300422;2013;60;80;68;89
CENTRE HOSPITALIER DE NIORT;Poitou Charentes;CH;790000012;2013;60;85;73;93
CTRE HOSPIT. NORD DEUX-SEVRES;Poitou Charentes;CH;790006654;2013;60;85;73;93
POLYCLINIQUE INKERMANN;Poitou Charentes;Privé;790009948;2013;60;90;79;96
CTRE HOSP D'ABBEVILLE;Picardie;CH;800000028;2013;60;88.33;77;95
C.H.U. D'AMIENS;Picardie;CHU;800000044;2013;60;68.33;55;80
SA SAINTE ISABELLE;Picardie;Privé;800002503;2013;60;91.67;82;97
POLYCLINIQUE DE PICARDIE;Picardie;Privé;800009466;2013;60;30;19;43
SA CLINIQUE VICTOR PAUCHET;Picardie;Privé;800009920;2013;60;58.33;45;71
SAS CLINIQUE DE L'EUROPE;Picardie;Privé;800013179;2013;58;18.97;10;31
CMCO CLAUDE BERNARD;Midi Pyrénées;Privé;810000224;2013;60;85;73;93
CH ALBI;Midi Pyrénées;CH;810000331;2013;54;87.04;75;95
CHIC CASTRES-MAZAMET;Midi Pyrénées;CH;810000380;2013;60;98.33;91;99
CLINIQUE TOULOUSE LAUTREC;Midi Pyrénées;Privé;810101170;2013;60;36.67;25;50
CLINIQUE DU SIDOBRE;Midi Pyrénées;Privé;810101444;2013;60;98.33;91;99
CH MONTAUBAN;Midi Pyrénées;CH;820000016;2013;48;89.58;77;97
CLINIQUE CROIX SAINT MICHEL;Midi Pyrénées;Privé;820000040;2013;56;73.21;60;84
CLINIQUE DU PONT DE CHAUME;Midi Pyrénées;Privé;820000057;2013;60;80;68;89
CLINIQUE DU DOCTEUR CAVE;Midi Pyrénées;Privé;820000065;2013;10;100;100;100
CLINIQUE STE MARGUERITE;PACA;Privé;830100103;2013;60;93.33;84;98
CLINIQUE DU CAP D'OR;PACA;Privé;830100251;2013;60;96.67;88;99
POLYCLINIQUE LES FLEURS;PACA;Privé;830100319;2013;60;91.67;82;97
CLINIQUE LES LAURIERS;PACA;Privé;830100327;2013;60;81.67;70;91
CLINIQUE CHIRURGICALE DU GOLFE DE SA;PACA;Privé;830100368;2013;11;100;100;100
POLYCLINIQUE NOTRE DAME;PACA;Privé;830100392;2013;60;80;68;89
CLINIQUE NOTRE DAME DE LA MERCI;PACA;Privé;830100418;2013;14;0;0;0
CLINIQUE SAINT JEAN;PACA;Privé;830100434;2013;60;96.67;88;99
CLINIQUE SAINT MICHEL;PACA;Privé;830100459;2013;37;100;100;100
CH DE BRIGNOLES;PACA;CH;830100517;2013;29;89.66;73;98
CH DE DRAGUIGNAN;PACA;CH;830100525;2013;60;90;79;96
CH DE  HYERES;PACA;CH;830100533;2013;18;88.89;65;99
CHI FREJUS;PACA;CH;830100566;2013;60;91.67;82;97
HÔPITAL D'INSTRUCTION DES ARMÉES SAI;Service de santé d;CH;830100574;2013;60;90;79;96
CHI TOULON;PACA;CH;830100616;2013;60;81.67;70;91
POLYCLINIQUE HENRI MALARTIC;PACA;ESPIC;830200523;2013;37;81.08;65;92
CH LOUIS GIORGI D'ORANGE;PACA;CH;840000087;2013;33;78.79;61;91
POLYCLINIQUE URBAIN V;PACA;Privé;840000285;2013;60;95;86;99
CLINIQUE SAINTE CATHERINE;PACA;ESPIC;840000350;2013;60;90;79;96
CENTRE CHIRURGICAL ST ROCH;PACA;Privé;840000400;2013;41;80.49;65;91
CH HENRI DUFFAUT AVIGNON;PACA;CH;840006597;2013;60;100;100;100
CLINIQUE DE PROVENCE;PACA;Privé;840013270;2013;60;75;62;85
CLINIQUE RHONE DURANCE;PACA;Privé;840013312;2013;60;66.67;53;78
SYNERGIA POLYCLINIQUE;PACA;Privé;840017172;2013;60;81.67;70;91
CENTRE HOSPITALIER LA ROCHE/YON - MO;Pays de la Loire;CH;850000019;2013;60;90;79;96
CTRE HOSPITALIER LES SABLES D'O.;Pays de la Loire;CH;850000084;2013;30;66.67;47;83
CLINIQUE SAINT CHARLES;Pays de la Loire;Privé;850000118;2013;60;86.67;75;94
CLINIQUE CHIRURGICALE PORTE OCEANE;Pays de la Loire;Privé;850000134;2013;60;85;73;93
CHI LOIRE VENDEE OCEAN;Pays de la Loire;CH;850009010;2013;13;92.31;64;99
POLYCLINIQUE DE POITIERS;Poitou Charentes;Privé;860010321;2013;60;95;86;99
CTRE HOSP. UNIVERSITAIRE DE POITIERS;Poitou Charentes;CHU;860013077;2013;60;80;68;89
CH CHATELLERAULT;Poitou Charentes;CH;860780063;2013;60;68.33;55;80
CLINIQUE DE CHATELLERAULT;Poitou Charentes;Privé;860780311;2013;60;98.33;91;99
CLINIQUE FIEF DE GRIMOIRE;Poitou Charentes;Privé;860780568;2013;60;96.67;88;99
CHU  LIMOGES;Limousin;CHU;870000015;2013;60;83.33;71;92
CENTRE HOSPITALIER  ST JUNIEN;Limousin;CH;870000023;2013;29;58.62;39;77
CLINIQUE FRANÇOIS CHENIEUX;Limousin;Privé;870000288;2013;60;83.33;71;92
CLINIQUE DES EMAILLEURS;Limousin;Privé;870000411;2013;60;88.33;77;95
CLINIQUE DU COLOMBIER;Limousin;Privé;870002060;2013;60;98.33;91;99
CHI EMILE DURKHEIM EPINAL;Lorraine;CH;880007059;2013;60;90;79;96
CENTRE HOSPITALIER - SAINT DIE;Lorraine;CH;880780077;2013;16;100;100;100
CENTRE HOSPITALIER - REMIREMONT;Lorraine;CH;880780093;2013;60;76.67;64;87
POLYCLINIQUE LA LIGNE BLEUE;Lorraine;Privé;880788591;2013;60;13.33;6;25
CH AUXERRE;Bourgogne;CH;890000037;2013;60;95;86;99
CLINIQUE PAUL PIQUET;Bourgogne;Privé;890000169;2013;60;61.67;48;74
POLYCLINIQUE STE MARGUERITE;Bourgogne;Privé;890002389;2013;60;88.33;77;95
CENTRE HOSPITALIER SENS;Bourgogne;CH;890970569;2013;60;93.33;84;98
S.A CLINIQUE LA MIOTTE;Franche Comté;Privé;900000035;2013;39;69.23;52;83
CH de Belfort-Montbelliard;Franche Comté;CH;900000365;2013;60;86.67;75;94
CH SUD-FRANCILIEN;Ile de France;CH;910002773;2013;60;91.67;82;97
CHI SUD ESSONNE-DOURDAN-ETAMPES;Ile de France;CH;910019447;2013;60;66.67;53;78
CH DE LONGJUMEAU;Ile de France;CH;910110055;2013;60;90;79;96
CH D'ORSAY;Ile de France;CH;910110063;2013;32;90.63;75;98
CENTRE MEDICAL DE BLIGNY;Ile de France;ESPIC;910150028;2013;40;95;83;99
CLINIQUE DES CHARMILLES;Ile de France;Privé;910300011;2013;18;50;26;74
CTRE  MEDICO-CHIRURGICAL ET OBST;Ile de France;Privé;910300144;2013;60;80;68;89
CLINIQUE DE L'YVETTE;Ile de France;Privé;910300177;2013;60;76.67;64;87
INSTITUT HOSP. JACQUES CARTIER;Ile de France;Privé;910300219;2013;59;96.61;88;99
HOPITAL PRIVE DU VAL D'YERRES;Ile de France;Privé;910300300;2013;8;100;;
CLINIQUE PASTEUR;Ile de France;Privé;910300326;2013;5;80;;
CLINIQUE CARON;Ile de France;Privé;910300359;2013;29;96.55;82;99
C.H.P CLAUDE GALIEN;Ile de France;Privé;910803543;2013;60;93.33;84;98
CLINIQUE DE L ESSONNE;Ile de France;Privé;910805357;2013;25;96;80;99
INSTITUT HOSPITALIER FRANCO-BRITANIQ;Ile de France;ESPIC;920000643;2013;60;35;23;48
CENTRE MEDICO CHIRURGICAL FOCH;Ile de France;ESPIC;920000650;2013;60;70;57;81
CENTRE CHIRURGICAL MARIE LANNELONGUE;Ile de France;ESPIC;920000684;2013;60;73.33;60;84
HOPITAL AMBROISE PARE;Ile de France;CHU;920100013;2013;60;46.67;34;60
HOPITAL ANTOINE BECLERE;Ile de France;CHU;920100021;2013;31;100;100;100
HOPITAL BEAUJON;Ile de France;CHU;920100039;2013;31;9.68;2;26
HOPITAL LOUIS MOURIER;Ile de France;CHU;920100047;2013;31;90.32;74;98
HOPITAL RAYMOND POINCARE;Ile de France;CHU;920100054;2013;1;0;;
CASH DE NANTERRE;Ile de France;CH;920110020;2013;38;71.05;54;85
HÔPITAL D'INSTRUCTION DES ARMÉES PER;Service de santé d;CH;920120011;2013;60;63.33;50;75
HOPITAL PRIVE D ANTONY;Ile de France;Privé;920300043;2013;60;90;79;96
CENTRE CHIRURGICAL DES PRINCES;Ile de France;Privé;920300183;2013;1;100;;
C.C.B.B. MARCEL SEMBAT;Ile de France;Privé;920300191;2013;49;93.88;83;99
CLINIQUE  LA MONTAGNE;Ile de France;Privé;920300365;2013;0;;;
CLINIQUE LAMBERT;Ile de France;Privé;920300415;2013;60;78.33;66;88
CLINIQUE DE MEUDON LA FORET;Ile de France;Privé;920300597;2013;60;96.67;88;99
CENTRE CHIRURGICAL AMBROISE PARE;Ile de France;Privé;920300753;2013;60;93.33;84;98
HÔPITAL AMÉRICAIN;Ile de France;Privé;920300787;2013;60;55;42;68
CENTRE CHIRURGICAL VAL D'OR;Ile de France;Privé;920300936;2013;60;40;28;53
CLINIQUE DE LA PORTE DE ST CLOUD;Ile de France;Privé;920301033;2013;22;100;100;100
GHI LE RAINCY-MONTFERMEIL;Ile de France;CH;930021480;2013;60;81.67;70;91
HOPITAL AVICENNE;Ile de France;CHU;930100037;2013;31;64.52;45;81
HOPITAL JEAN VERDIER;Ile de France;CHU;930100045;2013;31;100;100;100
CHI DE MONTREUIL;Ile de France;CH;930110036;2013;48;97.92;89;99
CH DE ST DENIS;Ile de France;CH;930110051;2013;40;45;29;62
CH D'AULNAY;Ile de France;CH;930110069;2013;60;91.67;82;97
HOPITAL EUROPEEN DE PARIS;Ile de France;Privé;930300025;2013;60;78.33;66;88
HOPITAL PRIVE DE L'EST PARISIEN;Ile de France;Privé;930300066;2013;56;98.21;90;99
CENTRE CHIRURGICAL FLOREAL;Ile de France;Privé;930300082;2013;25;88;69;98
HOPITAL PRIVE DE SEINE ST DENIS;Ile de France;Privé;930300116;2013;60;83.33;71;92
POLYCLINIQUE VAUBAN;Ile de France;Privé;930300298;2013;60;91.67;82;97
CLINIQUE HOFFMANN;Ile de France;Privé;930300504;2013;15;100;100;100
CLINIQUE DE L'ESTREE;Ile de France;Privé;930300553;2013;60;95;86;99
CLINIQUE DU VERT GALANT;Ile de France;Privé;930300595;2013;60;90;79;96
CENTRE CARDIOLOGIQUE DU NORD;Ile de France;Privé;930300645;2013;20;85;62;97
HOPITAL SAINT-CAMILLE;Ile de France;ESPIC;940000649;2013;46;95.65;85;99
CTRE HOSP.EN PNEUMOLOGIE CHEVILLY;Ile de France;ESPIC;940000656;2013;9;77.78;;
INSTITUT GUSTAVE ROUSSY;Ile de France;CLCC;940000664;2013;60;83.33;71;92
HÔPITAL PRIVÉ DE MARNE-LA-VALLÉE;Ile de France;Privé;940006679;2013;18;88.89;65;99
HOPITAL HENRI MONDOR;Ile de France;CHU;940100027;2013;60;86.67;75;94
HOPITAL DE BICETRE;Ile de France;CHU;940100043;2013;31;83.87;66;95
HOPITAL PAUL BROUSSE;Ile de France;CHU;940100068;2013;31;90.32;74;98
CHI DE CRETEIL;Ile de France;CH;940110018;2013;60;91.67;82;97
CHI DE VILLENEUVE ST GEORGES;Ile de France;CH;940110042;2013;45;88.89;76;96
HÔPITAL D'INSTRUCTION DES ARMÉES BEG;Service de santé d;CH;940120017;2013;60;76.67;64;87
HOPITAL PRIVE PAUL D'EGINE;Ile de France;Privé;940300031;2013;60;83.33;71;92
HOPITAL PRIVE ARMAND BRILLARD;Ile de France;Privé;940300270;2013;60;95;86;99
CLINIQUE GASTON METIVET;Ile de France;Privé;940300379;2013;60;76.67;64;87
HOPITAL PRIVE DE THIAIS;Ile de France;Privé;940300445;2013;2;100;;
POLYCL. DE VILLENEUVE ST GEORGES;Ile de France;Privé;940300494;2013;53;88.68;77;96
CLINIQUE CHIRURGICALE DE VITRY;Ile de France;Privé;940300569;2013;33;63.64;45;80
CLINIQUE DE BERCY;Ile de France;Privé;940813033;2013;28;78.57;59;92
CHI D'EAUBONNE-MONTMORENCY;Ile de France;CH;950013870;2013;60;83.33;71;92
CH D'ARGENTEUIL;Ile de France;CH;950110015;2013;60;73.33;60;84
CH DE GONESSE;Ile de France;CH;950110049;2013;60;98.33;91;99
CH DE PONTOISE;Ile de France;CH;950110080;2013;60;76.67;64;87
CLINIQUE CONTI;Ile de France;Privé;950300202;2013;60;71.67;59;83
CLINIQUE SAINTE MARIE;Ile de France;Privé;950300244;2013;60;80;68;89
HOPITAL PRIVE NORD PARISIEN;Ile de France;Privé;950300277;2013;60;85;73;93
CLINIQUE CLAUDE BERNARD;Ile de France;Privé;950807982;2013;60;76.67;64;87
CENTRE HOSPITALIER DE LA BASSE TERRE;Guadeloupe;CH;970100178;2013;51;49.02;35;63
C.H.U. DE POINTE-A-PITRE/ABYMES;Guadeloupe;CHU;970100228;2013;60;90;79;96
CLINIQUE LES EAUX CLAIRES;Guadeloupe;Privé;970107249;2013;60;5;1;14
CLINIQUE SAINT PAUL;Martinique;Privé;970202313;2013;60;68.33;55;80
S. A.  CLINIQUE SAINTE MARIE;Martinique;Privé;970202321;2013;33;15.15;5;32
CHU DE MARTINIQUE;Martinique;CHU;970211207;2013;60;61.67;48;74
CH CAYENNE;Guyane;CH;970302022;2013;32;46.88;29;65
GROUPE HOSPITALIER EST REUNION;Océan Indien;CH;970403606;2013;24;83.33;63;95
CENTRE HOSPITALIER REGIONAL REUNION;Océan Indien;CHU;970408589;2013;60;83.33;71;92
CENTRE HOSPITALIER GABRIEL MARTIN;Océan Indien;CH;970421038;2013;43;79.07;64;90
CLINIQUE DURIEUX;Océan Indien;Privé;970462073;2013;55;67.27;53;79
CLINIQUE DES ORCHIDÉES;Océan Indien;Privé;970462081;2013;44;61.36;45;76
CLINIQUE SAINTE CLOTILDE;Océan Indien;Privé;970462107;2013;60;78.33;66;88
