Sources;Finess;Raison_sociale;Libelle_region;cat;repondant
2013;010780054;CENTRE HOSPITALIER BOURG EN BRESSE;Rhône Alpes;CH;Oui
2013;010780062;CENTRE HOSPITALIER DE BELLEY;Rhône Alpes;CH;Oui
2013;010780195;CLINIQUE CONVERT BOURG-EN-B.;Rhône Alpes;Privé;Oui
2013;010780203;CLINIQUE MUTUALISTE - AMBERIEU-EN-B.;Rhône Alpes;Privé;Oui
2013;020000063;CTRE  HOSP DE SAINT QUENTIN;Picardie;CH;Oui
2013;020000253;CTRE HOSP DE LAON;Picardie;CH;Oui
2013;020000261;CTRE HOSP DE SOISSONS;Picardie;CH;Oui
2013;020000287;CENTRE HOSPITALIER DE CHAUNY;Picardie;CH;Oui
2013;020000360;CLINIQUE SAINT CHRISTOPHE;Picardie;Privé;Oui
2013;020010047;POLICLINIQUE ST CLAUDE;Picardie;Privé;Oui
2013;030780092;CTRE HOSPITALIER MOULINS YZEURE;Auvergne;CH;Oui
2013;030780100;CENTRE HOSPITALIER MONTLUCON;Auvergne;CH;Oui
2013;030780118;CENTRE HOSPITALIER VICHY;Auvergne;CH;Oui
2013;030780548;POLYCL PERGOLA - VICHY;Auvergne;Privé;Oui
2013;030781116;CL ST-FRANC ST ANT -DESERTINE;Auvergne;Privé;Oui
2013;030785430;POLYCL ST-ODILON - MOULINS;Auvergne;Privé;Oui
2013;040780215;CH MANOSQUE;PACA;CH;Oui
2013;040780470;CLINIQUE CHIR. TOUTES AURES;PACA;Privé;Oui
2013;040788879;CH DIGNE;PACA;CH;Oui
2013;050000090;CLINIQUE DES HAUTES-ALPES;PACA;Privé;Oui
2013;050000116;CH DE BRIANCON;PACA;CH;Oui
2013;050002948;CHICAS GAP-SISTERON;PACA;CH;Oui
2013;060000528;CTRE ANTOINE LACASSAGNE;PACA;CLCC;Oui
2013;060021417;HOPITAL PRIVE CANNES OXFORD;PACA;Privé;Oui
2013;060780442;CLINIQUE SAINT FRANCOIS;PACA;Privé;Oui
2013;060780491;INSTITUT ARNAULT TZANCK;PACA;Privé;Oui
2013;060780517;POLYCLINIQUE SAINT-JEAN;PACA;Privé;Oui
2013;060780590;CLINIQUE DU PALAIS;PACA;Privé;Oui
2013;060780665;CLINIQUE LE MERIDIEN;PACA;Privé;Oui
2013;060780715;CLINIQUE SAINT GEORGE;PACA;Privé;Oui
2013;060780723;CLINIQUE DU PARC IMPERIAL;PACA;Privé;Oui
2013;060780756;CLINIQUE SANTA MARIA;PACA;Privé;Oui
2013;060780897;CH DE GRASSE;PACA;CH;Oui
2013;060780954;C.H ANTIBES-JUAN LES PINS;PACA;CH;Oui
2013;060780988;CH DE CANNES;PACA;CH;Oui
2013;060781200;CLINIQUE SAINT ANTOINE;PACA;Privé;Oui
2013;060785011;C.H.U.  DE  NICE;PACA;CHU;Oui
2013;060785219;CLINIQUE PLEIN CIEL;PACA;Privé;Oui
2013;060800166;CLINIQUE DE L'ESPERANCE;PACA;Privé;Oui
2013;070002878;CENTRE HOSPITALIER DES VALS D'ARDECH;Rhône Alpes;CH;Oui
2013;070005566;CH D'ARDECHE MERIDIONALE;Rhône Alpes;CH;Oui
2013;070780168;CLINIQUE DU VIVARAIS;Rhône Alpes;Privé;Oui
2013;070780358;CH D'ARDECHE NORD;Rhône Alpes;CH;Oui
2013;070780408;CLINIQUE DES CEVENNES;Rhône Alpes;Privé;Oui
2013;070780424;CLINIQUE PASTEUR;Rhône Alpes;Privé;Oui
2013;080000615;CH CHARLEVILLE MEZIERES;Champagne Ardenne;CH;Oui
2013;080010267;GCS TERRITORIAL ARDENNE NORD;Champagne Ardenne;ESPIC;Oui
2013;090781774;C H I DU VAL D ARIEGE;Midi Pyrénées;CH;Oui
2013;100000017;CENTRE HOSPITALIER DE TROYES;Champagne Ardenne;CH;Oui
2013;100000124;POLYCL MONTIER LA CELLE;Champagne Ardenne;Privé;Oui
2013;100000157;CLINIQUE DES URSULINES;Champagne Ardenne;Privé;Non
2013;100002351;CLINIQUE DE CHAMPAGNE - TROYES;Champagne Ardenne;Privé;Oui
2013;110780061;CH CARCASSONNE;Languedoc Roussill;CH;Oui
2013;110780137;CH NARBONNE;Languedoc Roussill;CH;Oui
2013;110780228;POLYCLINIQUE LE LANGUEDOC;Languedoc Roussill;Privé;Oui
2013;110780483;CLINIQUE MONTREAL;Languedoc Roussill;Privé;Oui
2013;120004528;CENTRE HOSPITALIER DE MILLAU;Midi Pyrénées;CH;Oui
2013;120780044;CH RODEZ;Midi Pyrénées;CH;Oui
2013;120780069;CH VILLEFRANCHE-DE-ROUERGUE;Midi Pyrénées;CH;Oui
2013;130001647;INSTITUT PAOLI - CALMETTES;PACA;CLCC;Oui
2013;130008253;CLINIQUE DE VITROLLES;PACA;Privé;Oui
2013;130037922;HPC RESIDENCE DU PARC;PACA;Privé;Oui
2013;130041916;CH DU PAYS D'AIX CHI AIX PERTUIS;PACA;CH;Oui
2013;130043664;HOP EUROPEEN DESBIEF AMBROISE PARE;PACA;ESPIC;Oui
2013;130780521;APHM HOPITAL NORD;PACA;CHU;Oui
2013;130781289;POLYCLINIQUE DU PARC RAMBOT LA PROVE;PACA;Privé;Oui
2013;130781370;CLINIQUE JEANNE D'ARC;PACA;Privé;Oui
2013;130781446;CH D'AUBAGNE;PACA;CH;Oui
2013;130781479;CLINIQUE LA CASAMANCE;PACA;Privé;Oui
2013;130782071;CLINIQUE DE L'ETANG DE L'OLIVIER;PACA;Privé;Oui
2013;130782147;CLINIQUE GENERALE DE MARIGNANE;PACA;Privé;Oui
2013;130782634;CH DE SALON;PACA;CH;Oui
2013;130782675;CL. CHIRURGICALE DU DR VIGNOLI;PACA;Privé;Oui
2013;130783236;APHM HOPITAL LA CONCEPTION;PACA;CHU;Oui
2013;130783293;APHM TIMONE ADULTES;PACA;CHU;Oui
2013;130783327;CLINIQUE BOUCHARD;PACA;Privé;Oui
2013;130783665;CLINIQUE  DE BONNEVEINE;PACA;ESPIC;Oui
2013;130783723;CLINIQUE JUGE;PACA;Privé;Oui
2013;130783772;CLINIQUE MONTICELLI;PACA;Privé;Oui
2013;130784051;POLYCLINIQUE CLAIRVAL;PACA;Privé;Oui
2013;130784713;CLINIQUE BEAUREGARD;PACA;Privé;Oui
2013;130784903;CL. MED.-CHIRURG. LA PHOCEANNE;PACA;Privé;Non
2013;130785389;CLINIQUE CHANTECLER;PACA;Privé;Oui
2013;130785652;HOPITAL SAINT JOSEPH;PACA;ESPIC;Oui
2013;130785678;CLINIQUE VERT COTEAU;PACA;Privé;Oui
2013;130786361;POLYCLINIQUE DU PARC RAMBOT;PACA;Privé;Oui
2013;130786445;ETOILE MATERNITE CATHOLIQUE;PACA;ESPIC;Oui
2013;130786742;HÔPITAL D'INSTRUCTION DES ARMÉES LAV;Service de santé d;CH;Oui
2013;130789274;CH D'ARLES;PACA;CH;Oui
2013;130789316;CH  DE  MARTIGUES;PACA;CH;Oui
2013;130804297;APHM TIMONE ENFANTS;PACA;CHU;Oui
2013;130810740;CLINIQUE AXIUM;PACA;Privé;Oui
2013;140000035;CENTRE HOSPITALIER DE LISIEUX;Basse Normandie;CH;Oui
2013;140000092;CENTRE HOSPITALIER DE BAYEUX;Basse Normandie;CH;Oui
2013;140000100;CHU COTE DE NACRE CAEN;Basse Normandie;CHU;Oui
2013;140000118;CENTRE HOSPITALIER DE FALAISE;Basse Normandie;CH;Oui
2013;140000290;CLINIQUE NOTRE-DAME (VIRE);Basse Normandie;Privé;Oui
2013;140000555;CENTRE DE LUTTE CONTRE LE CANCER - F;Basse Normandie;CLCC;Oui
2013;140016759;POLYCLINIQUE DU PARC;Basse Normandie;Privé;Oui
2013;140017237;CHP ST MARTIN CAEN;Basse Normandie;Privé;Oui
2013;140018730;POLYCLINIQUE DE LISIEUX;Basse Normandie;Privé;Oui
2013;140026709;POLYCLINIQUE DE DEAUVILLE-CRICQUEBOE;Basse Normandie;Privé;Oui
2013;150780088;CENTRE HOSPITALIER ST-FLOUR;Auvergne;CH;Oui
2013;150780096;C.H. HENRI MONDOR AURILLAC;Auvergne;CH;Oui
2013;150780732;C MC - AURILLAC;Auvergne;Privé;Oui
2013;160000170;CLINIQUE SAINT JOSEPH S.A.;Poitou Charentes;Privé;Oui
2013;160000279;CLINIQUE DE COGNAC;Poitou Charentes;Privé;Oui
2013;160000451;CENTRE HOSPITALIER  ANGOULEME;Poitou Charentes;CH;Oui
2013;160013207;CENTRE CLINICAL;Poitou Charentes;Privé;Oui
2013;160014411;CTRE HOSP INTERCOMM DU PAYS DE COGNA;Poitou Charentes;CH;Oui
2013;170023279;GROUPE HOSP. DE LA ROCHELLE-RE-AUNIS;Poitou Charentes;CH;Oui
2013;170780050;CENTRE HOSPITALIER DE JONZAC;Poitou Charentes;CH;Oui
2013;170780167;CENTRE HOSPITALIER DE SAINT-JEAN-D'A;Poitou Charentes;CH;Oui
2013;170780175;CENTRE HOSPITALIER  DE SAINTES (ST L;Poitou Charentes;CH;Oui
2013;170780191;CENTRE HOSPITALIER DE ROYAN;Poitou Charentes;CH;Oui
2013;170780225;C. H. ROCHEFORT-SUR-MER;Poitou Charentes;CH;Oui
2013;170780563;CLINIQUE PASTEUR;Poitou Charentes;Privé;Oui
2013;170780613;SA CLINIQUE DU MAIL;Poitou Charentes;Privé;Oui
2013;170780621;POLYCLINIQUE SAINT-GEORGES;Poitou Charentes;Privé;Oui
2013;170780647;SA CLINIQUE  RICHELIEU;Poitou Charentes;Privé;Oui
2013;170780662;CENTRE MEDICO-CHIRURGICAL DE L'ATLAN;Poitou Charentes;Privé;Oui
2013;180000028;C. H. J. COEUR  BOURGES;Centre;CH;Oui
2013;180000358;CLINIQUE DES GRAINETIERES;Centre;Privé;Oui
2013;180004145;HOPITAL PRIVE GUILLAUME DE VARYE;Centre;Privé;Oui
2013;190000042;CENTRE HOSPITALIER  BRIVE;Limousin;CH;Oui
2013;190000059;CENTRE HOSPITALIER  TULLE;Limousin;CH;Oui
2013;190000075;CENTRE HOSPITALIER  USSEL;Limousin;CH;Oui
2013;190000224;CMC LES CEDRES BRIVE;Limousin;Privé;Oui
2013;190000257;"CLINIQUE ""SAINT-GERMAIN""  BRIVE";Limousin;Privé;Oui
2013;200200145;POLYCLINIQUE LA RESIDENCE;Corse;Privé;Oui
2013;210011847;POLYCLINIQUE DU PARC DREVON;Bourgogne;Privé;Oui
2013;210780110;CLINIQUE SAINTE MARTHE;Bourgogne;Privé;Oui
2013;210780136;CLINIQUE MEDICO CHIR DE CHENÔVE;Bourgogne;Privé;Oui
2013;210780581;C.H.U. DE DIJON;Bourgogne;CHU;Oui
2013;210780706;CENTRE HOSPITALIER ROBERT MORLEVAT S;Bourgogne;CH;Oui
2013;210780714;CENTRE HOSPITALIER DE BEAUNE;Bourgogne;CH;Oui
2013;210780789;CLINIQUE MEDICO-CHIRURGICALE;Bourgogne;Privé;Oui
2013;210780979;CLINIQUE DE FONTAINE;Bourgogne;Privé;Oui
2013;210987731;CENTRE GEORGES-FRANCOIS LECLERC;Bourgogne;CLCC;Oui
2013;220000020;CENTRE HOSPITALIER ST BRIEUC;Bretagne;CH;Oui
2013;220000079;CENTRE HOSPITALIER GUINGAMP;Bretagne;CH;Oui
2013;220000103;CENTRE HOSPITALIER LANNION;Bretagne;CH;Oui
2013;220000111;POLYCLINIQUE DU TREGOR;Bretagne;Privé;Oui
2013;220000269;CLINIQUE ARMORICAINE  RADIOLOGIE;Bretagne;Privé;Oui
2013;220000301;CHP ST-BRIEUC - SITE STE-THERESE;Bretagne;Privé;Oui
2013;220005599;POLYCLINIQUE DU PAYS DE RANCE;Bretagne;Privé;Oui
2013;230780082;CTRE MEDICAL NATIONAL  STE FEYRE;Limousin;ESPIC;Oui
2013;230780157;CLINIQUE DE LA MARCHE;Limousin;Privé;Oui
2013;240000059;CTRE HOSPITALIER BERGERAC;Aquitaine;CH;Oui
2013;240000117;CENTRE HOSPITALIER PERIGUEUX;Aquitaine;CH;Oui
2013;240000190;POLYCLINIQUE FRANCHEVILLE;Aquitaine;Privé;Oui
2013;240000208;CLINIQUE PASTEUR;Aquitaine;Privé;Oui
2013;250000015;CHU BESANCON;Franche Comté;CHU;Oui
2013;250000270;CLINIQUE SAINT-VINCENT;Franche Comté;Privé;Oui
2013;250000452;CHI DE HAUTE-COMTÉ;Franche Comté;CH;Oui
2013;250011723;CLINIQUE DE MONTBÉLIARD;Franche Comté;Privé;Oui
2013;250011848;POLYCLINIQUE DE FRANCHE COMTE;Franche Comté;Privé;Oui
2013;260000021;CENTRE HOSPITALIER DE VALENCE;Rhône Alpes;CH;Oui
2013;260000047;CENTRE HOSPITALIER MONTELIMAR;Rhône Alpes;CH;Oui
2013;260000260;CLINIQUE LA PARISIERE;Rhône Alpes;Privé;Oui
2013;260003017;SA CLINIQUE KENNEDY;Rhône Alpes;Privé;Oui
2013;260006267;CLINIQUE GENERALE;Rhône Alpes;Privé;Oui
2013;260016910;HOPITAUX DROME NORD;Rhône Alpes;CH;Oui
2013;270000326;CLINIQUE PASTEUR;Haute Normandie;Privé;Oui
2013;270023724;CHI EURE SEINE HÔPITAUX EVREUX-VERNO;Haute Normandie;CH;Oui
2013;280000134;CH CHARTRES;Centre;CH;Oui
2013;280000159;CLINI NOTRE DAME DE BON SECOURS;Centre;Privé;Oui
2013;280000183;"C.H. ""VICTOR JOUSSELIN""";Centre;CH;Oui
2013;280505777;NOUVELLE CLINIQUE SAINT FRANCOIS;Centre;Privé;Oui
2013;290000017;C.H.U.  BREST;Bretagne;CHU;Oui
2013;290000140;CLINIQUE PASTEUR-SAINT ESPRIT;Bretagne;Privé;Oui
2013;290000207;CLINIQUE ST MICHEL ET STE ANNE;Bretagne;Privé;Oui
2013;290000215;POLYCLINIQUE QUIMPER SUD;Bretagne;Privé;Oui
2013;290000728;HÔPITAL D'INSTRUCTION DES ARMÉES CLE;Service de santé d;CH;Oui
2013;290000785;HÔTEL DIEU PONT-L'ABBE;Bretagne;ESPIC;Oui
2013;290004142;CLINIQUE DU GRAND LARGE;Bretagne;Privé;Oui
2013;290019777;POLYCLINIQUE DE KERAUDREN;Bretagne;Privé;Oui
2013;290020700;CENTRE HOSPITALIER INTERCOMMUNAL DE;Bretagne;CH;Oui
2013;290021542;CENTRE HOSPITALIER DES PAYS DE MORLA;Bretagne;CH;Oui
2013;290023431;CMC BAIE DE MORLAIX;Bretagne;Privé;Oui
2013;2A0000014;CENTRE HOSPITALIER GAL D'AJACCIO;Corse;CH;Oui
2013;2A0000139;SA CLINISUD;Corse;Privé;Oui
2013;2A0000386;C.H.S. DE CASTELLUCCIO;Corse;CH;Oui
2013;2B0000020;CENTRE HOSPITALIER BASTIA;Corse;CH;Oui
2013;2B0000160;CLINIQUE ST ANTOINE;Corse;Privé;Oui
2013;2B0000392;POLYCLINIQUE DE FURIANI;Corse;Privé;Oui
2013;300780038;CHU NIMES;Languedoc Roussill;CHU;Oui
2013;300780046;CH ALES;Languedoc Roussill;CH;Oui
2013;300780053;CH BAGNOLS SUR CEZE;Languedoc Roussill;CH;Oui
2013;300780137;NOUVELLE CLINIQUE BONNEFON;Languedoc Roussill;Privé;Oui
2013;300780152;HOPITAL PRIVE LES FRANCISCAINES;Languedoc Roussill;Privé;Oui
2013;300780285;CLINIQUE VALDEGOUR;Languedoc Roussill;Privé;Oui
2013;300781465;CLINIQUE KENNEDY;Languedoc Roussill;Privé;Oui
2013;300788502;POLYCLINIQUE DU GRAND SUD;Languedoc Roussill;Privé;Oui
2013;310780101;CLINIQUE SAINT JEAN LANGUEDOC;Midi Pyrénées;Privé;Oui
2013;310780135;CLINIQUE SARRUS-TEINTURIERS;Midi Pyrénées;Privé;Oui
2013;310780150;CLINIQUE MEDIPOLE GARONNE;Midi Pyrénées;Privé;Oui
2013;310780259;S.A. CLINIQUE PASTEUR;Midi Pyrénées;Privé;Oui
2013;310780283;NOUVELLE CLINIQUE DE L'UNION;Midi Pyrénées;Privé;Oui
2013;310780309;POLYCLINIQUE DU PARC;Midi Pyrénées;Privé;Oui
2013;310780382;CLINIQUE AMBROISE PARE;Midi Pyrénées;Privé;Oui
2013;310780671;CH SAINT-GAUDENS;Midi Pyrénées;CH;Oui
2013;310781000;CLINIQUE DES CEDRES;Midi Pyrénées;Privé;Oui
2013;310781067;HOPITAL JOSEPH DUCUING;Midi Pyrénées;ESPIC;Oui
2013;310781406;CHR TOULOUSE;Midi Pyrénées;CHU;Oui
2013;310781505;CLINIQUE D'OCCITANIE;Midi Pyrénées;Privé;Oui
2013;310782347;INSTITUT CLAUDIUS REGAUD;Midi Pyrénées;CLCC;Oui
2013;320780067;CLINIQUE DU DR CARLIER;Midi Pyrénées;Privé;Oui
2013;320780117;CH AUCH;Midi Pyrénées;CH;Oui
2013;330000340;M.S.P.B. BAGATELLE;Aquitaine;ESPIC;Oui
2013;330000662;INSTITUT BERGONIE;Aquitaine;CLCC;Oui
2013;330027509;CTRE HOSP INTERCOMMUNAL SUD GIRONDE;Aquitaine;CH;Oui
2013;330780081;CLINIQUE SAINT AUGUSTIN;Aquitaine;Privé;Oui
2013;330780115;CLINIQUE TIVOLI-DUCOS;Aquitaine;Privé;Oui
2013;330780149;CLINIQUE CHIRURGICALE BEL AIR;Aquitaine;Privé;Oui
2013;330780206;CLINIQUE D'ARCACHON;Aquitaine;Privé;Oui
2013;330780255;CLINIQUE DU LIBOURNAIS;Aquitaine;Privé;Oui
2013;330780263;POLYCLINIQUE BORDEAUX RIVE DROITE;Aquitaine;Privé;Oui
2013;330780479;POLYCLINIQUE BX-NORD AQUITAINE;Aquitaine;Privé;Oui
2013;330780495;CLINIQUE MUTUALISTE DU MEDOC;Aquitaine;ESPIC;Oui
2013;330780503;POLYCLINIQUE SAINT MARTIN;Aquitaine;Privé;Oui
2013;330780511;CLINIQUE SAINTE ANNE;Aquitaine;Privé;Oui
2013;330780529;CLINIQUE MUTUALISTE;Aquitaine;ESPIC;Oui
2013;330780537;CLINIQUE WALLERSTEIN;Aquitaine;ESPIC;Oui
2013;330781196;C.H.U. DE BORDEAUX;Aquitaine;CHU;Oui
2013;330781204;CENTRE HOSPITALIER D'ARCACHON;Aquitaine;CH;Oui
2013;330781253;CENTRE HOSPITALIER DE LIBOURNE;Aquitaine;CH;Oui
2013;330781303;HÔPITAL D'INSTRUCTION DES ARMÉES ROB;Service de santé d;CH;Oui
2013;330782582;POLYCLINIQUE JEAN VILLAR;Aquitaine;Privé;Oui
2013;340000207;ICM INSTITUT DU CANCER DE MONTPELLIE;Languedoc Roussill;CLCC;Oui
2013;340009885;POLYCLINIQUE CHAMPEAU;Languedoc Roussill;Privé;Oui
2013;340011295;LES HOPITAUX DU BASSIN DE THAU;Languedoc Roussill;CH;Oui
2013;340015502;CLINIQUE LE MILLENAIRE;Languedoc Roussill;Privé;Oui
2013;340015965;SAS POLYCLINIQUE SAINT PRIVAT;Languedoc Roussill;Privé;Oui
2013;340780055;CH BEZIERS;Languedoc Roussill;CH;Oui
2013;340780139;CLINIQUE DU DR. CAUSSE;Languedoc Roussill;Privé;Oui
2013;340780477;CHU MONTPELLIER;Languedoc Roussill;CHU;Oui
2013;340780634;POLYCLINIQUE  SAINT-JEAN;Languedoc Roussill;Privé;Oui
2013;340780642;CLINIQUE BEAU SOLEIL;Languedoc Roussill;ESPIC;Oui
2013;340780667;CLINIQUE DU PARC;Languedoc Roussill;Privé;Oui
2013;340780675;CLINIQUE CLEMENTVILLE;Languedoc Roussill;Privé;Oui
2013;340780683;POLYCLINIQUE SAINT ROCH;Languedoc Roussill;Privé;Oui
2013;340780717;CLINIQUE SAINT- LOUIS;Languedoc Roussill;Privé;Oui
2013;340780741;POLYCLINIQUE SAINTE THERESE;Languedoc Roussill;Privé;Oui
2013;350000022;CENTRE HOSPITALIER ST MALO;Bretagne;CH;Oui
2013;350000030;CENTRE HOSPITALIER FOUGERES;Bretagne;CH;Oui
2013;350000055;CENTRE HOSPITALIER VITRE;Bretagne;CH;Oui
2013;350000121;CHP ST-GREGOIRE;Bretagne;Privé;Oui
2013;350000139;CLINIQUE MUTUALISTE LA SAGESSE RENNE;Bretagne;ESPIC;Oui
2013;350000196;CLINIQUE DE LA COTE D'EMERAUDE;Bretagne;Privé;Oui
2013;350002192;POLYCLINIQUE SAINT LAURENT;Bretagne;Privé;Oui
2013;350002812;CRLCC E. MARQUIS;Bretagne;CLCC;Oui
2013;350005146;POLYCLINIQUE SEVIGNE;Bretagne;Privé;Oui
2013;350005179;CHRU DE RENNES;Bretagne;CHU;Oui
2013;360000053;C.H. DE CHATEAUROUX;Centre;CH;Oui
2013;360000129;"CLINIQUE ""ST FRANCOIS""";Centre;Privé;Oui
2013;370000051;CLINIQUE JEANNE D ARC;Centre;Privé;Oui
2013;370000085;CLINIQUE SAINT-GATIEN SA;Centre;Privé;Oui
2013;370000093;CLINIQUE DE L'ALLIANCE;Centre;Privé;Oui
2013;370000481;C.H.U. DE TOURS;Centre;CHU;Oui
2013;370000614;CH DE LOCHES;Centre;CH;Oui
2013;370007569;PÔLE SANTÉ LÉONARD DE VINCI;Centre;Privé;Oui
2013;380012658;GROUPE HOSPIT. MUTUALISTE DE GRENOBL;Rhône Alpes;ESPIC;Oui
2013;380780049;CENTRE HOSPITALIER  BOURGOIN JALLIEU;Rhône Alpes;CH;Oui
2013;380780080;CHU GRENOBLE;Rhône Alpes;CHU;Oui
2013;380780197;CLINIQUE SAINT VINCENT DE PAUL;Rhône Alpes;Privé;Oui
2013;380780288;"CLINIQUE DE CHARTREUSE""";Rhône Alpes;Privé;Oui
2013;380781435;CENTRE HOSPITALIER DE VIENNE;Rhône Alpes;CH;Oui
2013;380781450;CLINIQUE ST CHARLES ROUSSILLON;Rhône Alpes;Privé;Oui
2013;380784751;CENTRE HOSPITALIER VOIRON;Rhône Alpes;CH;Oui
2013;380785956;CLINIQUE DES CEDRES;Rhône Alpes;Privé;Oui
2013;380786442;CLINIQUE BELLEDONNE;Rhône Alpes;Privé;Oui
2013;390780146;CH LONS;Franche Comté;CH;Oui
2013;390780575;POLYCLINIQUE DU PARC;Franche Comté;Privé;Oui
2013;390780609;CH PASTEUR DOLE;Franche Comté;CH;Oui
2013;400011177;CH DE MONT DE MARSAN;Aquitaine;CH;Oui
2013;400780193;CENTRE HOSPITALIER DAX;Aquitaine;CH;Oui
2013;400780284;CLINIQUE ST-VINCENT DE PAUL;Aquitaine;Privé;Oui
2013;400780359;CLINIQUE DES LANDES;Aquitaine;Privé;Oui
2013;400782769;POLYCLINIQUE LES CHENES;Aquitaine;Privé;Oui
2013;410000087;C. H. DE BLOIS;Centre;CH;Oui
2013;410000103;C. H. ROMORANTIN LANTHENAY;Centre;CH;Oui
2013;410000202;POLYCLINIQUE DE BLOIS;Centre;Privé;Oui
2013;410004998;CLINIQUE DU SAINT COEUR;Centre;Privé;Oui
2013;420002495;HOPITAL DU GIER;Rhône Alpes;CH;Oui
2013;420010050;CLINIQUE MUTUALISTE DE LA LOIRE;Rhône Alpes;ESPIC;Oui
2013;420011413;CHPL;Rhône Alpes;Privé;Oui
2013;420013492;INSTITUT DE CANCEROLOGIE DE LA LOIRE;Rhône Alpes;CH;Oui
2013;420013831;CENTRE HOSPITALIER DU FOREZ;Rhône Alpes;CH;Oui
2013;420780033;CENTRE HOSPITALIER DE ROANNE;Rhône Alpes;CH;Oui
2013;420780504;CLINIQUE DU PARC;Rhône Alpes;Privé;Oui
2013;420780652;CENTRE HOSPITALIER DE FIRMINY;Rhône Alpes;CH;Oui
2013;420782310;CLINIQUE DU RENAISON;Rhône Alpes;Privé;Oui
2013;420784878;CHU SAINT ETIENNE;Rhône Alpes;CHU;Oui
2013;430000018;C.H. EMILE ROUX LE PUY;Auvergne;CH;Oui
2013;430000109;CL BON SECOURS - LE PUY;Auvergne;Privé;Oui
2013;440000057;CENTRE HOSPITALIER   ST-NAZAIRE;Pays de la Loire;CH;Oui
2013;440000289;C.H.U. DE NANTES;Pays de la Loire;CHU;Oui
2013;440000404;CLINIQUE CHIRURG.STE-MARIE;Pays de la Loire;Privé;Oui
2013;440000412;CLINIQUE BRETECHE VIAUD;Pays de la Loire;Privé;Oui
2013;440000487;CLINIQUE UROLOGIQUE NANTES ATLANTIS;Pays de la Loire;Privé;Oui
2013;440000651;CLINIQUE SOURDILLE S.A.;Pays de la Loire;Privé;Oui
2013;440001113;C.R.L.C.C. RENE GAUDUCHEAU;Pays de la Loire;CLCC;Oui
2013;440002020;POLYCLINIQUE DE L'EUROPE;Pays de la Loire;Privé;Oui
2013;440023364;CENTRE CATHERINE DE SIENNE;Pays de la Loire;Privé;Oui
2013;440024982;AHO CLINIQUE SAINT AUGUSTIN;Pays de la Loire;Privé;Oui
2013;440029338;CLINIQUE MUTUALISTE JULES VERNE;Pays de la Loire;ESPIC;Oui
2013;440029379;CLINIQUE JULES VERNE;Pays de la Loire;Privé;Oui
2013;440033819;POLYCLINIQUE DE L'ATLANTIQUE;Pays de la Loire;Privé;Oui
2013;440041580;NOUVELLES CLINIQUES NANTAISES;Pays de la Loire;Privé;Oui
2013;440050433;CLINIQUE MUTUALISTE DE L'ESTUAIRE;Pays de la Loire;ESPIC;Oui
2013;450000088;C.H.R. ORLEANS;Centre;CHU;Oui
2013;450000104;C.H. AGGLOMERATION MONTARGOISE;Centre;CH;Oui
2013;450000237;CLINIQUE JEANNE D'ARC - GIEN;Centre;Privé;Oui
2013;450000245;"CLINIQUE ""L'ARCHETTE""";Centre;Privé;Oui
2013;450010079;"POLYCLINIQUE ""LONGUES ALLEES""";Centre;Privé;Oui
2013;460780083;CH FIGEAC;Midi Pyrénées;CH;Oui
2013;460780216;CH CAHORS;Midi Pyrénées;CH;Oui
2013;470000027;CLINIQUE ESQUIROL - SAINT-HILAIRE;Aquitaine;Privé;Oui
2013;470000142;CLINIQUE DE VILLENEUVE;Aquitaine;Privé;Oui
2013;470000316;CENTRE HOSPITALIER AGEN;Aquitaine;CH;Oui
2013;470000324;C. H. SAINT CYR VILLENEUVE/LOT;Aquitaine;CH;Oui
2013;470001660;CH MARMANDE TONNEINS;Aquitaine;CH;Oui
2013;480780097;CH MENDE;Languedoc Roussill;CH;Oui
2013;490000031;C.H.R.U.    ANGERS;Pays de la Loire;CHU;Oui
2013;490000155;CTRE REGIONAL DE LUTTE C/CANCER;Pays de la Loire;CLCC;Oui
2013;490000262;CLINIQUE SAINT-JOSEPH;Pays de la Loire;Privé;Oui
2013;490000676;CENTRE HOSPITALIER CHOLET;Pays de la Loire;CH;Oui
2013;490002037;SA POLYCLINIQUE DU PARC;Pays de la Loire;Privé;Oui
2013;490007929;CLINIQUE CHIRURGICALE DE LA LOIRE;Pays de la Loire;Privé;Oui
2013;490014909;CLINIQUE DE L'ANJOU;Pays de la Loire;Privé;Oui
2013;490528452;CENTRE HOSPITALIER SAUMUR;Pays de la Loire;CH;Oui
2013;500000013;CENTRE HOSPITALIER PUBLIC DU COTENTI;Basse Normandie;CH;Oui
2013;500000054;CH AVRANCHES GRANVILLE;Basse Normandie;CH;Oui
2013;500000112;HOPITAL MEMORIAL ST LO;Basse Normandie;CH;Oui
2013;500000146;POLYCLINIQUE DE LA BAIE-ST MARTIN;Basse Normandie;Privé;Oui
2013;500000203;POLYCLINIQUE DE LA MANCHE - SAINT-LO;Basse Normandie;Privé;Oui
2013;500002357;POLYCLINIQUE DU COTENTIN;Basse Normandie;Privé;Oui
2013;510000029;CHR DE REIMS;Champagne Ardenne;CHU;Oui
2013;510000037;CH CHÂLONS EN CHAMPAGNE;Champagne Ardenne;CH;Oui
2013;510000185;POLYCLINIQUE COURLANCY - REIMS;Champagne Ardenne;Privé;Oui
2013;510000193;POLYCLINIQUE SAINT-ANDRE;Champagne Ardenne;Privé;Oui
2013;510000516;INSTITUT JEAN GODINOT;Champagne Ardenne;CLCC;Oui
2013;510012040;POLYCLINIQUE LES BLEUETS - REIMS;Champagne Ardenne;Privé;Oui
2013;520780057;CENTRE HOSPITALIER DE LANGRES;Champagne Ardenne;CH;Oui
2013;520780073;CENTRE HOSPITALIER DE ST DIZIER;Champagne Ardenne;CH;Oui
2013;520780180;CLINIQUE FRANCOIS 1ER;Champagne Ardenne;Privé;Oui
2013;530000025;CH INTERCOMMUNAL DU HAUT-ANJOU;Pays de la Loire;CH;Oui
2013;530000074;CENTRE HOSPITALIER  NORD-MAYENNE;Pays de la Loire;CH;Oui
2013;530000371;CENTRE HOSPITALIER  LAVAL;Pays de la Loire;CH;Oui
2013;530031962;POLYCLINIQUE DU MAINE;Pays de la Loire;Privé;Oui
2013;540000031;C.H.U. DE NANCY;Lorraine;CHU;Oui
2013;540000049;CENTRE HOSPITALIER - TOUL;Lorraine;CH;Oui
2013;540000080;CENTRE HOSPITALIER - LUNEVILLE;Lorraine;CH;Oui
2013;540000361;CLINIQUE JEANNE D'ARC - LUNEVILL;Lorraine;Privé;Oui
2013;540000478;POLYCLINIQUE LOUIS PASTEUR;Lorraine;Privé;Oui
2013;540000486;POLYCLINIQUE DE GENTILLY;Lorraine;Privé;Oui
2013;540000767;CENTRE HOSPITALIER - BRIEY;Lorraine;CH;Oui
2013;540001286;INSTITUT DE CANCEROLOGIE DE LORRAINE;Lorraine;CLCC;Oui
2013;540013224;POLYCLINIQUE MAJORELLE;Lorraine;Privé;Oui
2013;540020112;SINCAL - NANCY;Lorraine;CH;Oui
2013;550000053;CENTRE HOSPITALIER VERDUN/SAINT MIHI;Lorraine;CH;Oui
2013;550000178;POLYCLINIQUE DU PARC - BAR-LE-DU;Lorraine;Privé;Oui
2013;550003354;CENTRE HOSPITALIER - BAR LE DUC;Lorraine;CH;Oui
2013;560000044;CENTRE HOSPITALIER PLOERMEL;Bretagne;CH;Oui
2013;560002511;CLINIQUE DU TER;Bretagne;Privé;Oui
2013;560002933;CLINIQUE MUTUALISTE PORTE DE L'ORIEN;Bretagne;ESPIC;Oui
2013;560005746;CENTRE HOSPITALIER BRETAGNE SUD LORI;Bretagne;CH;Oui
2013;560007510;POLYCLINIQUE DE PONTIVY;Bretagne;Privé;Oui
2013;560008799;CLINIQUE OCEANE;Bretagne;Privé;Oui
2013;560014748;CENTRE HOSPITALIER DU CENTRE BRETAGN;Bretagne;CH;Oui
2013;560023210;CENTRE HOSPITALIER BRETAGNE ATLANTIQ;Bretagne;CH;Oui
2013;570000083;CLINIQUE SAINT NABOR;Lorraine;Privé;Oui
2013;570000091;HOPITAL DE FREYMING MERLEBACH;Lorraine;ESPIC;Oui
2013;570000158;CENTRE HOSPITALIER ROBERT PAX;Lorraine;CH;Oui
2013;570000216;HOSPITALOR - SAINT-AVOLD;Lorraine;ESPIC;Oui
2013;570000356;CLINIQUE CHIR. AMBROISE PARE;Lorraine;Privé;Oui
2013;570000364;CLINIQUE NOTRE DAME DU PARC THIONVIL;Lorraine;Privé;Non
2013;570000596;HÔPITAL D'INSTRUCTION DES ARMÉES LEG;Service de santé d;CH;Oui
2013;570000646;HOPITAL CLINIQUE CLAUDE BERNARD;Lorraine;Privé;Oui
2013;570005165;C. H. R. - METZ THIONVILLE;Lorraine;CHU;Oui
2013;570010181;HOTEL DIEU DE MONT SAINT MARTIN;Lorraine;ESPIC;Oui
2013;570015099;CENTRE HOSPITALIER - SARREBOURG;Lorraine;CH;Oui
2013;570023630;HOPITAUX PRIVES DE METZ;Lorraine;ESPIC;Oui
2013;570025254;CENTRE HOSPITALIER INTERCOMMUNAL UNI;Lorraine;CH;Oui
2013;580780039;C.H. DE L'AGGLOMÉRATION DE NEVERS;Bourgogne;CH;Oui
2013;580780138;POLYCLINIQUE DU VAL DE LOIRE;Bourgogne;Privé;Oui
2013;580780195;CLINIQUE DE COSNE-SUR-LOIRE;Bourgogne;Privé;Oui
2013;590000188;CLCC OSCAR LAMBRET LILLE;Nord Pas de Calais;CLCC;Oui
2013;590006896;POLYCLINIQUE DE LA THIERACHE;Nord Pas de Calais;Privé;Oui
2013;590008041;POLYCLINIQUE VAUBAN;Nord Pas de Calais;Privé;Oui
2013;590052056;GCS GHICL CLINIQUE STE MARIE;Nord Pas de Calais;ESPIC;Oui
2013;590780094;CENTRE LEONARD DE VINCI;Nord Pas de Calais;Privé;Oui
2013;590780193;C.H.R.U. DE LILLE;Nord Pas de Calais;CHU;Oui
2013;590780227;HÔPITAL DE SECLIN;Nord Pas de Calais;CH;Oui
2013;590780268;POLYCLINIQUE DU BOIS;Nord Pas de Calais;Privé;Oui
2013;590780284;CENTRE HOSPITALIER ST PHILIBERT;Nord Pas de Calais;ESPIC;Oui
2013;590780383;POLYCLINIQUE DE LA LOUVIERE;Nord Pas de Calais;Privé;Oui
2013;590781415;CENTRE HOSPITALIER DE DUNKERQUE;Nord Pas de Calais;CH;Oui
2013;590781803;CTRE HOSPITALIER SAMBRE-AVESNOIS;Nord Pas de Calais;CH;Oui
2013;590781902;CENTRE HOSPITALIER DE TOURCOING;Nord Pas de Calais;CH;Oui
2013;590781951;CLINIQUE DU CROISE LAROCHE  SA;Nord Pas de Calais;Privé;Non
2013;590782165;CENTRE HOSPITALIER DE DENAIN;Nord Pas de Calais;CH;Oui
2013;590782215;CENTRE HOSPITALIER VALENCIENNES;Nord Pas de Calais;CH;Oui
2013;590782298;CLINIQUE DU PARC;Nord Pas de Calais;Privé;Oui
2013;590782421;CENTRE HOSPITALIER DE ROUBAIX;Nord Pas de Calais;CH;Oui
2013;590782553;SA CLINIQUE DU PARC;Nord Pas de Calais;Privé;Oui
2013;590782637;CENTRE HOSPITALIER ARMENTIERES;Nord Pas de Calais;CH;Oui
2013;590782652;CENTRE HOSPITALIER D'HAZEBROUCK;Nord Pas de Calais;CH;Oui
2013;590783239;CENTRE HOSPITALIER DE DOUAI;Nord Pas de Calais;CH;Oui
2013;590785374;CLINIQUE TEISSIER;Nord Pas de Calais;ESPIC;Oui
2013;590788964;POLYCLINIQUE  DU  PARC;Nord Pas de Calais;Privé;Oui
2013;590797353;ES SAINT VINCENT DE PAUL - LILLE;Nord Pas de Calais;ESPIC;Oui
2013;590813176;CLINIQUE DES HETRES;Nord Pas de Calais;Privé;Oui
2013;590813382;S.A NOUVELLE CLINIQUE VILLETTE;Nord Pas de Calais;Privé;Oui
2013;590813507;POLYCLINIQUE VAL DE SAMBRE;Nord Pas de Calais;Privé;Oui
2013;590815056;CLINIQUE DE FLANDRE;Nord Pas de Calais;Privé;Oui
2013;590816310;CLINIQUE ST AME;Nord Pas de Calais;Privé;Oui
2013;590817458;CLINIQUE DE LA VICTOIRE;Nord Pas de Calais;Privé;Oui
2013;600100168;CENTRE MEDICO-CHIRURGICAL;Picardie;ESPIC;Oui
2013;600100713;CTRE HOSP DE BEAUVAIS;Picardie;CH;Oui
2013;600100721;CTRE HOSP DE COMPIEGNE;Picardie;CH;Oui
2013;600100754;POLYCLINIQUE SAINT-COME S. A.;Picardie;Privé;Oui
2013;600101984;GROUPE HOSPITALIER PUBLIC DU SUD DE;Picardie;CH;Oui
2013;600110175;CLINIQUE DU PARC SAINT LAZARE;Picardie;Privé;Oui
2013;610006421;CLINIQUE D'ALENCON;Basse Normandie;Privé;Oui
2013;610780082;CENTRE HOSPITALIER ALENCON;Basse Normandie;CH;Oui
2013;610780090;CENTRE HOSPITALIER ARGENTAN;Basse Normandie;CH;Oui
2013;610780165;CENTRE HOSPITALIER - FLERS;Basse Normandie;CH;Oui
2013;610780199;CLINIQUE ST DOMINIQUE;Basse Normandie;Privé;Oui
2013;620003350;POLYCLINIQUE RIAUMONT DE LIEVIN;Nord Pas de Calais;ESPIC;Oui
2013;620003376;POLYCLINIQUE MED CHIR D'HENIN-BEAUMO;Nord Pas de Calais;ESPIC;Oui
2013;620006049;CLINIQUE DE ST OMER;Nord Pas de Calais;Privé;Oui
2013;620025346;POLYCLINIQUE DE DIVION;Nord Pas de Calais;ESPIC;Oui
2013;620100057;CENTRE HOSPITALIER D'ARRAS;Nord Pas de Calais;CH;Oui
2013;620100099;HOPITAL PRIVE ARRAS LES BONNETTES;Nord Pas de Calais;Privé;Oui
2013;620100487;CLINIQUE DES ACACIAS;Nord Pas de Calais;Privé;Oui
2013;620100651;CTRE HOSPITALIER BETHUNE-BEUVRY;Nord Pas de Calais;CH;Oui
2013;620100685;CENTRE HOSPITALIER DE LENS;Nord Pas de Calais;CH;Oui
2013;620100735;POLYCLINIQUE DE L'ARTOIS;Nord Pas de Calais;Privé;Oui
2013;620100750;CLINIQUE AMBROISE PARE;Nord Pas de Calais;Privé;Oui
2013;620101311;CLINIQUE DES 2 CAPS;Nord Pas de Calais;Privé;Oui
2013;620101337;CENTRE HOSPITALIER DE CALAIS;Nord Pas de Calais;CH;Oui
2013;620101360;C.H. REGION DE SAINT-OMER;Nord Pas de Calais;CH;Oui
2013;620101501;POLYCLINIQUE DE BOIS-BERNARD S.A;Nord Pas de Calais;Privé;Oui
2013;620103432;CH ARRONDISSEMENT DE MONTREUIL;Nord Pas de Calais;CH;Oui
2013;620103440;CH BOULOGNE-SUR-MER;Nord Pas de Calais;CH;Oui
2013;620106088;CLINIQUE MEDICO CHIRURGICALE;Nord Pas de Calais;Privé;Oui
2013;620118513;CENTRE MCO COTE D'OPALE;Nord Pas de Calais;Privé;Oui
2013;630000479;CENTRE REGIONAL JEAN PERRIN;Auvergne;CLCC;Oui
2013;630780211;POLE SANTE REPUBLIQUE - CLERMONT;Auvergne;Privé;Oui
2013;630780369;CL DE LA PLAINE - CLERMONT;Auvergne;Privé;Oui
2013;630780989;C.H.U. CLERMONT-FERRAND;Auvergne;CHU;Oui
2013;630781029;CENTRE HOSPITALIER THIERS;Auvergne;CH;Oui
2013;630781839;CL CHATAIGNERAIE - BEAUMONT;Auvergne;Privé;Oui
2013;640780417;CENTRE HOSPITALIER COTE BASQUE;Aquitaine;CH;Oui
2013;640780433;CLINIQUE SAINT ETIENNE;Aquitaine;Privé;Oui
2013;640780482;CLINIQUE LAFOURCADE;Aquitaine;Privé;Oui
2013;640780490;POLYCLINIQUE AGUILERA;Aquitaine;Privé;Oui
2013;640780748;POLYCLINIQUE COTE BASQUE SUD;Aquitaine;Privé;Oui
2013;640780789;CLINIQUE CHIRURGICALE PAULMY;Aquitaine;Privé;Oui
2013;640780821;CENTRE HOSPITALIER OLORON;Aquitaine;CH;Oui
2013;640780938;CLINIQUE CHIRURGICALE MARZET;Aquitaine;Privé;Oui
2013;640780946;POLYCLINIQUE DE NAVARRE;Aquitaine;Privé;Oui
2013;640780987;CLINIQUE D'ORTHEZ;Aquitaine;Privé;Oui
2013;640781290;CENTRE HOSPITALIER PAU;Aquitaine;CH;Oui
2013;650002579;CLINIQUE ORMEAU PYRENEES;Midi Pyrénées;Privé;Oui
2013;650780158;CH LOURDES;Midi Pyrénées;CH;Oui
2013;650780679;POLYCLINIQUE DE L ORMEAU;Midi Pyrénées;Privé;Oui
2013;650783160;CH DE BIGORRE;Midi Pyrénées;CH;Oui
2013;660006305;LA CLINIQUE MUTUALISTE CATALANE;Languedoc Roussill;Privé;Oui
2013;660780180;CH PERPIGNAN;Languedoc Roussill;CH;Oui
2013;660780776;CLINIQUE SAINT MICHEL;Languedoc Roussill;Privé;Oui
2013;660780784;CLINIQUE SAINT PIERRE;Languedoc Roussill;Privé;Oui
2013;660790387;POLYCLINIQUE SAINT ROCH;Languedoc Roussill;Privé;Oui
2013;670000033;C.R.L.C.C. PAUL STRAUSS DE STRASBOUR;Alsace;CLCC;Oui
2013;670000082;CLINIQUE ADASSA DE STRASBOURG;Alsace;ESPIC;Oui
2013;670016237;CLINIQUE SAINTE ODILE STRASBOURG;Alsace;Privé;Oui
2013;670780055;HOPITAUX UNIVERSITAIRES DE STRASBOUR;Alsace;CHU;Oui
2013;670780162;ETS DES DIACONESSES STRASBOURG;Alsace;Privé;Oui
2013;670780170;CLINIQUE DE L'ORANGERIE STRASB.;Alsace;Privé;Oui
2013;670780188;CLINIQUE SAINTE-BARBE - GHSV;Alsace;ESPIC;Oui
2013;670780337;CENTRE HOSPITALIER DE HAGUENAU;Alsace;CH;Oui
2013;670780345;CENTRE HOSPITALIER DE SAVERNE;Alsace;CH;Oui
2013;670780378;CLINIQUE SAINT-FRANCOIS HAGUENAU;Alsace;Privé;Oui
2013;670780386;CLINIQUE SAINTE ODILE HAGUENAU;Alsace;Privé;Oui
2013;670780691;CENTRE HOSPITALIER DE SELESTAT;Alsace;CH;Oui
2013;680000197;POLYCLIN. 3 FRONTIERES ST-LOUIS;Alsace;Privé;Oui
2013;680000320;CLINIQUE DIACONAT FONDERIE;Alsace;Privé;Oui
2013;680000486;CENTRE HOSPITALIER DE MULHOUSE;Alsace;CH;Oui
2013;680000494;CLINIQUE DIACONAT ROOSEVELT;Alsace;Privé;Oui
2013;680000973;CENTRE HOSPITALIER DE COLMAR;Alsace;CH;Oui
2013;680001195;GROUPE HOSPITALIER PRIVE CENTRE ALSA;Alsace;ESPIC;Oui
2013;690000880;CENTRE LEON BERARD;Rhône Alpes;CLCC;Oui
2013;690022959;HOP PRIVE MERE ENFANT NATECIA;Rhône Alpes;Privé;Oui
2013;690023411;HOPITAL PRIVE JEAN MERMOZ;Rhône Alpes;Privé;Oui
2013;690780093;HÔPITAL D'INSTRUCTION DES ARMÉES DES;Service de santé d;CH;Oui
2013;690780358;CLINIQUE DU VAL D'OUEST-VENDOME;Rhône Alpes;Privé;Oui
2013;690780366;CLINIQUE CHARCOT;Rhône Alpes;Privé;Oui
2013;690780382;CLINIQUE DU GRAND LARGE;Rhône Alpes;Privé;Oui
2013;690780390;POLYCLINIQUE DE RILLIEUX;Rhône Alpes;Privé;Oui
2013;690780416;"GPE HOSP MUT ""LES PORTES DU SUD""";Rhône Alpes;ESPIC;Oui
2013;690780648;CLINIQUE DE LA SAUVEGARDE;Rhône Alpes;Privé;Oui
2013;690780655;HÔPITAL PRIVE DE L'EST LYONNAIS;Rhône Alpes;Privé;Oui
2013;690780663;CLINIQUE TRENEL;Rhône Alpes;Privé;Oui
2013;690781836;CLINIQUE MUTUALISTE EUGENE ANDRE;Rhône Alpes;ESPIC;Oui
2013;690782222;HOPITAL NORD OUEST - VILLEFRANCHE;Rhône Alpes;CH;Oui
2013;690782834;CLINIQUE DU TONKIN;Rhône Alpes;Privé;Oui
2013;690783154;HOPITAL EDOUARD HERRIOT;Rhône Alpes;CHU;Oui
2013;690784137;CH LYON SUD;Rhône Alpes;CHU;Oui
2013;690784152;HOPITAL DE LA CROIX-ROUSSE;Rhône Alpes;CHU;Oui
2013;690784178;HOPITAL NEURO PIERRE WERTHEIMER;Rhône Alpes;CHU;Oui
2013;690793468;INFIRMERIE PROTESTANTE DE LYON;Rhône Alpes;Privé;Oui
2013;690805361;CENTRE HOSPITALIER  ST JOSEPH ST LUC;Rhône Alpes;ESPIC;Oui
2013;690807367;POLYCLINIQUE DU BEAUJOLAIS;Rhône Alpes;Privé;Oui
2013;700004591;CHI DE LA HAUTE-SAÔNE;Franche Comté;CH;Oui
2013;710006859;POLYCLINIQUE DU VAL DE SAONE;Bourgogne;Privé;Oui
2013;710780263;"C.H.G. ""LES CHANAUX""";Bourgogne;CH;Oui
2013;710780644;CENTRE HOSPITALIER DE PARAY;Bourgogne;CH;Oui
2013;710780917;SA CLINIQUE SAINTE MARIE;Bourgogne;Privé;Oui
2013;710780958;CENTRE HOSPITALIER WILLIAM MOREY;Bourgogne;CH;Oui
2013;710976705;SIH CH MONTCEAU-LES-MINES;Bourgogne;CH;Oui
2013;710978347;HOTEL-DIEU DU CREUSOT;Bourgogne;ESPIC;Oui
2013;720000025;CENTRE HOSPITALIER LE MANS;Pays de la Loire;CH;Oui
2013;720000199;SA CLINIQUE CHIR. LE PRE-PASTEUR;Pays de la Loire;Privé;Oui
2013;720000231;CLINIQUE DU TERTRE ROUGE;Pays de la Loire;Privé;Oui
2013;720000249;CLINIQUE VICTOR HUGO;Pays de la Loire;Privé;Oui
2013;720016724;POLE SANTE SARTHE ET LOIR;Pays de la Loire;CH;Oui
2013;720017748;POLE SANTE SUD SITE CMCM;Pays de la Loire;Privé;Oui
2013;730000015;CENTRE HOSPITALIER CHAMBERY;Rhône Alpes;CH;Oui
2013;730002839;C.H.I. ALBERTVILLE MOUTIERS;Rhône Alpes;CH;Oui
2013;730004298;HOPITAL PRIVE MEDIPOLE DE SAVOIE;Rhône Alpes;Privé;Oui
2013;730780111;CENTRE HOSPITALIER  AIX LES BAINS;Rhône Alpes;CH;Oui
2013;740001839;CHI DES HOPITAUX DU PAYS DU MONT BLA;Rhône Alpes;CH;Oui
2013;740014345;HOPITAL PRIVE PAYS DE SAVOIE;Rhône Alpes;Privé;Oui
2013;740780192;CENTRE MEDICAL DE PRAZ COUTANT;Rhône Alpes;ESPIC;Oui
2013;740780416;CLINIQUE DU LAC ET D'ARGONAY;Rhône Alpes;Privé;Oui
2013;740780424;CLINIQUE GENERALE ANNECY;Rhône Alpes;Privé;Oui
2013;740781133;CH ANNECY-GENEVOIS;Rhône Alpes;CH;Oui
2013;740781216;CHI SUD LEMAN VALSERINE;Rhône Alpes;CH;Oui
2013;740790258;CENTRE HOSPITALIER ALPES-LEMAN;Rhône Alpes;CH;Oui
2013;740790381;C.H.I. DU LEMAN;Rhône Alpes;CH;Oui
2013;750000523;GROUPE HOSPITALIER PARIS SAINT-JOSEP;Ile de France;ESPIC;Oui
2013;750000549;FONDATION OPHTALMOLOGIQUE ROTHSCHILD;Ile de France;ESPIC;Oui
2013;750006728;GROUPE HOSPITALIER DIACONESSES-CROIX;Ile de France;ESPIC;Oui
2013;750100042;GROUPE HOSPITALIER  LARIBOISIERE/F.;Ile de France;CHU;Oui
2013;750100075;HOPITAL SAINT-LOUIS;Ile de France;CHU;Oui
2013;750100091;HOPITAL SAINT-ANTOINE;Ile de France;CHU;Oui
2013;750100109;HOPITAL TROUSSEAU;Ile de France;CHU;Oui
2013;750100125;GROUPE HOSPITALIER  PITIE-SALPETRIER;Ile de France;CHU;Oui
2013;750100166;HOPITAL COCHIN/ST VINCENT DE PAUL;Ile de France;CHU;Oui
2013;750100208;HOPITAL NECKER ENFANTS MALADES;Ile de France;CHU;Oui
2013;750100232;GIH BICHAT/CLAUDE BERNARD;Ile de France;CHU;Oui
2013;750100273;HOPITAL TENON;Ile de France;CHU;Oui
2013;750110025;CNO QUINZE VINGTS;Ile de France;CH;Oui
2013;750120016;HÔPITAL D'INSTRUCTION DES ARMÉES DU;Service de santé d;CH;Oui
2013;750140014;CENTRE HOSPITALIER SAINTE-ANNE;Ile de France;CH;Oui
2013;750150104;INSTITUT MUTUALISTE MONTSOURIS;Ile de France;ESPIC;Oui
2013;750160012;INSTITUT CURIE;Ile de France;CLCC;Oui
2013;750300014;SA CLINIQUE DU LOUVRE;Ile de France;Privé;Oui
2013;750300071;CLINIQUE GEOFFROY ST HILAIRE;Ile de France;Privé;Oui
2013;750300121;MAISON SANTE ST JEAN DE DIEU;Ile de France;Privé;Oui
2013;750300154;CLINIQUE TURIN;Ile de France;Privé;Oui
2013;750300360;HOPITAL DES PEUPLIERS CRF;Ile de France;Privé;Oui
2013;750300493;CLINIQUE ARAGO;Ile de France;Privé;Oui
2013;750300550;CLINIQUE SAINTE GENEVIEVE;Ile de France;Privé;Oui
2013;750300592;CLINIQUE BLOMET;Ile de France;Privé;Oui
2013;750300766;CLINIQUE BIZET;Ile de France;Privé;Oui
2013;750300840;CLINIQUE DE LA MUETTE;Ile de France;Privé;Oui
2013;750300881;CLINIQUE DU TROCADERO;Ile de France;Privé;Oui
2013;750300915;CLINIQUE INTERNATIONALE PARC MONCEAU;Ile de France;Privé;Oui
2013;750301137;CLINIQUE ALLERAY LABROUSTE;Ile de France;Privé;Oui
2013;750301145;CLINIQUE DU MONT LOUIS;Ile de France;Privé;Oui
2013;750803447;HOPITAL EUROPEEN G. POMPIDOU/BROUSSA;Ile de France;CHU;Oui
2013;750803454;HOPITAL ROBERT DEBRE;Ile de France;CHU;Oui
2013;760000166;CRLCC HENRI BECQUEREL;Haute Normandie;CLCC;Oui
2013;760021329;HOPITAL PRIVE DE L'ESTUAIRE;Haute Normandie;Privé;Oui
2013;760024042;CHI ELBEUF LOUVIERS;Haute Normandie;CH;Oui
2013;760025312;CLINIQUE MATHILDE;Haute Normandie;Privé;Oui
2013;760027292;POLYCLINIQUE MEGIVAL;Haute Normandie;Privé;Oui
2013;760780023;CENTRE HOSPITALIER DE DIEPPE;Haute Normandie;CH;Oui
2013;760780197;CLINIQUE LES AUBEPINES;Haute Normandie;Privé;Oui
2013;760780205;CLINIQUE SAINT ANTOINE;Haute Normandie;Privé;Oui
2013;760780239;C H U ROUEN;Haute Normandie;CHU;Oui
2013;760780510;CLINIQUE DU CEDRE;Haute Normandie;Privé;Oui
2013;760780619;CLINIQUE SAINT HILAIRE;Haute Normandie;Privé;Oui
2013;760780726;CH DU HAVRE;Haute Normandie;CH;Oui
2013;760780783;CLINIQUE TOUS VENTS;Haute Normandie;Privé;Oui
2013;760780791;CLINIQUE DES ORMEAUX;Haute Normandie;Privé;Oui
2013;760780825;CLINIQUE DE L'ABBAYE;Haute Normandie;Privé;Oui
2013;760921809;CLINIQUE DE L'EUROPE;Haute Normandie;Privé;Oui
2013;770110013;CH DE COULOMMIERS;Ile de France;CH;Oui
2013;770110021;CH DE FONTAINEBLEAU;Ile de France;CH;Oui
2013;770110054;CH DE MELUN;Ile de France;CH;Oui
2013;770110062;CENTRE HOSPITALIER DE MONTEREAU;Ile de France;CH;Oui
2013;770150019;CENTRE MEDICAL DE FORCILLES;Ile de France;ESPIC;Oui
2013;770170017;CH  MARNE LA VALLEE;Ile de France;CH;Oui
2013;770300010;CLINIQUE CHANTEREINE;Ile de France;Privé;Oui
2013;770300143;POLYCLINIQUE SAINT JEAN;Ile de France;Privé;Oui
2013;770300192;CLINIQUE ST BRICE;Ile de France;Privé;Oui
2013;770300275;POLYCLINIQUE DE LA FORET;Ile de France;Privé;Oui
2013;770300283;CLINIQUE CHIRURGICALE   ERMITAGE;Ile de France;Privé;Oui
2013;770700185;CH DE MEAUX;Ile de France;CH;Oui
2013;770790707;CLINIQUE DE TOURNAN;Ile de France;Privé;Oui
2013;770813400;CLINIQUE SAINT FARON;Ile de France;Privé;Oui
2013;780000436;CH DES COURSES;Ile de France;ESPIC;Oui
2013;780001236;CHI DE POISSY ST-GERMAIN;Ile de France;CH;Oui
2013;780002697;CHI DE MEULAN LES MUREAUX;Ile de France;CH;Oui
2013;780018727;CLINIQUE SAINT GERMAIN;Ile de France;Privé;Oui
2013;780110011;CH DE MANTES LA JOLIE;Ile de France;CH;Oui
2013;780110052;CH DE RAMBOUILLET;Ile de France;CH;Oui
2013;780110078;CH DE VERSAILLES;Ile de France;CH;Oui
2013;780150066;CLINIQUE MEDICALE PORTE VERTE;Ile de France;ESPIC;Oui
2013;780300125;POLYCLINIQUE LA REGION MANTAISE;Ile de France;Privé;Oui
2013;780300208;CLINIQUE SAINT LOUIS;Ile de France;Privé;Oui
2013;780300323;CLINIQUE DES FRANCISCAINES;Ile de France;Privé;Oui
2013;780300364;CLINIQUE DU CHATEAU DE LA MAYE;Ile de France;Privé;Oui
2013;780300406;CTRE MEDICO CHIRUR. DE PARLY II;Ile de France;Privé;Oui
2013;780300414;CTRE MEDICO-CHIRURGICAL EUROPE;Ile de France;Privé;Oui
2013;780300422;HOPITAL PRIVE OUEST;Ile de France;Privé;Oui
2013;790000012;CENTRE HOSPITALIER DE NIORT;Poitou Charentes;CH;Oui
2013;790006654;CTRE HOSPIT. NORD DEUX-SEVRES;Poitou Charentes;CH;Oui
2013;790009948;POLYCLINIQUE INKERMANN;Poitou Charentes;Privé;Oui
2013;800000028;CTRE HOSP D'ABBEVILLE;Picardie;CH;Oui
2013;800000044;C.H.U. D'AMIENS;Picardie;CHU;Oui
2013;800002503;SA SAINTE ISABELLE;Picardie;Privé;Oui
2013;800009466;POLYCLINIQUE DE PICARDIE;Picardie;Privé;Oui
2013;800009920;SA CLINIQUE VICTOR PAUCHET;Picardie;Privé;Oui
2013;800013179;SAS CLINIQUE DE L'EUROPE;Picardie;Privé;Oui
2013;810000224;CMCO CLAUDE BERNARD;Midi Pyrénées;Privé;Oui
2013;810000331;CH ALBI;Midi Pyrénées;CH;Oui
2013;810000380;CHIC CASTRES-MAZAMET;Midi Pyrénées;CH;Oui
2013;810101170;CLINIQUE TOULOUSE LAUTREC;Midi Pyrénées;Privé;Oui
2013;810101444;CLINIQUE DU SIDOBRE;Midi Pyrénées;Privé;Oui
2013;820000016;CH MONTAUBAN;Midi Pyrénées;CH;Oui
2013;820000040;CLINIQUE CROIX SAINT MICHEL;Midi Pyrénées;Privé;Oui
2013;820000057;CLINIQUE DU PONT DE CHAUME;Midi Pyrénées;Privé;Oui
2013;820000065;CLINIQUE DU DOCTEUR CAVE;Midi Pyrénées;Privé;Oui
2013;830100103;CLINIQUE STE MARGUERITE;PACA;Privé;Oui
2013;830100251;CLINIQUE DU CAP D'OR;PACA;Privé;Oui
2013;830100319;POLYCLINIQUE LES FLEURS;PACA;Privé;Oui
2013;830100327;CLINIQUE LES LAURIERS;PACA;Privé;Oui
2013;830100368;CLINIQUE CHIRURGICALE DU GOLFE DE SA;PACA;Privé;Oui
2013;830100392;POLYCLINIQUE NOTRE DAME;PACA;Privé;Oui
2013;830100418;CLINIQUE NOTRE DAME DE LA MERCI;PACA;Privé;Oui
2013;830100434;CLINIQUE SAINT JEAN;PACA;Privé;Oui
2013;830100459;CLINIQUE SAINT MICHEL;PACA;Privé;Oui
2013;830100517;CH DE BRIGNOLES;PACA;CH;Oui
2013;830100525;CH DE DRAGUIGNAN;PACA;CH;Oui
2013;830100533;CH DE  HYERES;PACA;CH;Oui
2013;830100566;CHI FREJUS;PACA;CH;Oui
2013;830100574;HÔPITAL D'INSTRUCTION DES ARMÉES SAI;Service de santé d;CH;Oui
2013;830100616;CHI TOULON;PACA;CH;Oui
2013;830200523;POLYCLINIQUE HENRI MALARTIC;PACA;ESPIC;Oui
2013;840000087;CH LOUIS GIORGI D'ORANGE;PACA;CH;Oui
2013;840000285;POLYCLINIQUE URBAIN V;PACA;Privé;Oui
2013;840000350;CLINIQUE SAINTE CATHERINE;PACA;ESPIC;Oui
2013;840000400;CENTRE CHIRURGICAL ST ROCH;PACA;Privé;Oui
2013;840006597;CH HENRI DUFFAUT AVIGNON;PACA;CH;Oui
2013;840013270;CLINIQUE DE PROVENCE;PACA;Privé;Oui
2013;840013312;CLINIQUE RHONE DURANCE;PACA;Privé;Oui
2013;840017172;SYNERGIA POLYCLINIQUE;PACA;Privé;Oui
2013;850000019;CENTRE HOSPITALIER LA ROCHE/YON - MO;Pays de la Loire;CH;Oui
2013;850000084;CTRE HOSPITALIER LES SABLES D'O.;Pays de la Loire;CH;Oui
2013;850000118;CLINIQUE SAINT CHARLES;Pays de la Loire;Privé;Oui
2013;850000126;CLINIQUE SUD VENDEE;Pays de la Loire;Privé;Non
2013;850000134;CLINIQUE CHIRURGICALE PORTE OCEANE;Pays de la Loire;Privé;Oui
2013;850009010;CHI LOIRE VENDEE OCEAN;Pays de la Loire;CH;Oui
2013;860010321;POLYCLINIQUE DE POITIERS;Poitou Charentes;Privé;Oui
2013;860013077;CTRE HOSP. UNIVERSITAIRE DE POITIERS;Poitou Charentes;CHU;Oui
2013;860780063;CH CHATELLERAULT;Poitou Charentes;CH;Oui
2013;860780311;CLINIQUE DE CHATELLERAULT;Poitou Charentes;Privé;Oui
2013;860780568;CLINIQUE FIEF DE GRIMOIRE;Poitou Charentes;Privé;Oui
2013;870000015;CHU  LIMOGES;Limousin;CHU;Oui
2013;870000023;CENTRE HOSPITALIER  ST JUNIEN;Limousin;CH;Oui
2013;870000288;CLINIQUE FRANÇOIS CHENIEUX;Limousin;Privé;Oui
2013;870000411;CLINIQUE DES EMAILLEURS;Limousin;Privé;Oui
2013;870002060;CLINIQUE DU COLOMBIER;Limousin;Privé;Oui
2013;880007059;CHI EMILE DURKHEIM EPINAL;Lorraine;CH;Oui
2013;880780077;CENTRE HOSPITALIER - SAINT DIE;Lorraine;CH;Oui
2013;880780093;CENTRE HOSPITALIER - REMIREMONT;Lorraine;CH;Oui
2013;880788591;POLYCLINIQUE LA LIGNE BLEUE;Lorraine;Privé;Oui
2013;890000037;CH AUXERRE;Bourgogne;CH;Oui
2013;890000169;CLINIQUE PAUL PIQUET;Bourgogne;Privé;Oui
2013;890002389;POLYCLINIQUE STE MARGUERITE;Bourgogne;Privé;Oui
2013;890970569;CENTRE HOSPITALIER SENS;Bourgogne;CH;Oui
2013;900000035;S.A CLINIQUE LA MIOTTE;Franche Comté;Privé;Oui
2013;900000365;CH de Belfort-Montbelliard;Franche Comté;CH;Oui
2013;910002773;CH SUD-FRANCILIEN;Ile de France;CH;Oui
2013;910019447;CHI SUD ESSONNE-DOURDAN-ETAMPES;Ile de France;CH;Oui
2013;910110055;CH DE LONGJUMEAU;Ile de France;CH;Oui
2013;910110063;CH D'ORSAY;Ile de France;CH;Oui
2013;910150028;CENTRE MEDICAL DE BLIGNY;Ile de France;ESPIC;Oui
2013;910300011;CLINIQUE DES CHARMILLES;Ile de France;Privé;Oui
2013;910300144;CTRE  MEDICO-CHIRURGICAL ET OBST;Ile de France;Privé;Oui
2013;910300177;CLINIQUE DE L'YVETTE;Ile de France;Privé;Oui
2013;910300219;INSTITUT HOSP. JACQUES CARTIER;Ile de France;Privé;Oui
2013;910300300;HOPITAL PRIVE DU VAL D'YERRES;Ile de France;Privé;Oui
2013;910300326;CLINIQUE PASTEUR;Ile de France;Privé;Oui
2013;910300359;CLINIQUE CARON;Ile de France;Privé;Oui
2013;910803543;C.H.P CLAUDE GALIEN;Ile de France;Privé;Oui
2013;910805357;CLINIQUE DE L ESSONNE;Ile de France;Privé;Oui
2013;920000643;INSTITUT HOSPITALIER FRANCO-BRITANIQ;Ile de France;ESPIC;Oui
2013;920000650;CENTRE MEDICO CHIRURGICAL FOCH;Ile de France;ESPIC;Oui
2013;920000684;CENTRE CHIRURGICAL MARIE LANNELONGUE;Ile de France;ESPIC;Oui
2013;920008539;HOPITAL AMERICAIN 2;Ile de France;Privé;Non
2013;920100013;HOPITAL AMBROISE PARE;Ile de France;CHU;Oui
2013;920100021;HOPITAL ANTOINE BECLERE;Ile de France;CHU;Oui
2013;920100039;HOPITAL BEAUJON;Ile de France;CHU;Oui
2013;920100047;HOPITAL LOUIS MOURIER;Ile de France;CHU;Oui
2013;920100054;HOPITAL RAYMOND POINCARE;Ile de France;CHU;Oui
2013;920110020;CASH DE NANTERRE;Ile de France;CH;Oui
2013;920120011;HÔPITAL D'INSTRUCTION DES ARMÉES PER;Service de santé d;CH;Oui
2013;920300043;HOPITAL PRIVE D ANTONY;Ile de France;Privé;Oui
2013;920300183;CENTRE CHIRURGICAL DES PRINCES;Ile de France;Privé;Oui
2013;920300191;C.C.B.B. MARCEL SEMBAT;Ile de France;Privé;Oui
2013;920300365;CLINIQUE  LA MONTAGNE;Ile de France;Privé;Oui
2013;920300415;CLINIQUE LAMBERT;Ile de France;Privé;Oui
2013;920300597;CLINIQUE DE MEUDON LA FORET;Ile de France;Privé;Oui
2013;920300753;CENTRE CHIRURGICAL AMBROISE PARE;Ile de France;Privé;Oui
2013;920300936;CENTRE CHIRURGICAL VAL D'OR;Ile de France;Privé;Oui
2013;920301033;CLINIQUE DE LA PORTE DE ST CLOUD;Ile de France;Privé;Oui
2013;930021480;GHI LE RAINCY-MONTFERMEIL;Ile de France;CH;Oui
2013;930100037;HOPITAL AVICENNE;Ile de France;CHU;Oui
2013;930100045;HOPITAL JEAN VERDIER;Ile de France;CHU;Oui
2013;930110036;CHI DE MONTREUIL;Ile de France;CH;Oui
2013;930110051;CH DE ST DENIS;Ile de France;CH;Oui
2013;930110069;CH D'AULNAY;Ile de France;CH;Oui
2013;930300025;HOPITAL EUROPEEN DE PARIS;Ile de France;Privé;Oui
2013;930300066;HOPITAL PRIVE DE L'EST PARISIEN;Ile de France;Privé;Oui
2013;930300082;CENTRE CHIRURGICAL FLOREAL;Ile de France;Privé;Oui
2013;930300116;HOPITAL PRIVE DE SEINE ST DENIS;Ile de France;Privé;Oui
2013;930300298;POLYCLINIQUE VAUBAN;Ile de France;Privé;Oui
2013;930300504;CLINIQUE HOFFMANN;Ile de France;Privé;Oui
2013;930300553;CLINIQUE DE L'ESTREE;Ile de France;Privé;Oui
2013;930300595;CLINIQUE DU VERT GALANT;Ile de France;Privé;Oui
2013;930300645;CENTRE CARDIOLOGIQUE DU NORD;Ile de France;Privé;Oui
2013;940000649;HOPITAL SAINT-CAMILLE;Ile de France;ESPIC;Oui
2013;940000656;CTRE HOSP.EN PNEUMOLOGIE CHEVILLY;Ile de France;ESPIC;Oui
2013;940000664;INSTITUT GUSTAVE ROUSSY;Ile de France;CLCC;Oui
2013;940006679;HÔPITAL PRIVÉ DE MARNE-LA-VALLÉE;Ile de France;Privé;Oui
2013;940100027;HOPITAL HENRI MONDOR;Ile de France;CHU;Oui
2013;940100043;HOPITAL DE BICETRE;Ile de France;CHU;Oui
2013;940100068;HOPITAL PAUL BROUSSE;Ile de France;CHU;Oui
2013;940110018;CHI DE CRETEIL;Ile de France;CH;Oui
2013;940110042;CHI DE VILLENEUVE ST GEORGES;Ile de France;CH;Oui
2013;940120017;HÔPITAL D'INSTRUCTION DES ARMÉES BEG;Service de santé d;CH;Oui
2013;940300031;HOPITAL PRIVE PAUL D'EGINE;Ile de France;Privé;Oui
2013;940300270;HOPITAL PRIVE ARMAND BRILLARD;Ile de France;Privé;Oui
2013;940300379;CLINIQUE GASTON METIVET;Ile de France;Privé;Oui
2013;940300445;HOPITAL PRIVE DE THIAIS;Ile de France;Privé;Oui
2013;940300494;POLYCL. DE VILLENEUVE ST GEORGES;Ile de France;Privé;Oui
2013;940300569;CLINIQUE CHIRURGICALE DE VITRY;Ile de France;Privé;Oui
2013;940813033;CLINIQUE DE BERCY;Ile de France;Privé;Oui
2013;950013870;CHI D'EAUBONNE-MONTMORENCY;Ile de France;CH;Oui
2013;950110015;CH D'ARGENTEUIL;Ile de France;CH;Oui
2013;950110049;CH DE GONESSE;Ile de France;CH;Oui
2013;950110080;CH DE PONTOISE;Ile de France;CH;Oui
2013;950300202;CLINIQUE CONTI;Ile de France;Privé;Oui
2013;950300244;CLINIQUE SAINTE MARIE;Ile de France;Privé;Oui
2013;950300277;HOPITAL PRIVE NORD PARISIEN;Ile de France;Privé;Oui
2013;950807982;CLINIQUE CLAUDE BERNARD;Ile de France;Privé;Oui
2013;970100178;CENTRE HOSPITALIER DE LA BASSE TERRE;Guadeloupe;CH;Oui
2013;970100228;C.H.U. DE POINTE-A-PITRE/ABYMES;Guadeloupe;CHU;Oui
2013;970107249;CLINIQUE LES EAUX CLAIRES;Guadeloupe;Privé;Oui
2013;970111662;GGCO (SITE CLINIQUE LES EAUX CLAIRES;Guadeloupe;Privé;Non
2013;970202313;CLINIQUE SAINT PAUL;Martinique;Privé;Oui
2013;970202321;S. A.  CLINIQUE SAINTE MARIE;Martinique;Privé;Oui
2013;970211207;CHU DE MARTINIQUE;Martinique;CHU;Oui
2013;970302022;CH CAYENNE;Guyane;CH;Oui
2013;970403606;GROUPE HOSPITALIER EST REUNION;Océan Indien;CH;Oui
2013;970408589;CENTRE HOSPITALIER REGIONAL REUNION;Océan Indien;CHU;Oui
2013;970421038;CENTRE HOSPITALIER GABRIEL MARTIN;Océan Indien;CH;Oui
2013;970462073;CLINIQUE DURIEUX;Océan Indien;Privé;Oui
2013;970462081;CLINIQUE DES ORCHIDÉES;Océan Indien;Privé;Oui
2013;970462107;CLINIQUE SAINTE CLOTILDE;Océan Indien;Privé;Oui
